date,close
1726556400,2309.71
1726560000,2309.55
1726563600,2314.72
1726567200,2316.23
1726570800,2308.98
1726574400,2320.87
1726578000,2306.22
1726581600,2346.65
1726585200,2384.28
1726588800,2370.74
1726592400,2366.48
1726596000,2350.73
1726599600,2351.30
1726603200,2345.34
1726606800,2347.76
1726610400,2339.34
1726614000,2341.73
1726617600,2324.89
1726621200,2324.39
1726624800,2331.99
1726628400,2335.66
1726632000,2322.04
1726635600,2320.86
1726639200,2327.53
1726642800,2330.85
1726646400,2320.97
1726650000,2298.87
1726653600,2306.43
1726657200,2301.70
1726660800,2312.47
1726664400,2294.65
1726668000,2297.32
1726671600,2298.84
1726675200,2307.28
1726678800,2309.22
1726682400,2335.91
1726686000,2314.20
1726689600,2326.34
1726693200,2333.47
1726696800,2340.37
1726700400,2369.37
1726704000,2398.97
1726707600,2390.02
1726711200,2398.50
1726714800,2404.07
1726718400,2416.61
1726722000,2412.23
1726725600,2418.21
1726729200,2437.30
1726732800,2432.43
1726736400,2431.15
1726740000,2427.49
1726743600,2437.18
1726747200,2435.47
1726750800,2433.96
1726754400,2427.99
1726758000,2440.16
1726761600,2470.93
1726765200,2476.81
1726768800,2475.35
1726772400,2463.10
1726776000,2466.75
1726779600,2463.87
1726783200,2473.45
1726786800,2464.78
1726790400,2448.85
1726794000,2453.59
1726797600,2455.24
1726801200,2507.29
1726804800,2539.34
1726808400,2543.94
1726812000,2562.91
1726815600,2562.58
1726819200,2546.11
1726822800,2543.12
1726826400,2554.71
1726830000,2545.20
1726833600,2553.27
1726837200,2529.71
1726840800,2546.40
1726844400,2560.87
1726848000,2552.25
1726851600,2535.55
1726855200,2544.61
1726858800,2542.05
1726862400,2541.09
1726866000,2546.09
1726869600,2550.54
1726873200,2560.88
1726876800,2570.18
1726880400,2544.58
1726884000,2543.19
1726887600,2545.02
1726891200,2538.44
1726894800,2544.12
1726898400,2548.62
1726902000,2555.74
1726905600,2549.74
1726909200,2552.84
1726912800,2546.26
1726916400,2557.21
1726920000,2561.45
1726923600,2570.61
1726927200,2567.43
1726930800,2560.89
1726934400,2560.70
1726938000,2569.55
1726941600,2570.18
1726945200,2571.03
1726948800,2567.19
1726952400,2563.30
1726956000,2576.33
1726959600,2615.51
1726963200,2621.32
1726966800,2602.70
1726970400,2595.40
1726974000,2596.37
1726977600,2600.73
1726981200,2583.30
1726984800,2581.46
1726988400,2588.54
1726992000,2594.72
1726995600,2581.17
1726999200,2581.23
1727002800,2583.51
1727006400,2581.60
1727010000,2572.36
1727013600,2562.87
1727017200,2572.35
1727020800,2573.14
1727024400,2587.45
1727028000,2580.28
1727031600,2581.50
1727035200,2573.33
1727038800,2558.21
1727042400,2592.87
1727046000,2582.85
1727049600,2597.20
1727053200,2610.29
1727056800,2633.99
1727060400,2673.53
1727064000,2663.43
1727067600,2658.03
1727071200,2656.15
1727074800,2644.53
1727078400,2645.91
1727082000,2656.44
1727085600,2650.23
1727089200,2645.11
1727092800,2645.93
1727096400,2643.94
1727100000,2660.51
1727103600,2679.55
1727107200,2665.25
1727110800,2668.27
1727114400,2682.19
1727118000,2670.12
1727121600,2664.35
1727125200,2654.80
1727128800,2646.93
1727132400,2648.48
1727136000,2631.58
1727139600,2630.28
1727143200,2620.23
1727146800,2625.79
1727150400,2622.23
1727154000,2632.11
1727157600,2638.80
1727161200,2646.65
1727164800,2664.94
1727168400,2644.85
1727172000,2649.05
1727175600,2636.28
1727179200,2632.40
1727182800,2638.35
1727186400,2614.52
1727190000,2613.18
1727193600,2629.17
1727197200,2649.37
1727200800,2638.64
1727204400,2650.89
1727208000,2650.85
1727211600,2647.86
1727215200,2668.92
1727218800,2654.36
1727222400,2639.47
1727226000,2653.76
1727229600,2648.22
1727233200,2646.26
1727236800,2626.52
1727240400,2624.74
1727244000,2617.81
1727247600,2624.02
1727251200,2624.90
1727254800,2620.41
1727258400,2621.27
1727262000,2627.37
1727265600,2619.91
1727269200,2618.02
1727272800,2625.77
1727276400,2600.02
1727280000,2599.90
1727283600,2575.45
1727287200,2581.01
1727290800,2573.59
1727294400,2579.55
1727298000,2581.77
1727301600,2571.63
1727305200,2579.22
1727308800,2571.93
1727312400,2586.11
1727316000,2596.46
1727319600,2601.05
1727323200,2596.09
1727326800,2611.28
1727330400,2615.65
1727334000,2631.88
1727337600,2619.52
1727341200,2618.90
1727344800,2628.69
1727348400,2628.09
1727352000,2631.56
1727355600,2618.97
1727359200,2620.35
1727362800,2654.03
1727366400,2654.57
1727370000,2631.50
1727373600,2656.60
1727377200,2649.55
1727380800,2633.71
1727384400,2639.18
1727388000,2636.66
1727391600,2632.24
1727395200,2640.51
1727398800,2627.04
1727402400,2619.30
1727406000,2638.07
1727409600,2645.76
1727413200,2654.34
1727416800,2655.90
1727420400,2660.19
1727424000,2666.70
1727427600,2664.47
1727431200,2643.78
1727434800,2652.75
1727438400,2658.97
1727442000,2661.00
1727445600,2684.04
1727449200,2685.02
1727452800,2719.03
1727456400,2700.22
1727460000,2699.98
1727463600,2697.67
1727467200,2696.72
1727470800,2695.60
1727474400,2706.54
1727478000,2695.82
1727481600,2696.87
1727485200,2697.81
1727488800,2701.72
1727492400,2691.28
1727496000,2694.19
1727499600,2685.74
1727503200,2680.69
1727506800,2679.30
1727510400,2667.08
1727514000,2669.88
1727517600,2674.35
1727521200,2675.38
1727524800,2659.30
1727528400,2660.36
1727532000,2673.09
1727535600,2669.99
1727539200,2665.89
1727542800,2675.99
1727546400,2676.85
1727550000,2678.11
1727553600,2676.51
1727557200,2670.68
1727560800,2677.26
1727564400,2677.63
1727568000,2669.09
1727571600,2675.74
1727575200,2676.26
1727578800,2675.52
1727582400,2671.00
1727586000,2666.17
1727589600,2651.05
1727593200,2639.90
1727596800,2645.95
1727600400,2647.85
1727604000,2646.26
1727607600,2652.80
1727611200,2646.70
1727614800,2656.56
1727618400,2653.05
1727622000,2666.32
1727625600,2664.59
1727629200,2664.04
1727632800,2664.53
1727636400,2667.55
1727640000,2661.36
1727643600,2664.43
1727647200,2657.07
1727650800,2659.62
1727654400,2647.56
1727658000,2615.93
1727661600,2615.16
1727665200,2628.27
1727668800,2628.45
1727672400,2636.51
1727676000,2631.89
1727679600,2638.77
1727683200,2641.21
1727686800,2612.65
1727690400,2604.93
1727694000,2629.25
1727697600,2633.15
1727701200,2624.84
1727704800,2613.02
1727708400,2598.31
1727712000,2603.94
1727715600,2604.23
1727719200,2588.91
1727722800,2598.25
1727726400,2613.57
1727730000,2610.67
1727733600,2602.75
1727737200,2603.06
1727740800,2617.76
1727744400,2619.36
1727748000,2617.16
1727751600,2629.19
1727755200,2643.11
1727758800,2638.20
1727762400,2655.95
1727766000,2644.39
1727769600,2639.88
1727773200,2636.88
1727776800,2637.74
1727780400,2629.32
1727784000,2623.19
1727787600,2583.97
1727791200,2548.40
1727794800,2528.59
1727798400,2510.03
1727802000,2507.76
1727805600,2500.31
1727809200,2488.46
1727812800,2447.21
1727816400,2469.84
1727820000,2453.20
1727823600,2448.88
1727827200,2463.15
1727830800,2480.28
1727834400,2496.13
1727838000,2489.98
1727841600,2485.92
1727845200,2477.59
1727848800,2486.64
1727852400,2482.43
1727856000,2480.77
1727859600,2451.15
1727863200,2451.77
1727866800,2456.45
1727870400,2437.10
1727874000,2451.58
1727877600,2435.72
1727881200,2458.81
1727884800,2454.81
1727888400,2447.50
1727892000,2394.59
1727895600,2379.57
1727899200,2388.28
1727902800,2381.18
1727906400,2380.49
1727910000,2365.21
1727913600,2371.43
1727917200,2383.48
1727920800,2392.67
1727924400,2398.82
1727928000,2396.13
1727931600,2383.58
1727935200,2389.77
1727938800,2366.54
1727942400,2336.78
1727946000,2351.71
1727949600,2363.55
1727953200,2352.63
1727956800,2355.28
1727960400,2348.54
1727964000,2318.60
1727967600,2339.54
1727971200,2323.32
1727974800,2343.02
1727978400,2344.97
1727982000,2351.97
1727985600,2341.47
1727989200,2350.53
1727992800,2352.26
1727996400,2349.73
1728000000,2340.11
1728003600,2378.24
1728007200,2371.65
1728010800,2366.07
1728014400,2373.28
1728018000,2383.62
1728021600,2375.76
1728025200,2382.10
1728028800,2382.19
1728032400,2377.22
1728036000,2374.83
1728039600,2385.22
1728043200,2391.45
1728046800,2377.33
1728050400,2364.59
1728054000,2416.00
1728057600,2432.64
1728061200,2416.50
1728064800,2429.99
1728068400,2429.00
1728072000,2430.74
1728075600,2424.45
1728079200,2420.75
1728082800,2414.85
1728086400,2422.54
1728090000,2417.65
1728093600,2402.13
1728097200,2399.68
1728100800,2405.05
1728104400,2417.37
1728108000,2424.50
1728111600,2416.64
1728115200,2419.07
1728118800,2425.45
1728122400,2418.37
1728126000,2417.41
1728129600,2422.00
1728133200,2410.95
1728136800,2414.52
1728140400,2415.38
1728144000,2406.19
1728147600,2409.95
1728151200,2402.83
1728154800,2395.02
1728158400,2392.57
1728162000,2403.04
1728165600,2418.20
1728169200,2415.53
1728172800,2409.43
1728176400,2419.45
1728180000,2417.22
1728183600,2414.05
1728187200,2414.48
1728190800,2417.62
1728194400,2415.66
1728198000,2418.02
1728201600,2421.07
1728205200,2422.17
1728208800,2420.05
1728212400,2428.19
1728216000,2429.28
1728219600,2431.52
1728223200,2455.15
1728226800,2447.39
1728230400,2438.55
1728234000,2442.01
1728237600,2447.63
1728241200,2441.31
1728244800,2438.52
1728248400,2417.23
1728252000,2431.92
1728255600,2439.94
1728259200,2487.52
1728262800,2496.20
1728266400,2504.41
1728270000,2494.48
1728273600,2487.14
1728277200,2484.61
1728280800,2490.57
1728284400,2481.56
1728288000,2482.88
1728291600,2456.27
1728295200,2448.89
1728298800,2471.40
1728302400,2463.92
1728306000,2475.63
1728309600,2502.11
1728313200,2474.71
1728316800,2477.81
1728320400,2474.90
1728324000,2427.57
1728327600,2447.12
1728331200,2440.76
1728334800,2453.14
1728338400,2420.48
1728342000,2421.98
1728345600,2435.88
1728349200,2434.84
1728352800,2444.30
1728356400,2437.24
1728360000,2438.24
1728363600,2427.90
1728367200,2435.18
1728370800,2427.23
1728374400,2425.77
1728378000,2434.48
1728381600,2429.11
1728385200,2439.11
1728388800,2430.48
1728392400,2447.64
1728396000,2432.53
1728399600,2418.00
1728403200,2444.20
1728406800,2439.85
1728410400,2435.44
1728414000,2441.43
1728417600,2440.19
1728421200,2455.47
1728424800,2439.84
1728428400,2439.84
1728432000,2435.38
1728435600,2463.20
1728439200,2448.23
1728442800,2445.85
1728446400,2443.28
1728450000,2449.54
1728453600,2443.29
1728457200,2434.97
1728460800,2428.85
1728464400,2435.57
1728468000,2432.49
1728471600,2438.84
1728475200,2431.58
1728478800,2428.94
1728482400,2432.22
1728486000,2458.47
1728489600,2431.93
1728493200,2432.47
1728496800,2411.47
1728500400,2418.14
1728504000,2358.27
1728507600,2377.99
1728511200,2371.31
1728514800,2368.27
1728518400,2373.41
1728522000,2389.64
1728525600,2393.22
1728529200,2392.62
1728532800,2393.26
1728536400,2402.25
1728540000,2406.57
1728543600,2394.33
1728547200,2381.29
1728550800,2383.61
1728554400,2394.29
1728558000,2403.65
1728561600,2385.02
1728565200,2384.62
1728568800,2378.34
1728572400,2399.61
1728576000,2395.89
1728579600,2366.55
1728583200,2353.75
1728586800,2367.12
1728590400,2364.02
1728594000,2381.67
1728597600,2376.33
1728601200,2383.94
1728604800,2383.86
1728608400,2407.33
1728612000,2399.27
1728615600,2409.50
1728619200,2405.92
1728622800,2406.44
1728626400,2410.85
1728630000,2405.44
1728633600,2401.98
1728637200,2414.17
1728640800,2413.01
1728644400,2416.14
1728648000,2423.26
1728651600,2433.19
1728655200,2432.60
1728658800,2445.68
1728662400,2438.43
1728666000,2449.40
1728669600,2445.38
1728673200,2457.12
1728676800,2456.95
1728680400,2451.06
1728684000,2439.75
1728687600,2436.52
1728691200,2447.71
1728694800,2442.93
1728698400,2435.59
1728702000,2438.06
1728705600,2444.91
1728709200,2446.57
1728712800,2445.63
1728716400,2445.71
1728720000,2445.00
1728723600,2444.37
1728727200,2454.32
1728730800,2451.03
1728734400,2459.12
1728738000,2460.64
1728741600,2470.91
1728745200,2470.80
1728748800,2471.91
1728752400,2475.10
1728756000,2469.19
1728759600,2471.83
1728763200,2471.31
1728766800,2478.63
1728770400,2487.51
1728774000,2476.52
1728777600,2477.49
1728781200,2466.09
1728784800,2468.62
1728788400,2456.60
1728792000,2462.43
1728795600,2463.87
1728799200,2463.99
1728802800,2464.40
1728806400,2461.46
1728810000,2466.13
1728813600,2463.17
1728817200,2458.17
1728820800,2464.51
1728824400,2463.52
1728828000,2445.41
1728831600,2440.49
1728835200,2454.18
1728838800,2445.67
1728842400,2444.57
1728846000,2457.30
1728849600,2458.99
1728853200,2464.59
1728856800,2466.02
1728860400,2467.65
1728864000,2451.91
1728867600,2452.46
1728871200,2450.11
1728874800,2519.13
1728878400,2538.77
1728882000,2528.96
1728885600,2530.03
1728889200,2533.83
1728892800,2522.70
1728896400,2531.77
1728900000,2540.16
1728903600,2537.24
1728907200,2555.14
1728910800,2568.47
1728914400,2622.34
1728918000,2637.70
1728921600,2619.57
1728925200,2626.43
1728928800,2628.78
1728932400,2618.19
1728936000,2621.83
1728939600,2616.43
1728943200,2647.11
1728946800,2629.02
1728950400,2622.37
1728954000,2629.05
1728957600,2626.92
1728961200,2608.73
1728964800,2612.60
1728968400,2593.30
1728972000,2608.45
1728975600,2614.53
1728979200,2614.52
1728982800,2608.77
1728986400,2612.60
1728990000,2581.95
1728993600,2600.75
1728997200,2670.97
1729000800,2566.37
1729004400,2571.21
1729008000,2593.72
1729011600,2582.65
1729015200,2592.90
1729018800,2592.46
1729022400,2573.67
1729026000,2588.17
1729029600,2593.68
1729033200,2606.02
1729036800,2597.11
1729040400,2618.57
1729044000,2622.60
1729047600,2617.71
1729051200,2615.71
1729054800,2617.79
1729058400,2612.18
1729062000,2606.59
1729065600,2610.79
1729069200,2618.37
1729072800,2615.76
1729076400,2637.84
1729080000,2628.06
1729083600,2607.22
1729087200,2606.47
1729090800,2606.60
1729094400,2617.78
1729098000,2621.42
1729101600,2617.24
1729105200,2615.98
1729108800,2618.98
1729112400,2614.53
1729116000,2621.16
1729119600,2611.19
1729123200,2616.18
1729126800,2639.18
1729130400,2622.88
1729134000,2640.03
1729137600,2627.23
1729141200,2626.59
1729144800,2628.24
1729148400,2625.50
1729152000,2625.17
1729155600,2616.26
1729159200,2614.18
1729162800,2597.61
1729166400,2612.36
1729170000,2601.94
1729173600,2605.58
1729177200,2630.40
1729180800,2612.18
1729184400,2605.58
1729188000,2586.86
1729191600,2595.39
1729195200,2597.82
1729198800,2603.21
1729202400,2611.87
1729206000,2604.81
1729209600,2597.07
1729213200,2646.82
1729216800,2632.58
1729220400,2610.43
1729224000,2614.05
1729227600,2625.90
1729231200,2625.30
1729234800,2641.50
1729238400,2637.34
1729242000,2624.25
1729245600,2626.74
1729249200,2621.29
1729252800,2614.65
1729256400,2623.26
1729260000,2641.05
1729263600,2656.25
1729267200,2653.43
1729270800,2648.04
1729274400,2662.31
1729278000,2649.41
1729281600,2642.76
1729285200,2642.23
1729288800,2636.00
1729292400,2641.49
1729296000,2638.91
1729299600,2636.12
1729303200,2646.83
1729306800,2646.67
1729310400,2641.77
1729314000,2647.17
1729317600,2644.27
1729321200,2640.43
1729324800,2644.89
1729328400,2645.78
1729332000,2640.53
1729335600,2632.74
1729339200,2640.62
1729342800,2636.22
1729346400,2649.60
1729350000,2645.41
1729353600,2638.08
1729357200,2641.21
1729360800,2642.31
1729364400,2641.18
1729368000,2646.24
1729371600,2644.24
1729375200,2650.92
1729378800,2648.66
1729382400,2643.70
1729386000,2640.17
1729389600,2639.08
1729393200,2640.31
1729396800,2640.90
1729400400,2640.16
1729404000,2650.60
1729407600,2645.04
1729411200,2646.11
1729414800,2648.95
1729418400,2645.96
1729422000,2648.37
1729425600,2645.88
1729429200,2659.46
1729432800,2706.98
1729436400,2705.60
1729440000,2694.29
1729443600,2694.92
1729447200,2701.27
1729450800,2699.31
1729454400,2715.68
1729458000,2716.87
1729461600,2748.78
1729465200,2745.85
1729468800,2742.50
1729472400,2745.61
1729476000,2732.22
1729479600,2733.31
1729483200,2737.03
1729486800,2736.68
1729490400,2727.88
1729494000,2722.00
1729497600,2715.31
1729501200,2709.83
1729504800,2703.97
1729508400,2703.60
1729512000,2695.83
1729515600,2672.54
1729519200,2669.83
1729522800,2676.27
1729526400,2669.01
1729530000,2674.59
1729533600,2666.25
1729537200,2682.34
1729540800,2674.55
1729544400,2675.35
1729548000,2675.61
1729551600,2665.66
1729555200,2635.81
1729558800,2645.01
1729562400,2634.17
1729566000,2642.82
1729569600,2639.70
1729573200,2644.51
1729576800,2653.20
1729580400,2644.66
1729584000,2629.76
1729587600,2619.95
1729591200,2631.49
1729594800,2631.95
1729598400,2622.10
1729602000,2615.95
1729605600,2636.98
1729609200,2623.11
1729612800,2606.61
1729616400,2624.13
1729620000,2620.28
1729623600,2629.09
1729627200,2633.06
1729630800,2633.70
1729634400,2637.25
1729638000,2620.20
1729641600,2611.82
1729645200,2621.65
1729648800,2611.59
1729652400,2613.99
1729656000,2614.55
1729659600,2612.78
1729663200,2611.72
1729666800,2601.42
1729670400,2573.32
1729674000,2578.39
1729677600,2579.70
1729681200,2578.06
1729684800,2569.80
1729688400,2580.05
1729692000,2560.84
1729695600,2536.84
1729699200,2488.73
1729702800,2492.46
1729706400,2487.80
1729710000,2509.79
1729713600,2513.65
1729717200,2502.40
1729720800,2509.13
1729724400,2523.61
1729728000,2542.56
1729731600,2541.40
1729735200,2552.88
1729738800,2544.21
1729742400,2551.49
1729746000,2554.31
1729749600,2546.90
1729753200,2541.02
1729756800,2521.54
1729760400,2519.72
1729764000,2523.02
1729767600,2525.94
1729771200,2527.98
1729774800,2532.80
1729778400,2523.50
1729782000,2523.94
1729785600,2516.90
1729789200,2519.78
1729792800,2524.43
1729796400,2536.75
1729800000,2535.51
1729803600,2537.29
1729807200,2531.17
1729810800,2534.45
1729814400,2522.17
1729818000,2517.33
1729821600,2520.70
1729825200,2520.25
1729828800,2489.80
1729832400,2492.63
1729836000,2488.19
1729839600,2481.11
1729843200,2514.79
1729846800,2537.82
1729850400,2540.67
1729854000,2543.63
1729857600,2536.87
1729861200,2550.43
1729864800,2542.34
1729868400,2522.81
1729872000,2531.07
1729875600,2487.65
1729879200,2479.18
1729882800,2474.77
1729886400,2473.31
1729890000,2489.53
1729893600,2465.13
1729897200,2437.91
1729900800,2441.27
1729904400,2439.42
1729908000,2441.99
1729911600,2449.35
1729915200,2456.97
1729918800,2468.27
1729922400,2470.61
1729926000,2463.44
1729929600,2468.81
1729933200,2463.01
1729936800,2466.16
1729940400,2469.72
1729944000,2468.73
1729947600,2463.10
1729951200,2440.74
1729954800,2452.85
1729958400,2467.36
1729962000,2475.12
1729965600,2478.08
1729969200,2482.88
1729972800,2487.13
1729976400,2486.38
1729980000,2483.86
1729983600,2479.94
1729987200,2473.41
1729990800,2474.78
1729994400,2469.85
1729998000,2479.85
1730001600,2477.21
1730005200,2479.51
1730008800,2476.80
1730012400,2478.01
1730016000,2473.97
1730019600,2468.29
1730023200,2464.33
1730026800,2467.01
1730030400,2473.48
1730034000,2481.75
1730037600,2490.04
1730041200,2498.72
1730044800,2498.35
1730048400,2493.83
1730052000,2484.81
1730055600,2490.22
1730059200,2489.02
1730062800,2508.18
1730066400,2511.71
1730070000,2505.94
1730073600,2498.28
1730077200,2490.45
1730080800,2486.72
1730084400,2474.35
1730088000,2482.44
1730091600,2483.94
1730095200,2487.93
1730098800,2509.04
1730102400,2509.65
1730106000,2533.39
1730109600,2527.38
1730113200,2523.92
1730116800,2524.87
1730120400,2517.82
1730124000,2524.42
1730127600,2499.93
1730131200,2503.79
1730134800,2500.45
1730138400,2502.77
1730142000,2501.08
1730145600,2514.58
1730149200,2542.26
1730152800,2565.10
1730156400,2565.43
1730160000,2582.06
1730163600,2581.31
1730167200,2608.83
1730170800,2605.16
1730174400,2618.60
1730178000,2617.05
1730181600,2617.95
1730185200,2610.32
1730188800,2621.03
1730192400,2621.65
1730196000,2631.34
1730199600,2628.92
1730203200,2617.07
1730206800,2634.45
1730210400,2630.01
1730214000,2649.04
1730217600,2667.50
1730221200,2658.50
1730224800,2663.28
1730228400,2628.36
1730232000,2621.63
1730235600,2622.97
1730239200,2637.28
1730242800,2637.71
1730246400,2617.86
1730250000,2624.60
1730253600,2627.13
1730257200,2641.64
1730260800,2638.67
1730264400,2651.26
1730268000,2657.43
1730271600,2668.91
1730275200,2662.14
1730278800,2690.36
1730282400,2681.12
1730286000,2657.28
1730289600,2687.01
1730293200,2696.75
1730296800,2710.30
1730300400,2683.72
1730304000,2690.40
1730307600,2673.58
1730311200,2666.16
1730314800,2660.53
1730318400,2675.29
1730322000,2659.49
1730325600,2658.33
1730329200,2657.21
1730332800,2657.47
1730336400,2664.09
1730340000,2660.14
1730343600,2655.44
1730347200,2646.05
1730350800,2648.83
1730354400,2637.26
1730358000,2646.26
1730361600,2636.06
1730365200,2634.95
1730368800,2645.17
1730372400,2638.31
1730376000,2636.12
1730379600,2597.65
1730383200,2547.71
1730386800,2563.82
1730390400,2552.65
1730394000,2538.54
1730397600,2523.71
1730401200,2511.92
1730404800,2515.71
1730408400,2523.12
1730412000,2519.16
1730415600,2515.87
1730419200,2523.03
1730422800,2499.22
1730426400,2508.12
1730430000,2500.16
1730433600,2509.42
1730437200,2508.47
1730440800,2500.91
1730444400,2502.14
1730448000,2497.40
1730451600,2508.19
1730455200,2516.25
1730458800,2514.75
1730462400,2534.85
1730466000,2567.41
1730469600,2558.89
1730473200,2498.67
1730476800,2517.95
1730480400,2514.53
1730484000,2507.56
1730487600,2511.94
1730491200,2518.56
1730494800,2504.67
1730498400,2512.08
1730502000,2512.21
1730505600,2515.54
1730509200,2514.02
1730512800,2511.51
1730516400,2504.67
1730520000,2504.12
1730523600,2510.95
1730527200,2509.99
1730530800,2506.66
1730534400,2497.89
1730538000,2495.44
1730541600,2500.62
1730545200,2500.94
1730548800,2486.75
1730552400,2479.88
1730556000,2488.39
1730559600,2488.22
1730563200,2493.90
1730566800,2485.37
1730570400,2488.14
1730574000,2492.25
1730577600,2493.67
1730581200,2493.44
1730584800,2492.46
1730588400,2490.79
1730592000,2485.53
1730595600,2473.61
1730599200,2432.74
1730602800,2449.65
1730606400,2454.76
1730610000,2443.43
1730613600,2455.50
1730617200,2449.96
1730620800,2459.44
1730624400,2447.71
1730628000,2457.08
1730631600,2454.15
1730635200,2454.84
1730638800,2437.68
1730642400,2423.95
1730646000,2441.90
1730649600,2442.97
1730653200,2445.26
1730656800,2421.75
1730660400,2450.08
1730664000,2464.41
1730667600,2468.44
1730671200,2459.40
1730674800,2456.17
1730678400,2448.10
1730682000,2464.81
1730685600,2482.33
1730689200,2474.01
1730692800,2471.20
1730696400,2460.81
1730700000,2475.71
1730703600,2458.42
1730707200,2457.35
1730710800,2454.37
1730714400,2464.48
1730718000,2469.20
1730721600,2474.86
1730725200,2459.32
1730728800,2446.62
1730732400,2442.71
1730736000,2411.23
1730739600,2422.74
1730743200,2424.36
1730746800,2429.36
1730750400,2420.92
1730754000,2366.74
1730757600,2412.17
1730761200,2396.01
1730764800,2400.41
1730768400,2409.27
1730772000,2401.94
1730775600,2416.53
1730779200,2426.77
1730782800,2430.92
1730786400,2429.72
1730790000,2441.88
1730793600,2439.38
1730797200,2435.73
1730800800,2434.53
1730804400,2439.22
1730808000,2444.01
1730811600,2441.52
1730815200,2469.68
1730818800,2439.22
1730822400,2460.87
1730826000,2453.77
1730829600,2452.71
1730833200,2404.54
1730836800,2427.97
1730840400,2416.51
1730844000,2432.96
1730847600,2423.61
1730851200,2484.37
1730854800,2484.92
1730858400,2574.60
1730862000,2576.65
1730865600,2591.86
1730869200,2594.90
1730872800,2589.08
1730876400,2592.82
1730880000,2605.41
1730883600,2624.28
1730887200,2623.86
1730890800,2628.69
1730894400,2637.04
1730898000,2619.96
1730901600,2612.59
1730905200,2640.52
1730908800,2658.44
1730912400,2654.10
1730916000,2679.57
1730919600,2687.45
1730923200,2691.11
1730926800,2690.39
1730930400,2735.29
1730934000,2724.01
1730937600,2724.58
1730941200,2811.86
1730944800,2871.71
1730948400,2853.01
1730952000,2839.97
1730955600,2839.75
1730959200,2804.02
1730962800,2822.45
1730966400,2821.68
1730970000,2824.39
1730973600,2818.21
1730977200,2796.31
1730980800,2818.62
1730984400,2807.07
1730988000,2795.23
1730991600,2844.57
1730995200,2848.74
1730998800,2864.57
1731002400,2880.37
1731006000,2886.40
1731009600,2904.27
1731013200,2893.29
1731016800,2880.26
1731020400,2895.60
1731024000,2909.15
1731027600,2926.23
1731031200,2890.16
1731034800,2901.79
1731038400,2905.07
1731042000,2923.44
1731045600,2909.69
1731049200,2916.37
1731052800,2903.21
1731056400,2917.85
1731060000,2926.29
1731063600,2917.96
1731067200,2938.36
1731070800,2950.29
1731074400,2915.16
1731078000,2937.09
1731081600,2908.82
1731085200,2923.67
1731088800,2959.53
1731092400,2958.23
1731096000,2935.85
1731099600,2941.11
1731103200,2960.28
1731106800,2962.79
1731110400,2985.60
1731114000,2988.76
1731117600,2978.80
1731121200,2966.48
1731124800,2973.47
1731128400,3042.84
1731132000,3040.11
1731135600,3032.27
1731139200,3026.94
1731142800,3048.08
1731146400,3052.92
1731150000,3053.37
1731153600,3034.67
1731157200,3047.25
1731160800,3041.77
1731164400,3043.18
1731168000,3030.69
1731171600,3033.90
1731175200,3048.18
1731178800,3071.44
1731182400,3087.08
1731186000,3079.00
1731189600,3141.14
1731193200,3131.14
1731196800,3124.52
1731200400,3115.22
1731204000,3130.08
1731207600,3138.27
1731211200,3183.33
1731214800,3182.99
1731218400,3180.07
1731222000,3188.85
1731225600,3185.13
1731229200,3189.92
1731232800,3203.15
1731236400,3226.17
1731240000,3193.47
1731243600,3205.64
1731247200,3197.14
1731250800,3209.12
1731254400,3213.82
1731258000,3220.00
1731261600,3229.04
1731265200,3161.64
1731268800,3121.47
1731272400,3170.38
1731276000,3185.87
1731279600,3191.04
1731283200,3190.86
1731286800,3198.79
1731290400,3207.32
1731294000,3198.83
1731297600,3182.95
1731301200,3119.79
1731304800,3142.29
1731308400,3144.18
1731312000,3153.26
1731315600,3182.44
1731319200,3194.08
1731322800,3203.08
1731326400,3177.89
1731330000,3154.88
1731333600,3181.75
1731337200,3241.06
1731340800,3281.34
1731344400,3298.24
1731348000,3327.68
1731351600,3304.69
1731355200,3343.32
1731358800,3324.46
1731362400,3343.81
1731366000,3375.15
1731369600,3344.01
1731373200,3317.22
1731376800,3308.40
1731380400,3337.82
1731384000,3331.56
1731387600,3332.19
1731391200,3380.42
1731394800,3373.54
1731398400,3420.01
1731402000,3370.19
1731405600,3292.78
1731409200,3288.09
1731412800,3252.34
1731416400,3261.17
1731420000,3287.03
1731423600,3261.71
1731427200,3257.35
1731430800,3230.89
1731434400,3290.70
1731438000,3276.95
1731441600,3290.29
1731445200,3279.78
1731448800,3290.11
1731452400,3244.54
1731456000,3250.71
1731459600,3274.81
1731463200,3255.42
1731466800,3211.72
1731470400,3196.03
1731474000,3140.17
1731477600,3132.20
1731481200,3163.39
1731484800,3162.70
1731488400,3167.30
1731492000,3170.89
1731495600,3172.09
1731499200,3173.06
1731502800,3215.57
1731506400,3331.64
1731510000,3310.72
1731513600,3289.43
1731517200,3275.79
1731520800,3271.89
1731524400,3167.24
1731528000,3161.40
1731531600,3154.74
1731535200,3181.15
1731538800,3192.52
1731542400,3189.81
1731546000,3214.39
1731549600,3207.90
1731553200,3213.43
1731556800,3237.87
1731560400,3222.82
1731564000,3187.70
1731567600,3221.27
1731571200,3205.71
1731574800,3207.56
1731578400,3181.87
1731582000,3189.08
1731585600,3187.07
1731589200,3165.07
1731592800,3123.84
1731596400,3083.80
1731600000,3168.62
1731603600,3129.21
1731607200,3131.08
1731610800,3144.72
1731614400,3103.63
1731618000,3117.55
1731621600,3091.83
1731625200,3061.19
1731628800,3064.38
1731632400,3066.42
1731636000,3082.21
1731639600,3085.94
1731643200,3029.39
1731646800,3057.76
1731650400,3065.87
1731654000,3042.25
1731657600,3072.48
1731661200,3099.03
1731664800,3101.84
1731668400,3104.54
1731672000,3102.73
1731675600,3102.10
1731679200,3055.55
1731682800,3022.19
1731686400,3030.04
1731690000,3038.38
1731693600,3019.82
1731697200,3041.81
1731700800,3088.84
1731704400,3090.49
1731708000,3101.74
1731711600,3089.79
1731715200,3082.98
1731718800,3099.93
1731722400,3111.64
1731726000,3154.72
1731729600,3131.82
1731733200,3132.63
1731736800,3113.00
1731740400,3109.08
1731744000,3119.60
1731747600,3119.19
1731751200,3128.51
1731754800,3192.43
1731758400,3176.54
1731762000,3170.78
1731765600,3168.08
1731769200,3138.83
1731772800,3146.93
1731776400,3169.73
1731780000,3181.67
1731783600,3170.38
1731787200,3148.78
1731790800,3157.52
1731794400,3140.51
1731798000,3133.31
1731801600,3151.05
1731805200,3085.20
1731808800,3069.48
1731812400,3079.14
1731816000,3112.51
1731819600,3105.48
1731823200,3134.84
1731826800,3136.30
1731830400,3148.10
1731834000,3141.56
1731837600,3137.89
1731841200,3105.77
1731844800,3119.60
1731848400,3100.75
1731852000,3086.81
1731855600,3085.37
1731859200,3094.57
1731862800,3108.45
1731866400,3082.69
1731870000,3096.91
1731873600,3073.42
1731877200,3064.10
1731880800,3066.46
1731884400,3076.06
1731888000,3105.10
1731891600,3115.77
1731895200,3112.25
1731898800,3108.44
1731902400,3102.25
1731906000,3112.87
1731909600,3137.17
1731913200,3133.14
1731916800,3122.69
1731920400,3109.59
1731924000,3117.82
1731927600,3055.42
1731931200,3085.35
1731934800,3064.76
1731938400,3082.42
1731942000,3147.93
1731945600,3168.76
1731949200,3174.28
1731952800,3162.84
1731956400,3132.61
1731960000,3152.45
1731963600,3147.87
1731967200,3152.20
1731970800,3207.56
1731974400,3167.61
1731978000,3145.76
1731981600,3159.01
1731985200,3151.44
1731988800,3127.01
1731992400,3134.29
1731996000,3132.34
1731999600,3121.50
1732003200,3122.01
1732006800,3114.73
1732010400,3122.03
1732014000,3129.19
1732017600,3135.06
1732021200,3088.17
1732024800,3099.26
1732028400,3105.79
1732032000,3114.22
1732035600,3119.99
1732039200,3145.04
1732042800,3123.55
1732046400,3103.08
1732050000,3098.82
1732053600,3093.82
1732057200,3111.12
1732060800,3112.60
1732064400,3101.92
1732068000,3089.96
1732071600,3100.29
1732075200,3101.53
1732078800,3111.06
1732082400,3107.24
1732086000,3111.95
1732089600,3125.26
1732093200,3120.36
1732096800,3111.87
1732100400,3102.35
1732104000,3094.96
1732107600,3113.50
1732111200,3118.63
1732114800,3132.15
1732118400,3094.24
1732122000,3075.94
1732125600,3052.55
1732129200,3060.81
1732132800,3072.05
1732136400,3081.13
1732140000,3076.92
1732143600,3072.06
1732147200,3082.87
1732150800,3081.83
1732154400,3057.58
1732158000,3083.71
1732161600,3135.42
1732165200,3110.79
1732168800,3128.55
1732172400,3139.09
1732176000,3145.41
1732179600,3125.24
1732183200,3132.93
1732186800,3147.83
1732190400,3291.51
1732194000,3346.63
1732197600,3346.96
1732201200,3282.21
1732204800,3331.80
1732208400,3343.35
1732212000,3380.20
1732215600,3350.61
1732219200,3354.48
1732222800,3346.07
1732226400,3374.12
1732230000,3362.26
1732233600,3322.22
1732237200,3322.67
1732240800,3333.42
1732244400,3374.27
1732248000,3391.57
1732251600,3381.66
1732255200,3373.17
1732258800,3364.44
1732262400,3375.99
1732266000,3368.34
1732269600,3327.94
1732273200,3347.90
1732276800,3352.77
1732280400,3296.28
1732284000,3288.22
1732287600,3317.61
1732291200,3312.23
1732294800,3299.74
1732298400,3283.22
1732302000,3285.44
1732305600,3298.98
1732309200,3318.45
1732312800,3313.55
1732316400,3331.65
1732320000,3346.59
1732323600,3342.47
1732327200,3328.76
1732330800,3346.70
1732334400,3357.07
1732338000,3352.36
1732341600,3347.31
1732345200,3346.86
1732348800,3370.70
1732352400,3364.06
1732356000,3353.21
1732359600,3359.79
1732363200,3408.24
1732366800,3447.96
1732370400,3475.75
1732374000,3469.99
1732377600,3416.41
1732381200,3430.60
1732384800,3429.21
1732388400,3412.65
1732392000,3406.15
1732395600,3419.35
1732399200,3410.42
1732402800,3397.28
1732406400,3424.27
1732410000,3438.02
1732413600,3434.59
1732417200,3430.51
1732420800,3416.39
1732424400,3416.93
1732428000,3427.89
1732431600,3425.83
1732435200,3402.05
1732438800,3406.63
1732442400,3381.53
1732446000,3348.99
1732449600,3316.55
1732453200,3325.55
1732456800,3329.83
1732460400,3296.59
1732464000,3320.70
1732467600,3309.79
1732471200,3328.16
1732474800,3329.33
1732478400,3342.32
1732482000,3347.83
1732485600,3358.93
1732489200,3363.31
1732492800,3354.28
1732496400,3332.05
1732500000,3338.22
1732503600,3366.06
1732507200,3371.78
1732510800,3384.76
1732514400,3384.50
1732518000,3400.82
1732521600,3416.22
1732525200,3476.18
1732528800,3501.42
1732532400,3475.43
1732536000,3486.83
1732539600,3481.73
1732543200,3420.95
1732546800,3525.14
1732550400,3487.66
1732554000,3462.33
1732557600,3446.03
1732561200,3468.48
1732564800,3495.37
1732568400,3431.34
1732572000,3449.94
1732575600,3416.77
1732579200,3434.15
1732582800,3452.01
1732586400,3445.89
1732590000,3439.35
1732593600,3419.91
1732597200,3431.72
1732600800,3425.86
1732604400,3401.00
1732608000,3365.93
1732611600,3361.63
1732615200,3320.91
1732618800,3324.40
1732622400,3313.90
1732626000,3313.28
1732629600,3352.57
1732633200,3299.26
1732636800,3331.64
1732640400,3330.28
1732644000,3289.71
1732647600,3295.97
1732651200,3323.12
1732654800,3325.89
1732658400,3327.10
1732662000,3326.03
1732665600,3307.29
1732669200,3342.45
1732672800,3362.42
1732676400,3362.73
1732680000,3396.31
1732683600,3398.48
1732687200,3425.19
1732690800,3422.25
1732694400,3418.78
1732698000,3410.75
1732701600,3457.40
1732705200,3459.65
1732708800,3481.21
1732712400,3496.79
1732716000,3526.90
1732719600,3561.59
1732723200,3553.89
1732726800,3565.22
1732730400,3591.45
1732734000,3594.86
1732737600,3625.95
1732741200,3631.10
1732744800,3675.45
1732748400,3656.61
1732752000,3644.15
1732755600,3643.01
1732759200,3622.54
1732762800,3599.83
1732766400,3607.03
1732770000,3592.87
1732773600,3596.23
1732777200,3590.41
1732780800,3628.72
1732784400,3601.95
1732788000,3605.99
1732791600,3621.78
1732795200,3626.15
1732798800,3595.18
1732802400,3571.27
1732806000,3542.06
1732809600,3542.14
1732813200,3553.53
1732816800,3578.48
1732820400,3575.14
1732824000,3557.02
1732827600,3571.49
1732831200,3591.48
1732834800,3579.91
1732838400,3560.31
1732842000,3566.05
1732845600,3590.54
1732849200,3584.60
1732852800,3577.12
1732856400,3577.49
1732860000,3559.97
1732863600,3545.07
1732867200,3568.65
1732870800,3572.25
1732874400,3584.31
1732878000,3596.14
1732881600,3588.91
1732885200,3608.14
1732888800,3638.04
1732892400,3625.07
1732896000,3602.66
1732899600,3589.50
1732903200,3577.34
1732906800,3585.53
1732910400,3595.97
1732914000,3593.28
1732917600,3597.68
1732921200,3593.60
1732924800,3594.48
1732928400,3605.35
1732932000,3621.07
1732935600,3660.13
1732939200,3649.48
1732942800,3692.60
1732946400,3695.55
1732950000,3701.98
1732953600,3697.93
1732957200,3693.52
1732960800,3644.18
1732964400,3655.72
1732968000,3679.57
1732971600,3673.17
1732975200,3656.11
1732978800,3680.24
1732982400,3678.85
1732986000,3678.06
1732989600,3673.82
1732993200,3692.98
1732996800,3712.85
1733000400,3722.95
1733004000,3711.13
1733007600,3706.62
1733011200,3694.77
1733014800,3711.14
1733018400,3663.41
1733022000,3708.41
1733025600,3704.26
1733029200,3686.38
1733032800,3700.11
1733036400,3704.23
1733040000,3707.46
1733043600,3703.24
1733047200,3684.06
1733050800,3693.35
1733054400,3684.37
1733058000,3706.39
1733061600,3710.41
1733065200,3729.08
1733068800,3729.86
1733072400,3723.57
1733076000,3712.24
1733079600,3709.85
1733083200,3691.84
1733086800,3705.77
1733090400,3724.25
1733094000,3710.50
1733097600,3705.71
1733101200,3733.41
1733104800,3736.56
1733108400,3685.40
1733112000,3691.08
1733115600,3681.36
1733119200,3681.45
1733122800,3668.51
1733126400,3607.34
1733130000,3622.99
1733133600,3575.42
1733137200,3591.59
1733140800,3594.38
1733144400,3627.77
1733148000,3643.35
1733151600,3677.79
1733155200,3628.88
1733158800,3560.16
1733162400,3623.60
1733166000,3610.00
1733169600,3612.62
1733173200,3617.74
1733176800,3617.97
1733180400,3643.47
1733184000,3640.16
1733187600,3621.11
1733191200,3640.34
1733194800,3642.01
1733198400,3644.68
1733202000,3655.40
1733205600,3634.11
1733209200,3618.77
1733212800,3614.41
1733216400,3607.23
1733220000,3590.35
1733223600,3613.82
1733227200,3606.20
1733230800,3543.61
1733234400,3584.42
1733238000,3565.05
1733241600,3555.38
1733245200,3577.15
1733248800,3581.62
1733252400,3579.12
1733256000,3609.14
1733259600,3615.68
1733263200,3626.71
1733266800,3620.04
1733270400,3681.84
1733274000,3693.49
1733277600,3649.34
1733281200,3665.83
1733284800,3669.80
1733288400,3680.70
1733292000,3695.88
1733295600,3716.71
1733299200,3704.23
1733302800,3729.72
1733306400,3718.87
1733310000,3731.28
1733313600,3720.82
1733317200,3711.36
1733320800,3793.22
1733324400,3822.24
1733328000,3762.06
1733331600,3818.47
1733335200,3828.01
1733338800,3848.10
1733342400,3882.56
1733346000,3849.59
1733349600,3845.09
1733353200,3840.05
1733356800,3807.14
1733360400,3807.95
1733364000,3857.57
1733367600,3836.90
1733371200,3862.16
1733374800,3847.95
1733378400,3852.42
1733382000,3855.39
1733385600,3912.63
1733389200,3919.08
1733392800,3916.50
1733396400,3937.39
1733400000,3935.91
1733403600,3923.46
1733407200,3930.15
1733410800,3896.00
1733414400,3910.49
1733418000,3919.63
1733421600,3870.08
1733425200,3833.91
1733428800,3825.42
1733432400,3859.94
1733436000,3813.76
1733439600,3792.21
1733443200,3866.51
1733446800,3873.87
1733450400,3875.57
1733454000,3907.60
1733457600,3904.86
1733461200,3891.88
1733464800,3910.35
1733468400,3893.90
1733472000,3884.14
1733475600,3873.53
1733479200,3871.27
1733482800,3869.17
1733486400,3840.90
1733490000,3891.14
1733493600,3986.25
1733497200,3992.85
1733500800,4009.45
1733504400,4029.25
1733508000,4060.29
1733511600,4074.92
1733515200,4044.22
1733518800,4030.22
1733522400,4029.21
1733526000,4007.29
1733529600,4016.79
1733533200,3986.27
1733536800,3999.56
1733540400,3995.39
1733544000,4003.09
1733547600,3993.94
1733551200,3982.95
1733554800,3990.63
1733558400,3986.07
1733562000,3987.94
1733565600,3984.29
1733569200,4003.09
1733572800,4000.14
1733576400,4000.88
1733580000,4002.02
1733583600,4010.70
1733587200,3999.69
1733590800,3993.18
1733594400,4013.22
1733598000,4016.26
1733601600,4018.81
1733605200,4009.16
1733608800,4001.03
1733612400,4002.66
1733616000,4007.69
1733619600,3994.99
1733623200,3999.82
1733626800,3992.44
1733630400,3984.70
1733634000,3975.01
1733637600,3981.61
1733641200,3984.59
1733644800,3942.64
1733648400,3939.51
1733652000,3966.06
1733655600,3975.33
1733659200,3988.58
1733662800,4001.16
1733666400,3983.53
1733670000,3996.75
1733673600,3985.88
1733677200,3988.05
1733680800,3974.22
1733684400,3990.86
1733688000,3980.58
1733691600,3992.03
1733695200,4012.58
1733698800,4006.10
1733702400,3970.06
1733706000,3948.58
1733709600,3947.44
1733713200,3930.35
1733716800,3940.53
1733720400,3945.93
1733724000,3920.47
1733727600,3920.59
1733731200,3865.12
1733734800,3881.18
1733738400,3883.77
1733742000,3847.49
1733745600,3862.42
1733749200,3898.89
1733752800,3940.31
1733756400,3828.12
1733760000,3848.99
1733763600,3832.97
1733767200,3843.92
1733770800,3793.90
1733774400,3729.21
1733778000,3713.47
1733781600,3712.85
1733785200,3719.00
1733788800,3765.12
1733792400,3759.65
1733796000,3698.71
1733799600,3677.93
1733803200,3710.44
1733806800,3703.50
1733810400,3743.09
1733814000,3735.17
1733817600,3744.85
1733821200,3750.61
1733824800,3763.15
1733828400,3754.40
1733832000,3669.23
1733835600,3696.60
1733839200,3671.96
1733842800,3562.60
1733846400,3616.65
1733850000,3532.83
1733853600,3581.01
1733857200,3632.53
1733860800,3636.07
1733864400,3635.79
1733868000,3638.77
1733871600,3631.28
1733875200,3612.45
1733878800,3570.69
1733882400,3651.99
1733886000,3665.76
1733889600,3670.80
1733893200,3660.58
1733896800,3675.98
1733900400,3656.09
1733904000,3698.93
1733907600,3700.13
1733911200,3705.39
1733914800,3715.32
1733918400,3725.00
1733922000,3742.37
1733925600,3772.82
1733929200,3788.11
1733932800,3799.40
1733936400,3767.09
1733940000,3796.92
1733943600,3805.25
1733947200,3835.78
1733950800,3831.42
1733954400,3842.67
1733958000,3832.26
1733961600,3817.17
1733965200,3803.76
1733968800,3883.62
1733972400,3931.13
1733976000,3909.58
1733979600,3929.55
1733983200,3935.79
1733986800,3905.37
1733990400,3913.26
1733994000,3929.45
1733997600,3925.51
1734001200,3911.40
1734004800,3959.75
1734008400,3940.26
1734012000,3980.33
1734015600,3957.10
1734019200,3935.18
1734022800,3964.70
1734026400,3924.11
1734030000,3868.40
1734033600,3887.21
1734037200,3872.07
1734040800,3881.37
1734044400,3883.03
1734048000,3890.52
1734051600,3879.80
1734055200,3907.53
1734058800,3930.61
1734062400,3917.24
1734066000,3910.80
1734069600,3895.12
1734073200,3890.05
1734076800,3897.40
1734080400,3893.11
1734084000,3902.01
1734087600,3905.43
1734091200,3929.68
1734094800,3928.97
1734098400,3948.99
1734102000,3883.21
1734105600,3913.32
1734109200,3944.02
1734112800,3915.75
1734116400,3918.43
1734120000,3914.62
1734123600,3906.37
1734127200,3898.16
1734130800,3910.85
1734134400,3905.19
1734138000,3925.94
1734141600,3910.38
1734145200,3912.07
1734148800,3915.40
1734152400,3918.99
1734156000,3931.41
1734159600,3922.51
1734163200,3927.00
1734166800,3912.76
1734170400,3897.13
1734174000,3894.73
1734177600,3868.36
1734181200,3861.32
1734184800,3888.38
1734188400,3889.39
1734192000,3893.34
1734195600,3858.78
1734199200,3831.75
1734202800,3858.63
1734206400,3831.30
1734210000,3848.57
1734213600,3863.00
1734217200,3868.44
1734220800,3864.43
1734224400,3890.97
1734228000,3883.18
1734231600,3877.50
1734235200,3892.73
1734238800,3891.53
1734242400,3877.14
1734246000,3844.31
1734249600,3862.30
1734253200,3862.35
1734256800,3861.79
1734260400,3876.16
1734264000,3885.97
1734267600,3886.47
1734271200,3903.02
1734274800,3894.42
1734278400,3908.72
1734282000,3907.93
1734285600,3896.68
1734289200,3905.84
1734292800,3891.25
1734296400,3856.15
1734300000,3889.58
1734303600,3951.65
1734307200,3998.85
1734310800,4001.16
1734314400,3970.14
1734318000,3941.88
1734321600,3954.56
1734325200,3964.88
1734328800,3951.99
1734332400,3971.65
1734336000,3951.28
1734339600,3943.97
1734343200,3950.20
1734346800,3905.29
1734350400,3895.11
1734354000,3896.26
1734357600,3926.19
1734361200,3943.74
1734364800,3962.19
1734368400,4031.96
1734372000,4076.34
1734375600,4057.87
1734379200,4048.78
1734382800,4048.76
1734386400,4029.47
1734390000,3987.33
1734393600,3965.03
1734397200,3988.23
1734400800,4009.49
1734404400,4035.45
1734408000,4004.45
1734411600,4022.45
1734415200,4008.90
1734418800,3992.45
1734422400,4013.95
1734426000,4024.42
1734429600,4009.69
1734433200,3998.69
1734436800,4000.55
1734440400,4005.40
1734444000,4021.01
1734447600,3935.05
1734451200,3947.47
1734454800,3977.11
1734458400,3932.29
1734462000,3945.56
1734465600,3941.36
1734469200,3933.97
1734472800,3883.44
1734476400,3886.89
1734480000,3885.69
1734483600,3843.66
1734487200,3871.98
1734490800,3850.93
1734494400,3841.42
1734498000,3835.74
1734501600,3828.52
1734505200,3847.01
1734508800,3842.24
1734512400,3869.01
1734516000,3874.03
1734519600,3880.98
1734523200,3859.77
1734526800,3858.84
1734530400,3835.41
1734534000,3867.94
1734537600,3871.70
1734541200,3878.85
1734544800,3895.38
1734548400,3788.98
1734552000,3696.45
1734555600,3702.91
1734559200,3683.12
1734562800,3619.58
1734566400,3647.21
1734570000,3596.28
1734573600,3646.26
1734577200,3668.48
1734580800,3655.24
1734584400,3670.10
1734588000,3680.17
1734591600,3692.47
1734595200,3666.48
1734598800,3676.80
1734602400,3707.14
1734606000,3705.53
1734609600,3676.99
1734613200,3674.01
1734616800,3642.20
1734620400,3606.38
1734624000,3616.02
1734627600,3474.73
1734631200,3511.62
1734634800,3427.69
1734638400,3372.63
1734642000,3422.82
1734645600,3449.61
1734649200,3417.93
1734652800,3408.71
1734656400,3375.59
1734660000,3454.73
1734663600,3409.06
1734667200,3392.76
1734670800,3356.08
1734674400,3340.46
1734678000,3383.77
1734681600,3279.60
1734685200,3263.66
1734688800,3182.98
1734692400,3114.64
1734696000,3230.63
1734699600,3282.55
1734703200,3329.80
1734706800,3368.75
1734710400,3387.37
1734714000,3443.25
1734717600,3434.21
1734721200,3477.12
1734724800,3445.82
1734728400,3437.72
1734732000,3477.06
1734735600,3472.59
1734739200,3458.33
1734742800,3473.35
1734746400,3477.48
1734750000,3462.13
1734753600,3484.99
1734757200,3527.14
1734760800,3524.63
1734764400,3524.89
1734768000,3484.72
1734771600,3479.20
1734775200,3461.24
1734778800,3444.02
1734782400,3407.23
1734786000,3390.06
1734789600,3374.08
1734793200,3388.58
1734796800,3373.70
1734800400,3384.04
1734804000,3361.60
1734807600,3355.92
1734811200,3354.68
1734814800,3322.36
1734818400,3326.73
1734822000,3337.00
1734825600,3358.96
1734829200,3358.21
1734832800,3333.92
1734836400,3351.13
1734840000,3315.31
1734843600,3331.18
1734847200,3341.70
1734850800,3327.74
1734854400,3356.14
1734858000,3380.66
1734861600,3378.64
1734865200,3382.29
1734868800,3375.51
1734872400,3370.74
1734876000,3285.89
1734879600,3302.38
1734883200,3327.61
1734886800,3313.19
1734890400,3307.71
1734894000,3236.92
1734897600,3284.65
1734901200,3281.35
1734904800,3282.78
1734908400,3277.51
1734912000,3252.61
1734915600,3259.44
1734919200,3278.73
1734922800,3347.19
1734926400,3324.32
1734930000,3313.37
1734933600,3276.79
1734937200,3297.99
1734940800,3314.03
1734944400,3335.53
1734948000,3349.36
1734951600,3334.91
1734955200,3344.71
1734958800,3313.10
1734962400,3309.61
1734966000,3270.53
1734969600,3367.35
1734973200,3335.81
1734976800,3299.45
1734980400,3331.70
1734984000,3395.29
1734987600,3421.99
1734991200,3451.78
1734994800,3416.09
1734998400,3419.70
1735002000,3379.28
1735005600,3368.00
1735009200,3392.03
1735012800,3407.39
1735016400,3417.26
1735020000,3387.22
1735023600,3397.72
1735027200,3410.40
1735030800,3396.42
1735034400,3390.45
1735038000,3408.52
1735041600,3400.37
1735045200,3448.93
1735048800,3454.03
1735052400,3490.00
1735056000,3483.92
1735059600,3495.58
1735063200,3491.32
1735066800,3466.00
1735070400,3451.82
1735074000,3487.68
1735077600,3492.31
1735081200,3491.96
1735084800,3483.79
1735088400,3472.91
1735092000,3483.62
1735095600,3474.00
1735099200,3486.20
1735102800,3490.30
1735106400,3483.25
1735110000,3487.60
1735113600,3485.30
1735117200,3492.90
1735120800,3508.12
1735124400,3477.28
1735128000,3476.77
1735131600,3478.48
1735135200,3487.76
1735138800,3469.86
1735142400,3451.59
1735146000,3466.95
1735149600,3466.82
1735153200,3478.03
1735156800,3469.45
1735160400,3463.94
1735164000,3473.83
1735167600,3495.95
1735171200,3476.97
1735174800,3475.09
1735178400,3457.37
1735182000,3456.69
1735185600,3438.34
1735189200,3439.18
1735192800,3438.73
1735196400,3421.47
1735200000,3363.86
1735203600,3371.14
1735207200,3366.72
1735210800,3369.37
1735214400,3354.78
1735218000,3350.54
1735221600,3336.41
1735225200,3342.16
1735228800,3358.85
1735232400,3324.91
1735236000,3333.35
1735239600,3338.60
1735243200,3320.33
1735246800,3334.84
1735250400,3337.94
1735254000,3331.05
1735257600,3343.89
1735261200,3359.50
1735264800,3358.80
1735268400,3374.21
1735272000,3370.51
1735275600,3379.76
1735279200,3385.69
1735282800,3321.94
1735286400,3355.68
1735290000,3419.26
1735293600,3398.05
1735297200,3414.83
1735300800,3409.65
1735304400,3383.73
1735308000,3354.43
1735311600,3319.68
1735315200,3310.95
1735318800,3344.65
1735322400,3358.58
1735326000,3350.01
1735329600,3335.30
1735333200,3314.25
1735336800,3316.95
1735340400,3328.77
1735344000,3339.35
1735347600,3328.52
1735351200,3324.73
1735354800,3340.80
1735358400,3339.67
1735362000,3343.72
1735365600,3334.72
1735369200,3330.99
1735372800,3339.82
1735376400,3348.38
1735380000,3334.45
1735383600,3354.39
1735387200,3348.45
1735390800,3360.44
1735394400,3366.31
1735398000,3361.07
1735401600,3379.21
1735405200,3388.51
1735408800,3385.50
1735412400,3393.21
1735416000,3393.66
1735419600,3396.60
1735423200,3406.88
1735426800,3397.86
1735430400,3386.07
1735434000,3372.96
1735437600,3381.95
1735441200,3377.08
1735444800,3381.56
1735448400,3380.77
1735452000,3389.18
1735455600,3400.84
1735459200,3391.21
1735462800,3398.65
1735466400,3398.40
1735470000,3395.33
1735473600,3388.08
1735477200,3393.24
1735480800,3364.67
1735484400,3372.67
1735488000,3350.57
1735491600,3355.00
1735495200,3355.78
1735498800,3356.90
1735502400,3351.64
1735506000,3346.31
1735509600,3331.41
1735513200,3349.59
1735516800,3378.40
1735520400,3414.45
1735524000,3407.53
1735527600,3397.14
1735531200,3385.02
1735534800,3400.12
1735538400,3420.97
1735542000,3417.16
1735545600,3415.90
1735549200,3415.50
1735552800,3407.32
1735556400,3417.08
1735560000,3402.80
1735563600,3332.15
1735567200,3314.54
1735570800,3318.19
1735574400,3330.87
1735578000,3380.39
1735581600,3392.46
1735585200,3397.95
1735588800,3396.63
1735592400,3323.43
1735596000,3357.35
1735599600,3356.39
1735603200,3327.08
1735606800,3334.33
1735610400,3336.87
1735614000,3335.70
1735617600,3328.62
1735621200,3339.93
1735624800,3347.15
1735628400,3349.12
1735632000,3376.24
1735635600,3382.64
1735639200,3390.04
1735642800,3389.09
1735646400,3389.37
1735650000,3423.91
1735653600,3421.80
1735657200,3410.81
1735660800,3401.08
1735664400,3360.44
1735668000,3356.49
1735671600,3349.74
1735675200,3333.08
1735678800,3345.99
1735682400,3330.10
1735686000,3332.41
1735689600,3358.02
1735693200,3338.51
1735696800,3355.08
1735700400,3347.58
1735704000,3337.09
1735707600,3337.89
1735711200,3338.08
1735714800,3338.85
1735718400,3330.40
1735722000,3326.85
1735725600,3319.42
1735729200,3334.75
1735732800,3340.23
1735736400,3334.15
1735740000,3339.47
1735743600,3345.25
1735747200,3331.54
1735750800,3334.36
1735754400,3340.07
1735758000,3347.20
1735761600,3353.45
1735765200,3358.29
1735768800,3355.13
1735772400,3353.41
1735776000,3379.34
1735779600,3376.10
1735783200,3389.22
1735786800,3383.55
1735790400,3409.36
1735794000,3404.81
1735797600,3402.96
1735801200,3415.62
1735804800,3433.92
1735808400,3462.15
1735812000,3464.64
1735815600,3467.30
1735819200,3477.12
1735822800,3467.22
1735830000,3459.76
1735833600,3468.35
1735837200,3443.45
1735840800,3460.48
1735844400,3460.40
1735848000,3452.85
1735851600,3450.55
1735855200,3439.08
1735858800,3451.68
1735862400,3446.16
1735866000,3460.44
1735869600,3456.54
1735873200,3468.05
1735876800,3455.53
1735880400,3453.42
1735884000,3442.26
1735887600,3430.69
1735891200,3426.74
1735894800,3442.08
1735898400,3444.11
1735902000,3463.08
1735905600,3461.33
1735909200,3479.17
1735912800,3524.34
1735916400,3565.84
1735920000,3582.53
1735923600,3574.95
1735927200,3601.84
1735930800,3620.18
1735934400,3602.21
1735938000,3611.51
1735941600,3616.44
1735945200,3605.20
1735948800,3601.58
1735952400,3595.42
1735956000,3594.77
1735959600,3595.92
1735963200,3588.74
1735966800,3594.47
1735970400,3599.39
1735974000,3592.97
1735977600,3585.33
1735981200,3587.03
1735984800,3586.27
1735988400,3600.90
1735992000,3635.71
1735995600,3643.13
1735999200,3635.50
1736002800,3608.66
1736006400,3622.34
1736010000,3631.63
1736013600,3625.44
1736017200,3630.92
1736020800,3657.33
1736024400,3655.28
1736028000,3661.67
1736031600,3657.74
1736035200,3650.94
1736038800,3636.50
1736042400,3639.90
1736046000,3635.62
1736049600,3642.95
1736053200,3633.10
1736056800,3638.54
1736060400,3630.84
1736064000,3619.12
1736067600,3609.37
1736071200,3614.46
1736074800,3611.81
1736078400,3616.29
1736082000,3613.59
1736085600,3622.57
1736089200,3630.21
1736092800,3627.51
1736096400,3625.08
1736100000,3630.74
1736103600,3634.14
1736107200,3634.44
1736110800,3645.79
1736114400,3643.75
1736118000,3634.11
1736121600,3623.03
1736125200,3642.53
1736128800,3659.07
1736132400,3662.72
1736136000,3670.78
1736139600,3677.92
1736143200,3667.40
1736146800,3649.14
1736150400,3641.49
1736154000,3642.90
1736157600,3636.35
1736161200,3653.24
1736164800,3641.94
1736168400,3649.88
1736172000,3688.70
1736175600,3707.77
1736179200,3712.97
1736182800,3675.02
1736186400,3685.96
1736190000,3690.25
1736193600,3680.43
1736197200,3669.83
1736200800,3682.79
1736204400,3688.34
1736208000,3678.73
1736211600,3696.04
1736215200,3679.83
1736218800,3684.73
1736222400,3677.44
1736226000,3668.69
1736229600,3672.80
1736233200,3667.53
1736236800,3674.42
1736240400,3665.39
1736244000,3659.65
1736247600,3640.82
1736251200,3633.00
1736254800,3634.89
1736258400,3605.27
1736262000,3466.65
1736265600,3459.88
1736269200,3444.09
1736272800,3420.20
1736276400,3384.37
1736280000,3380.25
1736283600,3370.18
1736287200,3395.72
1736290800,3381.62
1736294400,3411.71
1736298000,3388.49
1736301600,3384.38
1736305200,3360.66
1736308800,3346.76
1736312400,3350.95
1736316000,3307.23
1736319600,3354.65
1736323200,3366.61
1736326800,3352.09
1736330400,3362.31
1736334000,3348.79
1736337600,3339.68
1736341200,3360.71
1736344800,3365.57
1736348400,3345.39
1736352000,3314.66
1736355600,3259.15
1736359200,3282.27
1736362800,3281.92
1736366400,3283.56
1736370000,3298.39
1736373600,3331.40
1736377200,3326.36
1736380800,3341.41
1736384400,3345.49
1736388000,3337.00
1736391600,3324.25
1736395200,3338.37
1736398800,3327.43
1736402400,3314.44
1736406000,3290.39
1736409600,3307.56
1736413200,3317.06
1736416800,3310.05
1736420400,3299.80
1736424000,3292.74
1736427600,3213.49
1736431200,3246.20
1736434800,3322.53
1736438400,3301.23
1736442000,3248.71
1736445600,3262.68
1736449200,3217.90
1736452800,3200.71
1736456400,3207.87
1736460000,3225.61
1736463600,3219.50
1736467200,3221.75
1736470800,3236.37
1736474400,3241.02
1736478000,3254.02
1736481600,3252.25
1736485200,3262.16
1736488800,3279.63
1736492400,3297.49
1736496000,3296.00
1736499600,3301.39
1736503200,3320.39
1736506800,3309.45
1736510400,3310.57
1736514000,3250.19
1736517600,3258.40
1736521200,3245.30
1736524800,3250.14
1736528400,3316.76
1736532000,3287.19
1736535600,3298.03
1736539200,3267.45
1736542800,3266.02
1736546400,3272.42
1736550000,3267.52
1736553600,3264.39
1736557200,3243.89
1736560800,3248.84
1736564400,3235.97
1736568000,3239.16
1736571600,3244.71
1736575200,3242.34
1736578800,3233.47
1736582400,3223.80
1736586000,3241.39
1736589600,3252.16
1736593200,3274.26
1736596800,3272.52
1736600400,3266.24
1736604000,3278.00
1736607600,3269.46
1736611200,3275.56
1736614800,3267.99
1736618400,3277.87
1736622000,3276.42
1736625600,3297.24
1736629200,3306.65
1736632800,3289.77
1736636400,3282.15
1736640000,3282.14
1736643600,3284.93
1736647200,3286.64
1736650800,3282.86
1736654400,3281.06
1736658000,3277.65
1736661600,3270.75
1736665200,3265.03
1736668800,3237.15
1736672400,3238.06
1736676000,3243.94
1736679600,3252.19
1736683200,3250.38
1736686800,3266.14
1736690400,3267.66
1736694000,3285.01
1736697600,3278.73
1736701200,3287.48
1736704800,3283.80
1736708400,3277.11
1736712000,3278.98
1736715600,3264.84
1736719200,3236.80
1736722800,3266.10
1736726400,3308.90
1736730000,3258.67
1736733600,3256.17
1736737200,3241.25
1736740800,3238.27
1736744400,3223.03
1736748000,3188.74
1736751600,3197.70
1736755200,3170.11
1736758800,3152.40
1736762400,3118.96
1736766000,3053.76
1736769600,3049.81
1736773200,3058.84
1736776800,3034.83
1736780400,3053.57
1736784000,3006.71
1736787600,3018.08
1736791200,3006.28
1736794800,3026.74
1736798400,3093.72
1736802000,3112.36
1736805600,3128.24
1736809200,3135.67
1736812800,3132.47
1736816400,3136.92
1736820000,3157.29
1736823600,3158.92
1736827200,3172.73
1736830800,3159.69
1736834400,3180.11
1736838000,3171.28
1736841600,3184.24
1736845200,3243.84
1736848800,3230.90
1736852400,3216.01
1736856000,3182.71
1736859600,3208.38
1736863200,3190.32
1736866800,3200.58
1736870400,3191.79
1736874000,3207.93
1736877600,3226.91
1736881200,3213.42
1736884800,3218.92
1736888400,3213.47
1736892000,3238.49
1736895600,3223.68
1736899200,3221.93
1736902800,3234.60
1736906400,3216.04
1736910000,3237.02
1736913600,3226.28
1736917200,3229.28
1736920800,3227.59
1736924400,3231.46
1736928000,3231.13
1736931600,3198.54
1736935200,3208.11
1736938800,3198.12
1736942400,3200.46
1736946000,3295.10
1736949600,3326.85
1736953200,3336.80
1736956800,3342.09
1736960400,3327.58
1736964000,3373.37
1736967600,3439.77
1736971200,3436.65
1736974800,3433.64
1736978400,3429.96
1736982000,3449.93
1736985600,3401.82
1736989200,3403.99
1736992800,3385.85
1736996400,3362.84
1737000000,3372.44
1737003600,3367.47
1737007200,3377.62
1737010800,3382.56
1737014400,3319.12
1737018000,3334.71
1737021600,3334.25
1737025200,3351.95
1737028800,3360.08
1737032400,3327.88
1737036000,3279.29
1737039600,3326.69
1737043200,3337.92
1737046800,3346.64
1737050400,3325.51
1737054000,3343.54
1737057600,3335.61
1737061200,3319.20
1737064800,3295.60
1737068400,3308.19
1737072000,3313.29
1737075600,3387.09
1737079200,3367.33
1737082800,3357.77
1737086400,3368.80
1737090000,3366.39
1737093600,3366.18
1737097200,3370.95
1737100800,3406.32
1737104400,3403.67
1737108000,3424.34
1737111600,3421.57
1737115200,3407.45
1737118800,3401.35
1737122400,3428.58
1737126000,3420.43
1737129600,3440.90
1737133200,3413.01
1737136800,3412.58
1737140400,3434.36
1737144000,3504.90
1737147600,3474.36
1737151200,3473.38
1737154800,3473.56
1737158400,3489.96
1737162000,3467.78
1737165600,3450.00
1737169200,3387.22
1737172800,3365.48
1737176400,3294.40
1737180000,3313.67
1737183600,3289.42
1737187200,3292.46
1737190800,3267.61
1737194400,3268.26
1737198000,3312.61
1737201600,3289.37
1737205200,3316.45
1737208800,3297.02
1737212400,3309.09
1737216000,3265.94
1737219600,3261.74
1737223200,3261.51
1737226800,3285.01
1737230400,3261.41
1737234000,3270.22
1737237600,3279.40
1737241200,3305.40
1737244800,3314.32
1737248400,3348.93
1737252000,3351.84
1737255600,3335.54
1737259200,3279.99
1737262800,3295.01
1737266400,3283.42
1737270000,3270.10
1737273600,3217.74
1737277200,3221.78
1737280800,3172.35
1737284400,3147.19
1737288000,3203.69
1737291600,3262.08
1737295200,3379.67
1737298800,3382.58
1737302400,3405.73
1737306000,3440.59
1737309600,3425.09
1737313200,3410.57
1737316800,3372.66
1737320400,3221.35
1737324000,3256.73
1737327600,3208.93
1737331200,3173.57
1737334800,3189.18
1737338400,3248.05
1737342000,3264.28
1737345600,3267.45
1737349200,3285.65
1737352800,3398.05
1737356400,3376.37
1737360000,3386.60
1737363600,3363.81
1737367200,3349.02
1737370800,3373.11
1737374400,3299.86
1737378000,3335.42
1737381600,3350.87
1737385200,3329.53
1737388800,3375.37
1737392400,3292.16
1737396000,3329.03
1737399600,3342.77
1737403200,3319.83
1737406800,3286.22
1737410400,3315.48
1737414000,3278.44
1737417600,3221.25
1737421200,3249.04
1737424800,3253.66
1737428400,3257.73
1737432000,3241.93
1737435600,3220.57
1737439200,3238.57
1737442800,3249.27
1737446400,3247.59
1737450000,3270.51
1737453600,3300.47
1737457200,3302.15
1737460800,3303.81
1737464400,3302.63
1737468000,3280.18
1737471600,3289.52
1737475200,3312.56
1737478800,3350.01
1737482400,3346.27
1737486000,3331.86
1737489600,3307.41
1737493200,3332.03
1737496800,3340.02
1737500400,3327.24
1737504000,3360.01
1737507600,3324.82
1737511200,3341.43
1737514800,3331.47
1737518400,3328.68
1737522000,3319.97
1737525600,3309.01
1737529200,3289.04
1737532800,3298.29
1737536400,3298.21
1737540000,3305.98
1737543600,3328.59
1737547200,3316.95
1737550800,3286.01
1737554400,3297.44
1737558000,3283.49
1737561600,3277.33
1737565200,3285.05
1737568800,3248.85
1737572400,3261.33
1737576000,3259.92
1737579600,3257.73
1737583200,3244.48
1737586800,3239.30
1737590400,3256.35
1737594000,3231.39
1737597600,3221.51
1737601200,3224.66
1737604800,3194.25
1737608400,3212.42
1737612000,3204.91
1737615600,3229.66
1737619200,3209.97
1737622800,3193.84
1737626400,3198.51
1737630000,3211.36
1737633600,3205.36
1737637200,3236.28
1737640800,3266.70
1737644400,3256.68
1737648000,3255.52
1737651600,3265.21
1737655200,3244.71
1737658800,3206.45
1737662400,3248.24
1737666000,3248.87
1737669600,3317.36
1737673200,3337.49
1737676800,3287.61
1737680400,3297.23
1737684000,3286.04
1737687600,3301.20
1737691200,3334.28
1737694800,3404.10
1737698400,3387.83
1737702000,3382.72
1737705600,3401.76
1737709200,3400.46
1737712800,3411.36
1737716400,3400.47
1737720000,3402.63
1737723600,3393.58
1737727200,3401.63
1737730800,3384.49
1737734400,3381.72
1737738000,3398.72
1737741600,3379.29
1737745200,3369.27
1737748800,3337.94
1737752400,3329.93
1737756000,3325.31
1737759600,3309.71
1737763200,3275.86
1737766800,3294.48
1737770400,3294.81
1737774000,3320.63
1737777600,3298.11
1737781200,3295.96
1737784800,3290.76
1737788400,3290.08
1737792000,3290.13
1737795600,3285.03
1737799200,3293.07
1737802800,3308.84
1737806400,3303.41
1737810000,3307.24
1737813600,3316.83
1737817200,3336.77
1737820800,3338.98
1737824400,3342.43
1737828000,3340.41
1737831600,3339.16
1737835200,3336.57
1737838800,3339.93
1737842400,3334.33
1737846000,3317.29
1737849600,3321.33
1737853200,3329.87
1737856800,3323.32
1737860400,3337.24
1737864000,3354.11
1737867600,3341.30
1737871200,3341.41
1737874800,3338.01
1737878400,3330.72
1737882000,3296.56
1737885600,3303.93
1737889200,3311.84
1737892800,3307.23
1737896400,3306.81
1737900000,3311.82
1737903600,3314.68
1737907200,3317.69
1737910800,3337.23
1737914400,3336.91
1737918000,3338.11
1737921600,3328.17
1737925200,3299.62
1737928800,3293.18
1737932400,3235.86
1737936000,3211.25
1737939600,3200.87
1737943200,3166.15
1737946800,3182.69
1737950400,3156.16
1737954000,3139.08
1737957600,3079.25
1737961200,3072.34
1737964800,3062.62
1737968400,3080.77
1737972000,3042.37
1737975600,3062.00
1737979200,3107.95
1737982800,3104.93
1737986400,3145.11
1737990000,3138.82
1737993600,3076.80
1737997200,3072.79
1738000800,3052.06
1738004400,3071.84
1738008000,3147.13
1738011600,3161.73
1738015200,3173.09
1738018800,3179.09
1738022400,3167.84
1738026000,3167.35
1738029600,3191.47
1738033200,3203.28
1738036800,3212.18
1738040400,3211.53
1738044000,3194.66
1738047600,3195.63
1738051200,3198.23
1738054800,3197.06
1738058400,3194.92
1738062000,3187.53
1738065600,3173.53
1738069200,3174.82
1738072800,3176.33
1738076400,3175.48
1738080000,3146.97
1738083600,3169.52
1738087200,3142.21
1738090800,3146.29
1738094400,3095.89
1738098000,3051.88
1738101600,3083.72
1738105200,3076.38
1738108800,3109.35
1738112400,3108.80
1738116000,3113.10
1738119600,3129.47
1738123200,3123.63
1738126800,3128.07
1738130400,3144.42
1738134000,3155.20
1738137600,3145.66
1738141200,3128.88
1738144800,3135.36
1738148400,3132.54
1738152000,3119.32
1738155600,3102.23
1738159200,3097.68
1738162800,3099.66
1738166400,3081.81
1738170000,3111.03
1738173600,3132.55
1738177200,3126.97
1738180800,3143.53
1738184400,3142.68
1738188000,3137.06
1738191600,3112.67
1738195200,3124.65
1738198800,3138.61
1738202400,3148.26
1738206000,3193.13
1738209600,3199.62
1738213200,3194.72
1738216800,3186.27
1738220400,3188.79
1738224000,3203.28
1738227600,3222.44
1738231200,3217.55
1738234800,3223.20
1738238400,3220.16
1738242000,3260.14
1738245600,3265.43
1738249200,3256.94
1738252800,3279.55
1738256400,3271.10
1738260000,3270.83
1738263600,3272.06
1738267200,3244.24
1738270800,3244.46
1738274400,3262.79
1738278000,3247.78
1738281600,3268.62
1738285200,3270.69
1738288800,3250.95
1738292400,3231.29
1738296000,3216.91
1738299600,3245.51
1738303200,3262.47
1738306800,3245.76
1738310400,3237.21
1738314000,3264.41
1738317600,3268.73
1738321200,3337.04
1738324800,3352.72
1738328400,3354.39
1738332000,3346.22
1738335600,3423.80
1738339200,3401.96
1738342800,3378.45
1738346400,3314.21
1738350000,3341.00
1738353600,3310.85
1738357200,3314.01
1738360800,3292.97
1738364400,3298.82
1738368000,3318.18
1738371600,3313.19
1738375200,3306.11
1738378800,3290.14
1738382400,3293.04
1738386000,3299.11
1738389600,3294.05
1738393200,3280.58
1738396800,3267.45
1738400400,3233.64
1738404000,3236.11
1738407600,3250.21
1738411200,3267.52
1738414800,3243.67
1738418400,3236.79
1738422000,3250.60
1738425600,3242.54
1738429200,3260.95
1738432800,3242.23
1738436400,3195.62
1738440000,3166.36
1738443600,3154.87
1738447200,3135.78
1738450800,3118.61
1738454400,3151.74
1738458000,3150.48
1738461600,3117.50
1738465200,3074.23
1738468800,3097.25
1738472400,3121.48
1738476000,3112.20
1738479600,3100.37
1738483200,3110.33
1738486800,3110.31
1738490400,3101.23
1738494000,3069.35
1738497600,3056.97
1738501200,3086.38
1738504800,3090.40
1738508400,3081.52
1738512000,3009.18
1738515600,2964.75
1738519200,2922.37
1738522800,2958.90
1738526400,2949.33
1738530000,2903.38
1738533600,2869.44
1738537200,2868.08
1738540800,2832.75
1738544400,2495.64
1738548000,2473.16
1738551600,2527.44
1738555200,2468.64
1738558800,2516.19
1738562400,2527.75
1738566000,2631.30
1738569600,2571.60
1738573200,2564.72
1738576800,2612.67
1738580400,2585.97
1738584000,2581.77
1738587600,2569.30
1738591200,2626.92
1738594800,2710.25
1738598400,2712.37
1738602000,2701.68
1738605600,2735.01
1738609200,2766.39
1738612800,2705.01
1738616400,2813.21
1738620000,2874.54
1738623600,2884.05
1738627200,2842.58
1738630800,2854.34
1738634400,2807.09
1738638000,2812.37
1738641600,2801.24
1738645200,2692.26
1738648800,2722.52
1738652400,2707.03
1738656000,2700.16
1738659600,2696.37
1738663200,2757.74
1738666800,2763.01
1738670400,2809.62
1738674000,2795.51
1738677600,2822.52
1738681200,2779.18
1738684800,2792.47
1738688400,2819.10
1738692000,2831.18
1738695600,2789.79
1738699200,2735.43
1738702800,2645.95
1738706400,2677.90
1738710000,2735.23
1738713600,2734.27
1738717200,2723.26
1738720800,2743.14
1738724400,2722.07
1738728000,2728.56
1738731600,2784.65
1738735200,2743.42
1738738800,2762.11
1738742400,2772.09
1738746000,2761.05
1738749600,2781.14
1738753200,2801.07
1738756800,2786.57
1738760400,2818.30
1738764000,2779.93
1738767600,2773.36
1738771200,2771.87
1738774800,2750.85
1738778400,2724.51
1738782000,2775.60
1738785600,2767.43
1738789200,2783.41
1738792800,2760.15
1738796400,2787.66
1738800000,2767.79
1738803600,2791.01
1738807200,2809.09
1738810800,2804.96
1738814400,2821.40
1738818000,2834.45
1738821600,2847.81
1738825200,2832.68
1738828800,2830.80
1738832400,2856.07
1738836000,2829.69
1738839600,2806.56
1738843200,2774.38
1738846800,2792.81
1738850400,2747.26
1738854000,2701.27
1738857600,2704.94
1738861200,2702.15
1738864800,2697.93
1738868400,2695.26
1738872000,2718.34
1738875600,2706.74
1738879200,2702.40
1738882800,2688.90
1738886400,2688.88
1738890000,2725.02
1738893600,2721.77
1738897200,2715.02
1738900800,2722.08
1738904400,2714.16
1738908000,2694.69
1738911600,2715.34
1738915200,2729.99
1738918800,2738.95
1738922400,2744.86
1738926000,2761.06
1738929600,2758.09
1738933200,2775.05
1738936800,2785.46
1738940400,2719.10
1738944000,2700.99
1738947600,2682.46
1738951200,2681.36
1738954800,2659.99
1738958400,2585.40
1738962000,2583.25
1738965600,2586.70
1738969200,2623.00
1738972800,2647.16
1738976400,2633.79
1738980000,2642.09
1738983600,2644.11
1738987200,2634.91
1738990800,2620.15
1738994400,2611.77
1738998000,2631.96
1739001600,2606.32
1739005200,2616.13
1739008800,2617.59
1739012400,2615.46
1739016000,2605.37
1739019600,2621.08
1739023200,2615.38
1739026800,2602.71
1739030400,2609.80
1739034000,2627.81
1739037600,2632.97
1739041200,2639.84
1739044800,2636.75
1739048400,2640.57
1739052000,2630.55
1739055600,2632.58
1739059200,2638.28
1739062800,2648.92
1739066400,2641.21
1739070000,2677.95
1739073600,2672.76
1739077200,2661.57
1739080800,2663.26
1739084400,2662.47
1739088000,2669.34
1739091600,2658.44
1739095200,2661.56
1739098800,2657.91
1739102400,2654.16
1739106000,2618.69
1739109600,2628.12
1739113200,2652.92
1739116800,2661.64
1739120400,2643.45
1739124000,2638.31
1739127600,2624.36
1739131200,2636.18
1739134800,2560.31
1739138400,2619.58
1739142000,2628.65
1739145600,2641.98
1739149200,2574.24
1739152800,2588.92
1739156400,2626.33
1739160000,2628.97
1739163600,2641.39
1739167200,2635.61
1739170800,2638.30
1739174400,2646.12
1739178000,2652.42
1739181600,2650.53
1739185200,2655.40
1739188800,2640.00
1739192400,2682.77
1739196000,2651.24
1739199600,2657.59
1739203200,2668.06
1739206800,2677.95
1739210400,2681.97
1739214000,2673.02
1739217600,2681.91
1739221200,2666.37
1739224800,2656.56
1739228400,2661.32
1739232000,2700.40
1739235600,2698.06
1739239200,2682.07
1739242800,2679.02
1739246400,2693.78
1739250000,2720.99
1739253600,2723.35
1739257200,2712.72
1739260800,2715.92
1739264400,2705.47
1739268000,2698.33
1739271600,2708.07
1739275200,2688.37
1739278800,2633.73
1739282400,2666.65
1739286000,2663.48
1739289600,2643.89
1739293200,2638.41
1739296800,2611.26
1739300400,2592.97
1739304000,2595.95
1739307600,2621.10
1739311200,2587.46
1739314800,2602.83
1739318400,2612.49
1739322000,2616.60
1739325600,2595.14
1739329200,2588.03
1739332800,2589.81
1739336400,2609.30
1739340000,2604.28
1739343600,2619.22
1739347200,2628.94
1739350800,2631.15
1739354400,2616.20
1739358000,2625.90
1739361600,2633.47
1739365200,2597.29
1739368800,2598.20
1739372400,2607.48
1739376000,2651.08
1739379600,2672.39
1739383200,2663.20
1739386800,2676.93
1739390400,2679.12
1739394000,2683.37
1739397600,2746.88
1739401200,2736.91
1739404800,2727.96
1739408400,2752.16
1739412000,2739.56
1739415600,2743.51
1739419200,2720.23
1739422800,2720.58
1739426400,2685.24
1739430000,2680.44
1739433600,2665.92
1739437200,2682.83
1739440800,2677.24
1739444400,2654.81
1739448000,2655.90
1739451600,2662.05
1739455200,2638.34
1739458800,2648.97
1739462400,2623.22
1739466000,2632.68
1739469600,2637.89
1739473200,2642.17
1739476800,2650.80
1739480400,2666.59
1739484000,2669.58
1739487600,2675.94
1739491200,2674.63
1739494800,2681.43
1739498400,2692.85
1739502000,2714.95
1739505600,2700.07
1739509200,2699.78
1739512800,2701.28
1739516400,2700.72
1739520000,2705.31
1739523600,2713.73
1739527200,2703.78
1739530800,2686.56
1739534400,2685.42
1739538000,2702.13
1739541600,2721.03
1739545200,2735.34
1739548800,2740.92
1739552400,2777.24
1739556000,2757.39
1739559600,2737.74
1739563200,2724.08
1739566800,2744.64
1739570400,2716.42
1739574000,2726.07
1739577600,2715.65
1739581200,2727.73
1739584800,2731.88
1739588400,2725.38
1739592000,2720.52
1739595600,2722.06
1739599200,2708.51
1739602800,2699.71
1739606400,2705.88
1739610000,2702.28
1739613600,2711.32
1739617200,2708.28
1739620800,2711.75
1739624400,2708.74
1739628000,2690.94
1739631600,2689.63
1739635200,2688.48
1739638800,2684.89
1739642400,2703.05
1739646000,2692.56
1739649600,2683.79
1739653200,2700.60
1739656800,2694.85
1739660400,2693.56
1739664000,2700.80
1739667600,2702.06
1739671200,2691.18
1739674800,2698.10
1739678400,2703.87
1739682000,2709.93
1739685600,2711.47
1739689200,2693.73
1739692800,2696.33
1739696400,2706.12
1739700000,2696.77
1739703600,2711.74
1739707200,2705.47
1739710800,2693.56
1739714400,2692.21
1739718000,2696.60
1739721600,2697.01
1739725200,2686.95
1739728800,2680.39
1739732400,2683.90
1739736000,2671.54
1739739600,2686.44
1739743200,2679.02
1739746800,2663.23
1739750400,2670.09
1739754000,2680.80
1739757600,2669.12
1739761200,2672.68
1739764800,2663.53
1739768400,2669.66
1739772000,2686.05
1739775600,2685.01
1739779200,2713.04
1739782800,2733.12
1739786400,2750.76
1739790000,2753.76
1739793600,2768.44
1739797200,2778.29
1739800800,2819.66
1739804400,2750.35
1739808000,2726.62
1739811600,2738.83
1739815200,2699.03
1739818800,2718.91
1739822400,2735.62
1739826000,2771.49
1739829600,2742.07
1739833200,2743.11
1739836800,2720.19
1739840400,2737.54
1739844000,2712.98
1739847600,2711.74
1739851200,2702.03
1739854800,2675.66
1739858400,2662.83
1739862000,2672.48
1739865600,2666.60
1739869200,2692.49
1739872800,2694.83
1739876400,2679.53
1739880000,2701.51
1739883600,2702.26
1739887200,2690.09
1739890800,2673.09
1739894400,2639.31
1739898000,2617.49
1739901600,2633.12
1739905200,2634.65
1739908800,2633.57
1739912400,2648.16
1739916000,2656.84
1739919600,2669.21
1739923200,2668.15
1739926800,2667.29
1739930400,2690.18
1739934000,2692.44
1739937600,2667.70
1739941200,2684.98
1739944800,2700.35
1739948400,2708.30
1739952000,2707.69
1739955600,2722.95
1739959200,2725.64
1739962800,2725.42
1739966400,2707.63
1739970000,2715.95
1739973600,2694.84
1739977200,2696.08
1739980800,2709.75
1739984400,2712.50
1739988000,2700.07
1739991600,2709.89
1739995200,2718.07
1739998800,2710.64
1740002400,2722.68
1740006000,2715.68
1740009600,2729.33
1740013200,2718.91
1740016800,2743.36
1740020400,2743.63
1740024000,2738.51
1740027600,2732.86
1740031200,2729.28
1740034800,2733.33
1740038400,2734.17
1740042000,2725.89
1740045600,2745.63
1740049200,2741.23
1740052800,2741.77
1740056400,2746.26
1740060000,2732.74
1740063600,2714.88
1740067200,2713.83
1740070800,2734.42
1740074400,2739.60
1740078000,2749.35
1740081600,2747.20
1740085200,2728.30
1740088800,2730.91
1740092400,2740.02
1740096000,2736.81
1740099600,2743.97
1740103200,2738.25
1740106800,2743.91
1740110400,2750.62
1740114000,2755.71
1740117600,2759.63
1740121200,2757.14
1740124800,2752.16
1740128400,2782.44
1740132000,2801.60
1740135600,2792.11
1740139200,2804.48
1740142800,2839.96
1740146400,2807.15
1740150000,2718.04
1740153600,2737.79
1740157200,2675.21
1740160800,2681.55
1740164400,2640.04
1740168000,2627.47
1740171600,2640.35
1740175200,2645.00
1740178800,2658.66
1740182400,2679.23
1740186000,2682.33
1740189600,2681.92
1740193200,2673.82
1740196800,2682.52
1740200400,2690.20
1740204000,2684.63
1740207600,2685.24
1740211200,2691.34
1740214800,2712.25
1740218400,2730.97
1740222000,2733.94
1740225600,2738.63
1740229200,2724.71
1740232800,2736.91
1740236400,2779.20
1740240000,2774.34
1740243600,2786.13
1740247200,2762.46
1740250800,2769.68
1740254400,2771.48
1740258000,2767.41
1740261600,2768.23
1740265200,2764.03
1740268800,2772.20
1740272400,2765.37
1740276000,2752.00
1740279600,2752.56
1740283200,2763.69
1740286800,2782.12
1740290400,2790.15
1740294000,2827.20
1740297600,2806.15
1740301200,2810.11
1740304800,2806.40
1740308400,2796.94
1740312000,2787.96
1740315600,2810.70
1740319200,2793.14
1740322800,2783.12
1740326400,2808.34
1740330000,2816.40
1740333600,2808.33
1740337200,2807.81
1740340800,2804.41
1740344400,2808.78
1740348000,2807.25
1740351600,2823.68
1740355200,2807.96
1740358800,2789.91
1740362400,2778.70
1740366000,2721.03
1740369600,2701.60
1740373200,2731.31
1740376800,2730.11
1740380400,2724.18
1740384000,2682.60
1740387600,2701.26
1740391200,2683.41
1740394800,2689.81
1740398400,2679.33
1740402000,2675.38
1740405600,2653.97
1740409200,2656.86
1740412800,2659.89
1740416400,2666.09
1740420000,2650.75
1740423600,2639.01
1740427200,2640.44
1740430800,2637.10
1740434400,2533.42
1740438000,2509.78
1740441600,2498.95
1740445200,2493.20
1740448800,2513.21
1740452400,2499.94
1740456000,2494.74
1740459600,2504.18
1740463200,2481.77
1740466800,2370.65
1740470400,2399.04
1740474000,2386.10
1740477600,2395.76
1740481200,2433.82
1740484800,2435.20
1740488400,2414.15
1740492000,2374.03
1740495600,2409.80
1740499200,2418.37
1740502800,2417.48
1740506400,2421.80
1740510000,2469.24
1740513600,2493.51
1740517200,2510.38
1740520800,2506.04
1740524400,2493.38
1740528000,2473.52
1740531600,2484.12
1740535200,2498.06
1740538800,2487.96
1740542400,2488.26
1740546000,2475.99
1740549600,2497.74
1740553200,2483.80
1740556800,2463.80
1740560400,2487.96
1740564000,2493.36
1740567600,2463.71
1740571200,2430.75
1740574800,2412.60
1740578400,2427.16
1740582000,2425.75
1740585600,2396.56
1740589200,2356.05
1740592800,2286.01
1740596400,2293.52
1740600000,2329.70
1740603600,2331.08
1740607200,2349.77
1740610800,2331.51
1740614400,2338.20
1740618000,2343.62
1740621600,2331.47
1740625200,2332.29
1740628800,2308.37
1740632400,2340.92
1740636000,2346.43
1740639600,2356.71
1740643200,2349.98
1740646800,2354.90
1740650400,2372.74
1740654000,2349.73
1740657600,2342.74
1740661200,2335.53
1740664800,2306.74
1740668400,2326.17
1740672000,2293.64
1740675600,2318.37
1740679200,2328.01
1740682800,2292.26
1740686400,2258.35
1740690000,2275.93
1740693600,2287.21
1740697200,2305.56
1740700800,2296.76
1740704400,2203.03
1740708000,2168.77
1740711600,2139.77
1740715200,2134.02
1740718800,2111.07
1740722400,2107.06
1740726000,2102.57
1740729600,2118.56
1740733200,2139.65
1740736800,2115.39
1740740400,2123.44
1740744000,2118.96
1740747600,2150.87
1740751200,2162.34
1740754800,2220.29
1740758400,2223.46
1740762000,2209.76
1740765600,2226.30
1740769200,2227.52
1740772800,2218.39
1740776400,2223.79
1740780000,2215.59
1740783600,2235.90
1740787200,2216.37
1740790800,2258.51
1740794400,2256.51
1740798000,2261.57
1740801600,2271.08
1740805200,2255.67
1740808800,2234.82
1740812400,2227.17
1740816000,2234.44
1740819600,2232.15
1740823200,2201.65
1740826800,2182.69
1740830400,2182.59
1740834000,2151.65
1740837600,2163.95
1740841200,2176.62
1740844800,2206.65
1740848400,2196.32
1740852000,2211.78
1740855600,2222.64
1740859200,2222.56
1740862800,2228.19
1740866400,2214.36
1740870000,2216.52
1740873600,2216.39
1740877200,2218.66
1740880800,2207.64
1740884400,2220.71
1740888000,2224.56
1740891600,2228.97
1740895200,2222.91
1740898800,2221.30
1740902400,2212.39
1740906000,2243.36
1740909600,2246.30
1740913200,2238.64
1740916800,2230.93
1740920400,2210.94
1740924000,2195.87
1740927600,2232.31
1740931200,2458.48
1740934800,2477.20
1740938400,2474.89
1740942000,2486.79
1740945600,2509.73
1740949200,2528.28
1740952800,2544.38
1740956400,2519.02
1740960000,2465.75
1740963600,2459.79
1740967200,2445.77
1740970800,2440.48
1740974400,2450.03
1740978000,2448.77
1740981600,2364.43
1740985200,2387.51
1740988800,2341.56
1740992400,2350.31
1740996000,2358.76
1740999600,2355.61
1741003200,2366.34
1741006800,2374.10
1741010400,2289.35
1741014000,2286.75
1741017600,2278.93
1741021200,2274.59
1741024800,2194.78
1741028400,2112.03
1741032000,2128.83
1741035600,2104.35
1741039200,2169.60
1741042800,2145.65
1741046400,2130.22
1741050000,2057.57
1741053600,2068.83
1741057200,2076.01
1741060800,2086.77
1741064400,2107.07
1741068000,2098.97
1741071600,2077.59
1741075200,2096.53
1741078800,2089.33
1741082400,2099.37
1741086000,2102.27
1741089600,2103.61
1741093200,2058.62
1741096800,2091.43
1741100400,2071.38
1741104000,2065.53
1741107600,2115.03
1741111200,2151.33
1741114800,2170.83
1741118400,2136.52
1741122000,2176.24
1741125600,2170.40
1741129200,2169.99
1741132800,2162.27
1741136400,2186.24
1741140000,2181.58
1741143600,2168.44
1741147200,2171.48
1741150800,2179.30
1741154400,2190.51
1741158000,2209.04
1741161600,2213.38
1741165200,2239.26
1741168800,2238.53
1741172400,2215.68
1741176000,2214.67
1741179600,2205.89
1741183200,2169.84
1741186800,2188.16
1741190400,2192.81
1741194000,2193.21
1741197600,2206.20
1741201200,2220.47
1741204800,2229.87
1741208400,2236.83
1741212000,2240.76
1741215600,2241.91
1741219200,2237.70
1741222800,2261.03
1741226400,2286.23
1741230000,2290.01
1741233600,2298.52
1741237200,2318.50
1741240800,2292.95
1741244400,2285.43
1741248000,2297.07
1741251600,2283.04
1741255200,2295.12
1741258800,2295.65
1741262400,2267.32
1741266000,2249.46
1741269600,2222.78
1741273200,2255.77
1741276800,2225.86
1741280400,2191.96
1741284000,2199.24
1741287600,2200.47
1741291200,2202.94
1741294800,2210.43
1741298400,2214.37
1741302000,2202.50
1741305600,2118.65
1741309200,2172.68
1741312800,2161.77
1741316400,2149.31
1741320000,2158.21
1741323600,2174.82
1741327200,2182.46
1741330800,2190.81
1741334400,2186.72
1741338000,2194.53
1741341600,2194.86
1741345200,2196.36
1741348800,2178.82
1741352400,2197.21
1741356000,2225.68
1741359600,2207.77
1741363200,2155.14
1741366800,2160.87
1741370400,2194.42
1741374000,2175.00
1741377600,2160.67
1741381200,2139.15
1741384800,2144.68
1741388400,2139.80
1741392000,2151.12
1741395600,2131.32
1741399200,2142.05
1741402800,2139.04
1741406400,2150.73
1741410000,2140.10
1741413600,2138.06
1741417200,2137.45
1741420800,2128.57
1741424400,2127.84
1741428000,2139.47
1741431600,2139.56
1741435200,2169.49
1741438800,2188.87
1741442400,2177.84
1741446000,2180.44
1741449600,2188.09
1741453200,2198.73
1741456800,2208.19
1741460400,2225.11
1741464000,2213.38
1741467600,2215.42
1741471200,2205.26
1741474800,2201.71
1741478400,2205.84
1741482000,2190.89
1741485600,2182.07
1741489200,2186.51
1741492800,2189.59
1741496400,2181.98
1741500000,2177.59
1741503600,2184.42
1741507200,2176.98
1741510800,2163.50
1741514400,2134.43
1741518000,2146.73
1741521600,2140.12
1741525200,2119.52
1741528800,2115.84
1741532400,2096.13
1741536000,2053.06
1741539600,2020.85
1741543200,2023.62
1741546800,2041.99
1741550400,2046.63
1741554000,2020.31
1741557600,2016.18
1741561200,2015.43
1741564800,2037.34
1741568400,2043.87
1741572000,2057.14
1741575600,2058.00
1741579200,2072.51
1741582800,2066.14
1741586400,2066.93
1741590000,2074.55
1741593600,2061.57
1741597200,2098.54
1741600800,2100.78
1741604400,2136.04
1741608000,2125.46
1741611600,2085.72
1741615200,2008.62
1741618800,2022.45
1741622400,2008.12
1741626000,1920.91
1741629600,1836.35
1741633200,1861.04
1741636800,1874.61
1741640400,1889.72
1741644000,1880.01
1741647600,1859.78
1741651200,1804.28
1741654800,1853.42
1741658400,1860.77
1741662000,1847.44
1741665600,1869.10
1741669200,1893.32
1741672800,1885.47
1741676400,1906.61
1741680000,1906.03
1741683600,1917.95
1741687200,1921.18
1741690800,1912.96
1741694400,1894.38
1741698000,1906.75
1741701600,1867.89
1741705200,1914.36
1741708800,1917.56
1741712400,1902.44
1741716000,1951.89
1741719600,1949.95
1741723200,1938.37
1741726800,1939.27
1741730400,1945.47
1741734000,1919.66
1741737600,1911.72
1741741200,1921.48
1741744800,1891.75
1741748400,1870.56
1741752000,1865.73
1741755600,1879.29
1741759200,1871.04
1741762800,1912.40
1741766400,1929.90
1741770000,1891.23
1741773600,1899.88
1741777200,1918.06
1741780800,1929.02
1741784400,1886.44
1741788000,1861.55
1741791600,1868.36
1741795200,1874.07
1741798800,1867.06
1741802400,1877.69
1741806000,1883.28
1741809600,1891.07
1741813200,1892.42
1741816800,1910.52
1741820400,1909.02
1741824000,1900.76
1741827600,1907.53
1741831200,1892.95
1741834800,1887.02
1741838400,1873.27
1741842000,1868.11
1741845600,1869.01
1741849200,1873.58
1741852800,1875.26
1741856400,1891.64
1741860000,1899.61
1741863600,1896.48
1741867200,1894.51
1741870800,1869.74
1741874400,1884.36
1741878000,1873.17
1741881600,1854.54
1741885200,1824.23
1741888800,1849.81
1741892400,1854.43
1741896000,1844.96
1741899600,1856.16
1741903200,1878.84
1741906800,1861.78
1741910400,1876.32
1741914000,1880.94
1741917600,1892.99
1741921200,1887.59
1741924800,1891.42
1741928400,1894.76
1741932000,1895.68
1741935600,1894.78
1741939200,1895.77
1741942800,1894.14
1741946400,1898.39
1741950000,1903.68
1741953600,1900.19
1741957200,1904.43
1741960800,1917.74
1741964400,1921.00
1741968000,1935.92
1741971600,1933.99
1741975200,1935.62
1741978800,1936.30
1741982400,1925.21
1741986000,1922.88
1741989600,1928.63
1741993200,1909.53
1741996800,1916.37
1742000400,1911.19
1742004000,1914.30
1742007600,1920.61
1742011200,1932.61
1742014800,1929.75
1742018400,1927.84
1742022000,1918.21
1742025600,1920.16
1742029200,1925.35
1742032800,1928.35
1742036400,1931.15
1742040000,1924.39
1742043600,1931.38
1742047200,1927.14
1742050800,1936.94
1742054400,1939.36
1742058000,1940.20
1742061600,1933.29
1742065200,1937.07
1742068800,1943.71
1742072400,1950.87
1742076000,1943.61
1742079600,1937.38
1742083200,1933.03
1742086800,1922.88
1742090400,1923.38
1742094000,1927.93
1742097600,1927.42
1742101200,1931.35
1742104800,1930.31
1742108400,1925.76
1742112000,1922.86
1742115600,1910.07
1742119200,1905.25
1742122800,1873.99
1742126400,1883.08
1742130000,1879.47
1742133600,1895.18
1742137200,1895.80
1742140800,1904.78
1742144400,1909.12
1742148000,1894.42
1742151600,1879.92
1742155200,1892.80
1742158800,1887.58
1742162400,1878.45
1742166000,1887.45
1742169600,1902.68
1742173200,1904.25
1742176800,1908.66
1742180400,1910.34
1742184000,1903.85
1742187600,1896.23
1742191200,1893.69
1742194800,1900.80
1742198400,1903.43
1742202000,1909.84
1742205600,1912.82
1742209200,1911.30
1742212800,1908.81
1742216400,1899.13
1742220000,1900.92
1742223600,1919.08
1742227200,1914.44
1742230800,1931.44
1742234400,1948.57
1742238000,1941.78
1742241600,1934.08
1742245200,1942.32
1742248800,1934.13
1742252400,1927.01
1742256000,1922.04
1742259600,1901.83
1742263200,1914.19
1742266800,1900.92
1742270400,1903.18
1742274000,1906.59
1742277600,1898.71
1742281200,1904.99
1742284800,1907.70
1742288400,1903.15
1742292000,1894.04
1742295600,1892.72
1742299200,1895.62
1742302800,1878.78
1742306400,1891.97
1742310000,1879.76
1742313600,1887.82
1742317200,1878.69
1742320800,1888.18
1742324400,1906.91
1742328000,1905.33
1742331600,1910.01
1742335200,1918.14
1742338800,1932.54
1742342400,1943.01
1742346000,1933.33
1742349600,1932.16
1742353200,1938.37
1742356800,1932.95
1742360400,1939.33
1742364000,1939.12
1742367600,1931.53
1742371200,1940.80
1742374800,1943.07
1742378400,1975.01
1742382000,2028.98
1742385600,2002.78
1742389200,2016.43
1742392800,2031.51
1742396400,2050.14
1742400000,2048.20
1742403600,2027.21
1742407200,2047.66
1742410800,2028.43
1742414400,2032.48
1742418000,2039.90
1742421600,2049.61
1742425200,2057.95
1742428800,2035.91
1742432400,2026.58
1742436000,2033.60
1742439600,2023.16
1742443200,2021.49
1742446800,2018.58
1742450400,2014.15
1742454000,2009.02
1742457600,2021.16
1742461200,2005.30
1742464800,1982.65
1742468400,1990.27
1742472000,1996.36
1742475600,1982.49
1742479200,2000.64
1742482800,1972.05
1742486400,1957.89
1742490000,1968.81
1742493600,1969.75
1742497200,1975.83
1742500800,1978.12
1742504400,1975.06
1742508000,1974.76
1742511600,1981.85
1742515200,1990.53
1742518800,1992.78
1742522400,1985.16
1742526000,1977.07
1742529600,1982.61
1742533200,1971.64
1742536800,1971.64
1742540400,1975.47
1742544000,1973.79
1742547600,1968.16
1742551200,1967.79
1742554800,1965.33
1742558400,1947.59
1742562000,1953.44
1742565600,1950.69
1742569200,1950.63
1742572800,1965.08
1742576400,1968.45
1742580000,1970.59
1742583600,1973.52
1742587200,1974.84
1742590800,1972.88
1742594400,1965.52
1742598000,1964.39
1742601600,1980.60
1742605200,1975.22
1742608800,1981.45
1742612400,1985.78
1742616000,1989.31
1742619600,1986.26
1742623200,1987.94
1742626800,1984.20
1742630400,1988.05
1742634000,1994.65
1742637600,1996.04
1742641200,1989.26
1742644800,1994.42
1742648400,1989.05
1742652000,1984.65
1742655600,1986.71
1742659200,1984.00
1742662800,1993.29
1742666400,1995.89
1742670000,1994.80
1742673600,1994.72
1742677200,1985.51
1742680800,1984.51
1742684400,1979.98
1742688000,1984.90
1742691600,1997.58
1742695200,2001.22
1742698800,2006.72
1742702400,2000.13
1742706000,2000.15
1742709600,2003.58
1742713200,2010.62
1742716800,2009.55
1742720400,2014.65
1742724000,2012.79
1742727600,2007.03
1742731200,2007.10
1742734800,2018.40
1742738400,2005.07
1742742000,2007.30
1742745600,1998.19
1742749200,1992.52
1742752800,1997.93
1742756400,1996.47
1742760000,1992.98
1742763600,1996.09
1742767200,1986.90
1742770800,2005.72
1742774400,1998.16
1742778000,1979.18
1742781600,1992.56
1742785200,2013.63
1742788800,2037.05
1742792400,2048.59
1742796000,2069.20
1742799600,2068.54
1742803200,2090.24
1742806800,2092.76
1742810400,2094.66
1742814000,2092.28
1742817600,2082.34
1742821200,2082.60
1742824800,2079.55
1742828400,2090.26
1742832000,2076.83
1742835600,2088.38
1742839200,2098.53
1742842800,2091.09
1742846400,2085.35
1742850000,2083.60
1742853600,2076.99
1742857200,2076.43
1742860800,2087.46
1742864400,2062.86
1742868000,2063.42
1742871600,2044.26
1742875200,2046.28
1742878800,2048.80
1742882400,2055.40
1742886000,2055.05
1742889600,2061.41
1742893200,2072.06
1742896800,2070.88
1742900400,2070.16
1742904000,2059.27
1742907600,2062.80
1742911200,2074.83
1742914800,2069.26
1742918400,2068.77
1742922000,2078.53
1742925600,2063.92
1742929200,2078.44
1742932800,2064.68
1742936400,2064.82
1742940000,2063.60
1742943600,2068.47
1742947200,2070.69
1742950800,2074.98
1742954400,2051.70
1742958000,2050.99
1742961600,2052.71
1742965200,2060.54
1742968800,2068.27
1742972400,2070.28
1742976000,2065.01
1742979600,2062.43
1742983200,2073.47
1742986800,2069.75
1742990400,2064.78
1742994000,2030.12
1742997600,2019.62
1743001200,2012.84
1743004800,2014.43
1743008400,2006.94
1743012000,1993.66
1743015600,2004.22
1743019200,2009.53
1743022800,2009.81
1743026400,2001.06
1743030000,2008.94
1743033600,2017.30
1743037200,2020.05
1743040800,2031.27
1743044400,2031.27
1743048000,2030.72
1743051600,2022.78
1743055200,2023.64
1743058800,2027.40
1743062400,2026.27
1743066000,2029.00
1743069600,2025.45
1743073200,2016.66
1743076800,2018.36
1743080400,2003.55
1743084000,2024.97
1743087600,2005.45
1743091200,2001.64
1743094800,2000.08
1743098400,2010.88
1743102000,2005.77
1743105600,2006.87
1743109200,2016.79
1743112800,2008.24
1743116400,2002.18
1743120000,2004.22
1743123600,2008.96
1743127200,2006.62
1743130800,2000.62
1743134400,1935.99
1743138000,1918.71
1743141600,1915.75
1743145200,1908.30
1743148800,1907.64
1743152400,1908.45
1743156000,1907.57
1743159600,1898.26
1743163200,1885.41
1743166800,1887.47
1743170400,1887.27
1743174000,1872.62
1743177600,1869.23
1743181200,1882.01
1743184800,1877.16
1743188400,1874.65
1743192000,1877.10
1743195600,1883.57
1743199200,1899.86
1743202800,1895.38
1743206400,1902.29
1743210000,1909.38
1743213600,1894.94
1743217200,1900.04
1743220800,1893.83
1743224400,1888.05
1743228000,1881.63
1743231600,1879.92
1743235200,1883.54
1743238800,1876.30
1743242400,1865.16
1743246000,1841.62
1743249600,1850.31
1743253200,1857.47
1743256800,1847.14
1743260400,1837.25
1743264000,1819.95
1743267600,1817.30
1743271200,1818.35
1743274800,1826.65
1743278400,1816.78
1743282000,1819.60
1743285600,1817.60
1743289200,1827.31
1743292800,1826.15
1743296400,1834.89
1743300000,1838.88
1743303600,1832.86
1743307200,1841.62
1743310800,1837.92
1743314400,1837.95
1743318000,1836.62
1743321600,1846.95
1743325200,1843.65
1743328800,1830.17
1743332400,1832.80
1743336000,1832.41
1743339600,1806.73
1743343200,1812.19
1743346800,1812.57
1743350400,1796.05
1743354000,1803.48
1743357600,1823.38
1743361200,1813.98
1743364800,1814.45
1743368400,1803.41
1743372000,1803.44
1743375600,1806.32
1743379200,1787.61
1743382800,1814.47
1743386400,1812.33
1743390000,1798.23
1743393600,1805.03
1743397200,1808.60
1743400800,1803.41
1743404400,1796.22
1743408000,1796.37
1743411600,1787.06
1743415200,1803.81
1743418800,1812.29
1743422400,1835.16
1743426000,1817.62
1743429600,1839.77
1743433200,1844.99
1743436800,1840.72
1743440400,1825.91
1743444000,1841.06
1743447600,1830.70
1743451200,1820.44
1743454800,1824.64
1743458400,1823.60
1743462000,1823.56
1743465600,1831.25
1743469200,1826.35
1743472800,1838.26
1743476400,1833.62
1743480000,1838.01
1743483600,1841.62
1743487200,1857.85
1743490800,1853.96
1743494400,1885.14
1743498000,1884.40
1743501600,1874.32
1743505200,1862.30
1743508800,1866.23
1743512400,1872.75
1743516000,1880.96
1743519600,1920.47
1743523200,1916.03
1743526800,1915.66
1743530400,1908.35
1743534000,1907.89
1743537600,1913.56
1743541200,1915.67
1743544800,1912.05
1743548400,1905.48
1743552000,1888.84
1743555600,1893.07
1743559200,1879.30
1743562800,1875.84
1743566400,1879.52
1743570000,1857.33
1743573600,1855.18
1743577200,1865.92
1743580800,1867.16
1743584400,1878.90
1743588000,1871.74
1743591600,1868.29
1743595200,1871.09
1743598800,1877.79
1743602400,1875.53
1743606000,1901.44
1743609600,1900.59
1743613200,1892.21
1743616800,1898.99
1743620400,1913.31
1743624000,1880.48
1743627600,1864.80
1743631200,1797.31
1743634800,1794.98
1743638400,1818.89
1743642000,1826.85
1743645600,1829.99
1743649200,1824.06
1743652800,1836.12
1743656400,1823.46
1743660000,1815.32
1743663600,1816.29
1743667200,1821.79
1743670800,1811.12
1743674400,1792.78
1743678000,1793.84
1743681600,1762.10
1743685200,1782.34
1743688800,1757.70
1743692400,1781.68
1743696000,1771.97
1743699600,1776.28
1743703200,1786.91
1743706800,1787.39
1743710400,1799.12
1743714000,1809.38
1743717600,1810.51
1743721200,1815.61
1743724800,1809.91
1743728400,1774.10
1743732000,1788.38
1743735600,1792.24
1743739200,1787.18
1743742800,1804.85
1743746400,1800.57
1743750000,1817.19
1743753600,1827.80
1743757200,1830.60
1743760800,1782.46
1743764400,1783.08
1743768000,1786.31
1743771600,1801.61
1743775200,1789.42
1743778800,1794.38
1743782400,1796.78
1743786000,1822.34
1743789600,1805.04
1743793200,1810.36
1743796800,1819.02
1743800400,1817.96
1743804000,1819.18
1743807600,1815.34
1743811200,1823.54
1743814800,1819.52
1743818400,1815.01
1743822000,1810.10
1743825600,1807.95
1743829200,1810.37
1743832800,1808.12
1743836400,1812.31
1743840000,1813.54
1743843600,1820.16
1743847200,1818.24
1743850800,1807.20
1743854400,1796.57
1743858000,1786.21
1743861600,1791.46
1743865200,1781.72
1743868800,1784.09
1743872400,1787.34
1743876000,1793.05
1743879600,1780.75
1743883200,1789.62
1743886800,1789.68
1743890400,1796.27
1743894000,1805.97
1743897600,1809.29
1743901200,1809.68
1743904800,1805.27
1743908400,1808.43
1743912000,1808.77
1743915600,1811.25
1743919200,1800.46
1743922800,1797.52
1743926400,1794.23
1743930000,1789.50
1743933600,1788.85
1743937200,1789.10
1743940800,1778.62
1743944400,1748.83
1743948000,1767.37
1743951600,1759.41
1743955200,1738.36
1743958800,1683.12
1743962400,1616.42
1743966000,1626.87
1743969600,1576.16
1743973200,1588.01
1743976800,1575.11
1743980400,1576.95
1743984000,1572.48
1743987600,1600.56
1743991200,1577.00
1743994800,1540.23
1743998400,1549.06
1744002000,1537.78
1744005600,1432.31
1744009200,1461.18
1744012800,1493.87
1744016400,1482.71
1744020000,1490.08
1744023600,1481.61
1744027200,1518.39
1744030800,1549.21
1744034400,1568.45
1744038000,1555.77
1744041600,1526.75
1744045200,1565.65
1744048800,1549.85
1744052400,1547.29
1744056000,1567.63
1744059600,1570.05
1744063200,1580.53
1744066800,1554.93
1744070400,1546.19
1744074000,1592.43
1744077600,1588.02
1744081200,1583.83
1744084800,1599.26
1744088400,1590.82
1744092000,1576.90
1744095600,1570.27
1744099200,1566.25
1744102800,1568.22
1744106400,1566.04
1744110000,1588.25
1744113600,1572.50
1744117200,1568.76
1744120800,1533.31
1744124400,1531.28
1744128000,1485.61
1744131600,1479.91
1744135200,1474.64
1744138800,1466.66
1744142400,1479.67
1744146000,1475.52
1744149600,1467.59
1744153200,1472.60
1744156800,1464.78
1744160400,1433.38
1744164000,1415.84
1744167600,1417.38
1744171200,1439.52
1744174800,1457.06
1744178400,1459.18
1744182000,1484.97
1744185600,1482.03
1744189200,1480.51
1744192800,1494.03
1744196400,1453.44
1744200000,1463.93
1744203600,1488.61
1744207200,1472.62
1744210800,1483.71
1744214400,1501.34
1744218000,1632.28
1744221600,1628.51
1744225200,1642.03
1744228800,1663.25
1744232400,1670.53
1744236000,1671.11
1744239600,1668.20
1744243200,1646.44
1744246800,1636.60
1744250400,1631.46
1744254000,1614.30
1744257600,1618.09
1744261200,1617.01
1744264800,1615.66
1744268400,1594.37
1744272000,1590.66
1744275600,1604.45
1744279200,1594.03
1744282800,1593.19
1744286400,1591.10
1744290000,1567.71
1744293600,1565.34
1744297200,1495.04
1744300800,1508.47
1744304400,1513.09
1744308000,1518.65
1744311600,1523.53
1744315200,1528.10
1744318800,1522.86
1744322400,1524.96
1744326000,1522.47
1744329600,1507.22
1744333200,1543.15
1744336800,1533.94
1744340400,1542.99
1744344000,1546.91
1744347600,1549.06
1744351200,1551.38
1744354800,1552.22
1744358400,1548.98
1744362000,1561.52
1744365600,1566.54
1744369200,1557.43
1744372800,1554.83
1744376400,1568.82
1744380000,1555.80
1744383600,1565.00
1744387200,1566.78
1744390800,1579.31
1744394400,1562.27
1744398000,1565.99
1744401600,1570.35
1744405200,1573.13
1744408800,1566.02
1744412400,1567.16
1744416000,1561.64
1744419600,1554.37
1744423200,1549.23
1744426800,1553.92
1744430400,1566.76
1744434000,1567.63
1744437600,1572.95
1744441200,1580.41
1744444800,1591.90
1744448400,1597.51
1744452000,1591.35
1744455600,1593.94
1744459200,1606.33
1744462800,1638.09
1744466400,1655.21
1744470000,1655.55
1744473600,1642.34
1744477200,1633.73
1744480800,1650.01
1744484400,1642.07
1744488000,1650.36
1744491600,1646.92
1744495200,1649.76
1744498800,1643.50
1744502400,1642.98
1744506000,1615.48
1744509600,1626.31
1744513200,1623.80
1744516800,1606.94
1744520400,1608.63
1744524000,1616.62
1744527600,1614.25
1744531200,1620.09
1744534800,1626.45
1744538400,1616.87
1744542000,1602.65
1744545600,1602.58
1744549200,1570.21
1744552800,1584.86
1744556400,1586.31
1744560000,1595.01
1744563600,1640.45
1744567200,1629.29
1744570800,1588.20
1744574400,1592.95
1744578000,1594.14
1744581600,1586.69
1744585200,1596.88
1744588800,1610.82
1744592400,1613.78
1744596000,1635.13
1744599600,1627.73
1744603200,1638.24
1744606800,1623.96
1744610400,1623.65
1744614000,1635.02
1744617600,1636.87
1744621200,1641.18
1744624800,1680.20
1744628400,1674.82
1744632000,1675.04
1744635600,1659.81
1744639200,1673.90
1744642800,1628.25
1744646400,1628.80
1744650000,1647.52
1744653600,1639.84
1744657200,1632.67
1744660800,1636.84
1744664400,1625.55
1744668000,1620.79
1744671600,1622.77
1744675200,1630.04
1744678800,1634.32
1744682400,1628.32
1744686000,1638.18
1744689600,1639.24
1744693200,1639.61
1744696800,1636.25
1744700400,1644.33
1744704000,1639.86
1744707600,1647.44
1744711200,1632.73
1744714800,1631.40
1744718400,1641.67
1744722000,1629.89
1744725600,1621.07
1744729200,1619.01
1744732800,1621.97
1744736400,1616.14
1744740000,1610.46
1744743600,1607.63
1744747200,1595.20
1744750800,1605.00
1744754400,1590.41
1744758000,1589.03
1744761600,1580.07
1744765200,1597.03
1744768800,1597.61
1744772400,1591.77
1744776000,1585.43
1744779600,1569.46
1744783200,1576.76
1744786800,1564.15
1744790400,1575.37
1744794000,1569.34
1744797600,1581.47
1744801200,1583.55
1744804800,1578.21
1744808400,1571.34
1744812000,1590.54
1744815600,1591.83
1744819200,1591.88
1744822800,1547.14
1744826400,1566.57
1744830000,1590.39
1744833600,1571.92
1744837200,1594.93
1744840800,1589.37
1744844400,1578.01
1744848000,1584.32
1744851600,1588.33
1744855200,1591.04
1744858800,1584.42
1744862400,1590.05
1744866000,1598.40
1744869600,1603.52
1744873200,1601.13
1744876800,1595.70
1744880400,1594.44
1744884000,1593.17
1744887600,1593.62
1744891200,1600.17
1744894800,1591.97
1744898400,1570.10
1744902000,1582.77
1744905600,1605.44
1744909200,1610.20
1744912800,1603.48
1744916400,1581.00
1744920000,1583.11
1744923600,1589.88
1744927200,1580.64
1744930800,1582.40
1744934400,1579.03
1744938000,1582.22
1744941600,1585.06
1744945200,1584.35
1744948800,1580.99
1744952400,1580.95
1744956000,1580.55
1744959600,1583.30
1744963200,1585.91
1744966800,1588.26
1744970400,1583.81
1744974000,1590.22
1744977600,1593.07
1744981200,1592.37
1744984800,1588.78
1744988400,1582.61
1744992000,1585.77
1744995600,1591.84
1744999200,1593.88
1745002800,1591.94
1745006400,1592.92
1745010000,1597.17
1745013600,1592.79
1745017200,1588.97
1745020800,1586.77
1745024400,1589.67
1745028000,1591.91
1745031600,1598.12
1745035200,1603.29
1745038800,1602.34
1745042400,1596.44
1745046000,1600.93
1745049600,1602.53
1745053200,1598.58
1745056800,1596.71
1745060400,1596.20
1745064000,1597.04
1745067600,1604.48
1745071200,1605.81
1745074800,1606.48
1745078400,1599.56
1745082000,1618.25
1745085600,1614.78
1745089200,1614.50
1745092800,1614.98
1745096400,1620.08
1745100000,1618.37
1745103600,1612.97
1745107200,1610.44
1745110800,1616.75
1745114400,1615.86
1745118000,1611.04
1745121600,1614.25
1745125200,1609.96
1745128800,1605.33
1745132400,1596.52
1745136000,1589.74
1745139600,1591.18
1745143200,1573.56
1745146800,1571.51
1745150400,1576.65
1745154000,1577.89
1745157600,1580.57
1745161200,1573.34
1745164800,1580.74
1745168400,1579.70
1745172000,1581.44
1745175600,1586.09
1745179200,1587.05
1745182800,1588.19
1745186400,1581.29
1745190000,1587.46
1745193600,1610.63
1745197200,1625.58
1745200800,1632.01
1745204400,1634.29
1745208000,1640.14
1745211600,1648.20
1745215200,1647.93
1745218800,1645.49
1745222400,1648.88
1745226000,1642.27
1745229600,1635.44
1745233200,1626.12
1745236800,1624.31
1745240400,1613.85
1745244000,1629.77
1745247600,1623.33
1745251200,1593.81
1745254800,1576.59
1745258400,1569.78
1745262000,1574.96
1745265600,1575.57
1745269200,1579.05
1745272800,1577.95
1745276400,1579.82
1745280000,1566.02
1745283600,1587.63
1745287200,1576.42
1745290800,1578.93
1745294400,1577.87
1745298000,1583.90
1745301600,1582.57
1745305200,1618.82
1745308800,1626.88
1745312400,1624.48
1745316000,1627.92
1745319600,1630.91
1745323200,1636.21
1745326800,1639.27
1745330400,1670.60
1745334000,1697.76
1745337600,1691.00
1745341200,1701.21
1745344800,1704.90
1745348400,1698.19
1745352000,1697.15
1745355600,1751.72
1745359200,1744.91
1745362800,1758.29
1745366400,1751.90
1745370000,1764.71
1745373600,1793.67
1745377200,1794.56
1745380800,1810.37
1745384400,1796.91
1745388000,1790.90
1745391600,1788.20
1745395200,1791.45
1745398800,1789.75
1745402400,1805.39
1745406000,1795.18
1745409600,1815.74
1745413200,1786.72
1745416800,1787.53
1745420400,1790.47
1745424000,1794.59
1745427600,1799.51
1745431200,1799.16
1745434800,1787.22
1745438400,1797.39
1745442000,1789.56
1745445600,1803.71
1745449200,1795.98
1745452800,1790.71
1745456400,1797.44
1745460000,1779.26
1745463600,1768.32
1745467200,1772.67
1745470800,1769.64
1745474400,1767.25
1745478000,1755.96
1745481600,1735.14
1745485200,1744.62
1745488800,1750.87
1745492400,1754.40
1745496000,1757.55
1745499600,1750.96
1745503200,1766.62
1745506800,1765.95
1745510400,1774.65
1745514000,1755.74
1745517600,1763.94
1745521200,1766.50
1745524800,1763.53
1745528400,1760.79
1745532000,1760.10
1745535600,1770.00
1745539200,1773.31
1745542800,1766.17
1745546400,1741.62
1745550000,1758.87
1745553600,1766.40
1745557200,1767.34
1745560800,1777.06
1745564400,1775.60
1745568000,1776.80
1745571600,1788.89
1745575200,1771.92
1745578800,1789.10
1745582400,1776.14
1745586000,1771.61
1745589600,1806.42
1745593200,1808.68
1745596800,1801.97
1745600400,1785.97
1745604000,1797.28
1745607600,1800.51
1745611200,1800.45
1745614800,1788.32
1745618400,1796.30
1745622000,1786.63
1745625600,1797.37
1745629200,1807.84
1745632800,1810.13
1745636400,1798.17
1745640000,1793.12
1745643600,1796.05
1745647200,1803.67
1745650800,1802.05
1745654400,1809.18
1745658000,1803.17
1745661600,1805.41
1745665200,1787.55
1745668800,1794.78
1745672400,1789.39
1745676000,1795.21
1745679600,1801.29
1745683200,1802.92
1745686800,1804.88
1745690400,1804.94
1745694000,1810.20
1745697600,1808.03
1745701200,1813.07
1745704800,1816.73
1745708400,1822.18
1745712000,1843.54
1745715600,1806.76
1745719200,1813.75
1745722800,1809.69
1745726400,1800.20
1745730000,1797.83
1745733600,1801.61
1745737200,1804.30
1745740800,1810.95
1745744400,1811.41
1745748000,1809.14
1745751600,1807.96
1745755200,1797.35
1745758800,1798.87
1745762400,1797.83
1745766000,1794.81
1745769600,1794.42
1745773200,1799.24
1745776800,1804.23
1745780400,1807.59
1745784000,1803.82
1745787600,1804.91
1745791200,1795.10
1745794800,1792.45
1745798400,1773.87
1745802000,1765.14
1745805600,1772.93
1745809200,1785.08
1745812800,1787.62
1745816400,1795.33
1745820000,1804.73
1745823600,1805.44
1745827200,1809.47
1745830800,1808.33
1745834400,1816.19
1745838000,1816.30
1745841600,1809.15
1745845200,1785.13
1745848800,1782.54
1745852400,1761.08
1745856000,1758.07
1745859600,1772.08
1745863200,1776.97
1745866800,1798.96
1745870400,1787.31
1745874000,1791.00
1745877600,1802.01
1745881200,1798.91
1745884800,1802.14
1745888400,1799.03
1745892000,1795.51
1745895600,1802.46
1745899200,1792.86
1745902800,1795.72
1745906400,1821.69
1745910000,1821.58
1745913600,1832.99
1745917200,1833.49
1745920800,1826.19
1745924400,1830.25
1745928000,1823.07
1745931600,1817.58
1745935200,1823.69
1745938800,1815.91
1745942400,1816.24
1745946000,1827.08
1745949600,1826.86
1745953200,1823.98
1745956800,1810.59
1745960400,1800.97
1745964000,1794.75
1745967600,1799.21
1745971200,1805.06
1745974800,1798.29
1745978400,1804.01
1745982000,1809.23
1745985600,1812.87
1745989200,1805.66
1745992800,1804.40
1745996400,1795.90
1746000000,1796.63
1746003600,1806.84
1746007200,1808.38
1746010800,1815.83
1746014400,1778.50
1746018000,1743.51
1746021600,1761.67
1746025200,1764.91
1746028800,1768.39
1746032400,1776.81
1746036000,1782.62
1746039600,1787.52
1746043200,1794.69
1746046800,1793.73
1746050400,1795.87
1746054000,1793.59
1746057600,1796.96
1746061200,1808.68
1746064800,1808.47
1746068400,1808.20
1746072000,1810.16
1746075600,1813.59
1746079200,1807.35
1746082800,1811.99
1746086400,1818.37
1746090000,1820.82
1746093600,1845.48
1746097200,1845.58
1746100800,1849.74
1746104400,1827.87
1746108000,1848.21
1746111600,1853.76
1746115200,1861.66
1746118800,1856.37
1746122400,1856.48
1746126000,1842.60
1746129600,1840.82
1746133200,1844.91
1746136800,1839.79
1746140400,1839.82
1746144000,1847.55
1746147600,1844.09
1746151200,1848.10
1746154800,1848.43
1746158400,1842.18
1746162000,1832.77
1746165600,1832.43
1746169200,1817.48
1746172800,1822.97
1746176400,1822.40
1746180000,1829.50
1746183600,1833.14
1746187200,1840.22
1746190800,1833.02
1746194400,1848.40
1746198000,1840.98
1746201600,1852.51
1746205200,1852.91
1746208800,1849.11
1746212400,1838.94
1746216000,1847.68
1746219600,1839.48
1746223200,1835.76
1746226800,1842.72
1746230400,1838.84
1746234000,1829.07
1746237600,1834.65
1746241200,1835.60
1746244800,1839.10
1746248400,1834.38
1746252000,1827.85
1746255600,1827.51
1746259200,1825.89
1746262800,1825.02
1746266400,1822.04
1746270000,1824.64
1746273600,1830.48
1746277200,1834.92
1746280800,1834.88
1746284400,1835.35
1746288000,1827.67
1746291600,1824.62
1746295200,1826.03
1746298800,1839.02
1746302400,1838.70
1746306000,1840.18
1746309600,1842.77
1746313200,1833.65
1746316800,1838.32
1746320400,1838.95
1746324000,1834.68
1746327600,1833.81
1746331200,1831.71
1746334800,1847.85
1746338400,1845.23
1746342000,1840.52
1746345600,1832.24
1746349200,1827.17
1746352800,1828.04
1746356400,1828.09
1746360000,1830.94
1746363600,1825.73
1746367200,1832.20
1746370800,1830.69
1746374400,1827.85
1746378000,1829.24
1746381600,1827.17
1746385200,1828.88
1746388800,1835.82
1746392400,1835.70
1746396000,1817.82
1746399600,1808.70
1746403200,1817.71
1746406800,1791.51
1746410400,1799.54
1746414000,1796.24
1746417600,1805.33
1746421200,1816.16
1746424800,1820.42
1746428400,1826.17
1746432000,1828.11
1746435600,1823.67
1746439200,1804.21
1746442800,1806.06
1746446400,1804.49
1746450000,1807.10
1746453600,1804.08
1746457200,1800.15
1746460800,1807.73
1746464400,1814.62
1746468000,1822.14
1746471600,1815.17
1746475200,1809.30
1746478800,1816.47
1746482400,1826.01
1746486000,1819.73
1746489600,1813.20
1746493200,1805.01
1746496800,1802.77
1746500400,1806.58
1746504000,1806.65
1746507600,1798.69
1746511200,1805.24
1746514800,1806.24
1746518400,1800.81
1746522000,1797.23
1746525600,1785.03
1746529200,1767.87
1746532800,1774.85
1746536400,1760.89
1746540000,1768.88
1746543600,1770.24
1746547200,1762.57
1746550800,1767.22
1746554400,1788.16
1746558000,1785.40
1746561600,1774.04
1746565200,1774.89
1746568800,1809.84
1746572400,1815.02
1746576000,1838.35
1746579600,1831.39
1746583200,1824.53
1746586800,1825.93
1746590400,1828.20
1746594000,1827.98
1746597600,1830.39
1746601200,1838.28
1746604800,1840.91
1746608400,1844.05
1746612000,1834.11
1746615600,1835.63
1746619200,1830.59
1746622800,1829.09
1746626400,1822.45
1746630000,1818.50
1746633600,1812.76
1746637200,1795.01
1746640800,1806.33
1746644400,1797.09
1746648000,1796.78
1746651600,1803.49
1746655200,1817.49
1746658800,1811.55
1746662400,1824.51
1746666000,1821.68
1746669600,1841.34
1746673200,1901.48
1746676800,1894.25
1746680400,1897.22
1746684000,1909.53
1746687600,1928.43
1746691200,1935.69
1746694800,1939.84
1746698400,1963.40
1746702000,1956.08
1746705600,1960.71
1746709200,1975.01
1746712800,1993.73
1746716400,2051.00
1746720000,2048.45
1746723600,2046.33
1746727200,2066.13
1746730800,2127.60
1746734400,2181.62
1746738000,2178.50
1746741600,2179.32
1746745200,2206.13
1746748800,2201.94
1746752400,2207.61
1746756000,2214.73
1746759600,2204.02
1746763200,2214.72
1746766800,2212.95
1746770400,2252.80
1746774000,2368.02
1746777600,2415.12
1746781200,2339.41
1746784800,2344.96
1746788400,2349.81
1746792000,2338.56
1746795600,2371.97
1746799200,2306.26
1746802800,2300.80
1746806400,2295.78
1746810000,2350.89
1746813600,2342.71
1746817200,2328.15
1746820800,2339.64
1746824400,2337.11
1746828000,2334.53
1746831600,2345.81
1746835200,2327.58
1746838800,2340.03
1746842400,2340.93
1746846000,2340.64
1746849600,2336.73
1746853200,2352.77
1746856800,2361.04
1746860400,2405.84
1746864000,2380.28
1746867600,2409.84
1746871200,2401.79
1746874800,2383.57
1746878400,2407.85
1746882000,2436.41
1746885600,2435.64
1746889200,2437.78
1746892800,2462.14
1746896400,2464.32
1746900000,2497.01
1746903600,2500.26
1746907200,2492.80
1746910800,2539.83
1746914400,2581.60
1746918000,2582.71
1746921600,2542.47
1746925200,2525.25
1746928800,2539.97
1746932400,2538.13
1746936000,2542.38
1746939600,2556.63
1746943200,2522.76
1746946800,2474.48
1746950400,2482.59
1746954000,2516.23
1746957600,2508.10
1746961200,2532.97
1746964800,2516.99
1746968400,2474.51
1746972000,2488.51
1746975600,2464.07
1746979200,2470.43
1746982800,2492.68
1746986400,2501.47
1746990000,2509.71
1746993600,2510.97
1746997200,2516.81
1747000800,2502.76
1747004400,2510.29
1747008000,2531.23
1747011600,2505.95
1747015200,2520.34
1747018800,2519.00
1747022400,2520.80
1747026000,2496.01
1747029600,2519.36
1747033200,2553.95
1747036800,2575.26
1747040400,2550.46
1747044000,2560.19
1747047600,2531.18
1747051200,2556.00
1747054800,2561.80
1747058400,2505.50
1747062000,2485.39
1747065600,2499.80
1747069200,2475.78
1747072800,2440.39
1747076400,2460.14
1747080000,2488.62
1747083600,2479.94
1747087200,2487.63
1747090800,2496.34
1747094400,2465.07
1747098000,2457.00
1747101600,2441.10
1747105200,2426.87
1747108800,2457.62
1747112400,2449.59
1747116000,2454.74
1747119600,2460.52
1747123200,2459.57
1747126800,2485.11
1747130400,2483.83
1747134000,2512.74
1747137600,2525.05
1747141200,2551.52
1747144800,2544.36
1747148400,2566.57
1747152000,2597.67
1747155600,2608.25
1747159200,2667.98
1747162800,2686.00
1747166400,2689.83
1747170000,2687.79
1747173600,2682.91
1747177200,2680.26
1747180800,2698.47
1747184400,2671.56
1747188000,2641.74
1747191600,2644.17
1747195200,2666.07
1747198800,2673.65
1747202400,2674.90
1747206000,2647.46
1747209600,2612.66
1747213200,2608.32
1747216800,2597.97
1747220400,2623.50
1747224000,2613.26
1747227600,2603.26
1747231200,2583.64
1747234800,2596.11
1747238400,2588.75
1747242000,2588.00
1747245600,2606.09
1747249200,2607.27
1747252800,2600.50
1747256400,2607.31
1747260000,2594.58
1747263600,2610.03
1747267200,2631.85
1747270800,2576.71
1747274400,2590.08
1747278000,2575.56
1747281600,2594.37
1747285200,2568.31
1747288800,2572.52
1747292400,2530.64
1747296000,2564.04
1747299600,2538.55
1747303200,2540.67
1747306800,2553.64
1747310400,2553.09
1747314000,2528.44
1747317600,2499.56
1747321200,2564.82
1747324800,2595.92
1747328400,2573.41
1747332000,2521.91
1747335600,2530.99
1747339200,2537.58
1747342800,2539.47
1747346400,2544.06
1747350000,2547.06
1747353600,2542.42
1747357200,2565.54
1747360800,2574.56
1747364400,2581.94
1747368000,2573.10
1747371600,2594.73
1747375200,2596.35
1747378800,2600.83
1747382400,2574.24
1747386000,2613.16
1747389600,2626.60
1747393200,2620.88
1747396800,2599.11
1747400400,2608.15
1747404000,2584.56
1747407600,2593.28
1747411200,2587.24
1747414800,2575.49
1747418400,2589.22
1747422000,2591.00
1747425600,2567.05
1747429200,2566.83
1747432800,2545.02
1747436400,2536.30
1747440000,2503.90
1747443600,2476.42
1747447200,2491.59
1747450800,2496.92
1747454400,2507.02
1747458000,2477.94
1747461600,2494.08
1747465200,2491.48
1747468800,2481.32
1747472400,2483.74
1747476000,2484.81
1747479600,2481.76
1747483200,2471.74
1747486800,2460.87
1747490400,2483.08
1747494000,2477.91
1747497600,2465.53
1747501200,2471.93
1747504800,2466.93
1747508400,2471.71
1747512000,2489.71
1747515600,2486.66
1747519200,2462.79
1747522800,2475.77
1747526400,2484.32
1747530000,2484.85
1747533600,2481.33
1747537200,2478.10
1747540800,2486.46
1747544400,2512.13
1747548000,2496.14
1747551600,2510.15
1747555200,2518.65
1747558800,2507.70
1747562400,2505.44
1747566000,2501.84
1747569600,2508.39
1747573200,2536.57
1747576800,2559.57
1747580400,2578.76
1747584000,2577.03
1747587600,2492.72
1747591200,2460.51
1747594800,2410.96
1747598400,2396.88
1747602000,2409.09
1747605600,2447.24
1747609200,2498.80
1747612800,2442.87
1747616400,2430.60
1747620000,2402.22
1747623600,2386.64
1747627200,2364.79
1747630800,2378.79
1747634400,2355.55
1747638000,2404.08
1747641600,2402.47
1747645200,2406.62
1747648800,2413.64
1747652400,2420.00
1747656000,2394.19
1747659600,2429.79
1747663200,2449.30
1747666800,2467.78
1747670400,2504.94
1747674000,2508.57
1747677600,2487.96
1747681200,2514.40
1747684800,2521.33
1747688400,2520.67
1747692000,2504.24
1747695600,2529.14
1747699200,2513.67
1747702800,2546.25
1747706400,2564.15
1747710000,2553.48
1747713600,2571.41
1747717200,2558.60
1747720800,2546.19
1747724400,2532.39
1747728000,2533.49
1747731600,2527.19
1747735200,2515.79
1747738800,2514.85
1747742400,2485.14
1747746000,2478.23
1747749600,2470.11
1747753200,2484.18
1747756800,2476.06
1747760400,2499.60
1747764000,2451.25
1747767600,2503.54
1747771200,2512.12
1747774800,2513.93
1747778400,2514.19
1747782000,2524.16
1747785600,2529.75
1747789200,2535.13
1747792800,2539.85
1747796400,2545.65
1747800000,2551.87
1747803600,2597.55
1747807200,2599.19
1747810800,2552.97
1747814400,2539.19
1747818000,2525.38
1747821600,2529.31
1747825200,2538.16
1747828800,2538.65
1747832400,2554.21
1747836000,2573.97
1747839600,2568.07
1747843200,2590.88
1747846800,2461.00
1747850400,2476.16
1747854000,2517.29
1747857600,2506.86
1747861200,2506.78
1747864800,2537.32
1747868400,2552.77
1747872000,2576.14
1747875600,2575.89
1747879200,2594.86
1747882800,2635.35
1747886400,2628.93
1747890000,2613.53
1747893600,2607.85
1747897200,2633.86
1747900800,2663.81
1747904400,2665.09
1747908000,2653.47
1747911600,2660.02
1747915200,2658.31
1747918800,2649.30
1747922400,2660.12
1747926000,2661.95
1747929600,2644.83
1747933200,2659.76
1747936800,2661.06
1747940400,2631.66
1747944000,2641.13
1747947600,2637.70
1747951200,2635.36
1747954800,2664.08
1747958400,2662.14
1747962000,2674.11
1747965600,2700.70
1747969200,2723.11
1747972800,2695.16
1747976400,2695.58
1747980000,2656.72
1747983600,2655.80
1747987200,2668.00
1747990800,2683.97
1747994400,2670.95
1747998000,2559.06
1748001600,2548.40
1748005200,2583.27
1748008800,2577.07
1748012400,2569.41
1748016000,2566.92
1748019600,2577.22
1748023200,2558.78
1748026800,2563.78
1748030400,2541.49
1748034000,2530.74
1748037600,2540.52
1748041200,2526.39
1748044800,2517.71
1748048400,2525.07
1748052000,2539.18
1748055600,2550.19
1748059200,2560.14
1748062800,2551.10
1748066400,2546.33
1748070000,2546.29
1748073600,2557.13
1748077200,2553.85
1748080800,2570.87
1748084400,2563.38
1748088000,2559.26
1748091600,2546.59
1748095200,2560.92
1748098800,2555.52
1748102400,2558.20
1748106000,2559.96
1748109600,2549.03
1748113200,2555.55
1748116800,2552.37
1748120400,2542.53
1748124000,2525.63
1748127600,2530.89
1748131200,2485.42
1748134800,2496.74
1748138400,2509.65
1748142000,2514.12
1748145600,2518.43
1748149200,2512.98
1748152800,2506.50
1748156400,2493.88
1748160000,2476.88
1748163600,2495.13
1748167200,2491.32
1748170800,2497.60
1748174400,2516.66
1748178000,2516.29
1748181600,2506.65
1748185200,2511.56
1748188800,2511.42
1748192400,2514.22
1748196000,2516.50
1748199600,2530.28
1748203200,2523.51
1748206800,2517.50
1748210400,2549.58
1748214000,2551.38
1748217600,2571.27
1748221200,2558.38
1748224800,2554.17
1748228400,2560.93
1748232000,2565.54
1748235600,2570.58
1748239200,2585.14
1748242800,2580.60
1748246400,2568.37
1748250000,2563.57
1748253600,2559.98
1748257200,2567.00
1748260800,2570.89
1748264400,2550.94
1748268000,2550.42
1748271600,2566.46
1748275200,2541.85
1748278800,2533.33
1748282400,2534.88
1748286000,2542.52
1748289600,2562.84
1748293200,2565.00
1748296800,2560.33
1748300400,2564.14
1748304000,2551.39
1748307600,2529.88
1748311200,2536.61
1748314800,2549.91
1748318400,2558.04
1748322000,2570.35
1748325600,2569.77
1748329200,2606.88
1748332800,2633.24
1748336400,2638.11
1748340000,2637.95
1748343600,2651.24
1748347200,2647.09
1748350800,2656.06
1748354400,2658.93
1748358000,2667.19
1748361600,2671.59
1748365200,2700.63
1748368800,2681.47
1748372400,2686.11
1748376000,2668.77
1748379600,2661.60
1748383200,2661.52
1748386800,2663.01
1748390400,2658.71
1748394000,2639.19
1748397600,2639.67
1748401200,2647.12
1748404800,2648.17
1748408400,2641.16
1748412000,2628.89
1748415600,2636.49
1748419200,2642.56
1748422800,2627.09
1748426400,2641.91
1748430000,2656.52
1748433600,2666.87
1748437200,2658.98
1748440800,2629.23
1748444400,2628.05
1748448000,2639.72
1748451600,2653.59
1748455200,2637.20
1748458800,2625.67
1748462400,2633.78
1748466000,2650.61
1748469600,2650.06
1748473200,2682.02
1748476800,2714.97
1748480400,2717.46
1748484000,2771.62
1748487600,2759.60
1748491200,2728.22
1748494800,2722.98
1748498400,2727.89
1748502000,2732.17
1748505600,2725.91
1748509200,2733.02
1748512800,2731.21
1748516400,2716.41
1748520000,2693.48
1748523600,2659.22
1748527200,2674.20
1748530800,2643.55
1748534400,2641.75
1748538000,2658.91
1748541600,2650.68
1748545200,2653.92
1748548800,2644.21
1748552400,2658.00
1748556000,2646.87
1748559600,2632.84
1748563200,2570.39
1748566800,2598.34
1748570400,2627.85
1748574000,2630.60
1748577600,2634.81
1748581200,2642.00
1748584800,2620.93
1748588400,2623.07
1748592000,2618.72
1748595600,2616.88
1748599200,2620.92
1748602800,2624.14
1748606400,2614.60
1748610000,2579.14
1748613600,2596.86
1748617200,2598.82
1748620800,2543.11
1748624400,2548.59
1748628000,2577.50
1748631600,2577.40
1748635200,2576.29
1748638800,2569.76
1748642400,2529.86
1748646000,2529.83
1748649600,2520.03
1748653200,2491.84
1748656800,2489.38
1748660400,2513.08
1748664000,2524.59
1748667600,2514.09
1748671200,2522.46
1748674800,2524.19
1748678400,2526.94
1748682000,2523.81
1748685600,2519.89
1748689200,2519.88
1748692800,2536.04
1748696400,2532.53
1748700000,2542.17
1748703600,2537.11
1748707200,2541.41
1748710800,2527.53
1748714400,2541.03
1748718000,2538.51
1748721600,2542.50
1748725200,2542.47
1748728800,2533.52
1748732400,2529.10
1748736000,2525.94
1748739600,2506.22
1748743200,2508.59
1748746800,2515.10
1748750400,2523.76
1748754000,2519.37
1748757600,2512.67
1748761200,2510.14
1748764800,2504.47
1748768400,2490.16
1748772000,2493.55
1748775600,2497.46
1748779200,2484.38
1748782800,2493.96
1748786400,2510.19
1748790000,2524.25
1748793600,2538.71
1748797200,2540.77
1748800800,2519.20
1748804400,2525.51
1748808000,2527.32
1748811600,2539.15
1748815200,2535.73
1748818800,2536.18
1748822400,2534.66
1748826000,2527.93
1748829600,2509.03
1748833200,2497.93
1748836800,2491.18
1748840400,2492.88
1748844000,2495.64
1748847600,2507.18
1748851200,2496.56
1748854800,2482.90
1748858400,2483.51
1748862000,2482.42
1748865600,2496.74
1748869200,2504.73
1748872800,2531.08
1748876400,2544.44
1748880000,2550.30
1748883600,2550.82
1748887200,2544.00
1748890800,2534.81
1748894400,2539.87
1748898000,2559.86
1748901600,2582.87
1748905200,2607.20
1748908800,2622.30
1748912400,2649.01
1748916000,2618.45
1748919600,2604.32
1748923200,2592.27
1748926800,2616.05
1748930400,2617.73
1748934000,2610.47
1748937600,2608.37
1748941200,2616.16
1748944800,2613.56
1748948400,2603.10
1748952000,2612.68
1748955600,2629.47
1748959200,2650.03
1748962800,2624.49
1748966400,2606.61
1748970000,2621.07
1748973600,2619.28
1748977200,2625.48
1748980800,2616.07
1748984400,2590.65
1748988000,2605.47
1748991600,2593.48
1748995200,2600.60
1748998800,2613.54
1749002400,2613.78
1749006000,2629.25
1749009600,2638.35
1749013200,2625.81
1749016800,2630.61
1749020400,2628.59
1749024000,2641.45
1749027600,2643.61
1749031200,2639.36
1749034800,2627.00
1749038400,2618.13
1749042000,2616.67
1749045600,2639.16
1749049200,2668.48
1749052800,2659.94
1749056400,2635.95
1749060000,2630.50
1749063600,2627.85
1749067200,2605.01
1749070800,2620.78
1749074400,2607.78
1749078000,2608.61
1749081600,2612.70
1749085200,2607.10
1749088800,2622.09
1749092400,2625.79
1749096000,2631.37
1749099600,2614.57
1749103200,2605.54
1749106800,2604.76
1749110400,2605.53
1749114000,2610.49
1749117600,2597.63
1749121200,2609.01
1749124800,2635.95
1749128400,2590.04
1749132000,2588.89
1749135600,2592.72
1749139200,2561.70
1749142800,2570.18
1749146400,2576.29
1749150000,2531.24
1749153600,2401.58
1749157200,2439.60
1749160800,2433.49
1749164400,2416.46
1749168000,2427.11
1749171600,2422.97
1749175200,2434.43
1749178800,2456.70
1749182400,2460.68
1749186000,2460.97
1749189600,2459.89
1749193200,2455.38
1749196800,2462.39
1749200400,2470.88
1749204000,2483.89
1749207600,2477.69
1749211200,2477.04
1749214800,2503.70
1749218400,2519.38
1749222000,2508.08
1749225600,2497.47
1749229200,2500.85
1749232800,2495.35
1749236400,2488.26
1749240000,2502.33
1749243600,2493.84
1749247200,2485.14
1749250800,2477.18
1749254400,2478.55
1749258000,2474.14
1749261600,2483.35
1749265200,2490.87
1749268800,2491.10
1749272400,2496.18
1749276000,2499.70
1749279600,2492.55
1749283200,2485.64
1749286800,2487.46
1749290400,2496.59
1749294000,2495.94
1749297600,2499.30
1749301200,2508.88
1749304800,2517.02
1749308400,2520.22
1749312000,2512.63
1749315600,2508.41
1749319200,2517.21
1749322800,2518.27
1749326400,2522.89
1749330000,2524.15
1749333600,2535.59
1749337200,2526.19
1749340800,2518.74
1749344400,2520.42
1749348000,2513.97
1749351600,2513.01
1749355200,2517.56
1749358800,2511.68
1749362400,2514.20
1749366000,2514.43
1749369600,2518.24
1749373200,2499.93
1749376800,2504.50
1749380400,2513.89
1749384000,2508.42
1749387600,2513.17
1749391200,2514.77
1749394800,2514.79
1749398400,2527.95
1749402000,2524.70
1749405600,2532.66
1749409200,2533.55
1749412800,2531.84
1749416400,2539.23
1749420000,2508.52
1749423600,2510.84
1749427200,2505.60
1749430800,2495.83
1749434400,2495.94
1749438000,2497.50
1749441600,2487.66
1749445200,2483.94
1749448800,2494.31
1749452400,2493.09
1749456000,2497.54
1749459600,2513.50
1749463200,2536.26
1749466800,2543.29
1749470400,2547.07
1749474000,2519.38
1749477600,2530.90
1749481200,2537.36
1749484800,2560.72
1749488400,2573.25
1749492000,2584.23
1749495600,2582.10
1749499200,2589.90
1749502800,2645.98
1749506400,2662.48
1749510000,2681.29
1749513600,2699.67
1749517200,2709.11
1749520800,2692.63
1749524400,2688.86
1749528000,2690.10
1749531600,2671.33
1749535200,2676.23
1749538800,2677.89
1749542400,2675.27
1749546000,2691.93
1749549600,2693.86
1749553200,2774.63
1749556800,2767.09
1749560400,2745.17
1749564000,2736.52
1749567600,2732.92
1749571200,2730.65
1749574800,2740.16
1749578400,2757.69
1749582000,2764.58
1749585600,2773.35
1749589200,2770.12
1749592800,2804.01
1749596400,2813.74
1749600000,2794.02
1749603600,2783.09
1749607200,2781.29
1749610800,2791.41
1749614400,2797.38
1749618000,2795.08
1749621600,2791.82
1749625200,2792.77
1749628800,2770.25
1749632400,2757.91
1749636000,2770.16
1749639600,2772.46
1749643200,2800.85
1749646800,2795.33
1749650400,2838.00
1749654000,2863.36
1749657600,2868.85
1749661200,2838.00
1749664800,2826.29
1749668400,2810.59
1749672000,2815.46
1749675600,2784.54
1749679200,2758.14
1749682800,2773.60
1749686400,2775.82
1749690000,2774.44
1749693600,2760.32
1749697200,2767.15
1749700800,2761.09
1749704400,2765.23
1749708000,2769.12
1749711600,2742.54
1749715200,2757.73
1749718800,2752.99
1749722400,2750.20
1749726000,2729.77
1749729600,2735.20
1749733200,2745.43
1749736800,2763.78
1749740400,2718.78
1749744000,2742.75
1749747600,2763.40
1749751200,2735.38
1749754800,2701.08
1749758400,2638.00
1749762000,2638.79
1749765600,2641.05
1749769200,2651.90
1749772800,2532.68
1749776400,2502.54
1749780000,2476.00
1749783600,2517.69
1749787200,2510.04
1749790800,2511.76
1749794400,2528.07
1749798000,2529.27
1749801600,2521.17
1749805200,2522.91
1749808800,2533.77
1749812400,2544.43
1749816000,2540.09
1749819600,2545.13
1749823200,2538.29
1749826800,2551.10
1749830400,2563.39
1749834000,2544.11
1749837600,2527.69
1749841200,2528.46
1749844800,2548.37
1749848400,2555.41
1749852000,2572.96
1749855600,2579.72
1749859200,2563.08
1749862800,2560.28
1749866400,2555.32
1749870000,2550.32
1749873600,2553.09
1749877200,2553.67
1749880800,2545.37
1749884400,2539.26
1749888000,2537.04
1749891600,2525.28
1749895200,2533.84
1749898800,2540.26
1749902400,2538.10
1749906000,2535.25
1749909600,2530.13
1749913200,2518.50
1749916800,2499.00
1749920400,2512.89
1749924000,2509.12
1749927600,2509.73
1749931200,2508.85
1749934800,2531.40
1749938400,2526.76
1749942000,2533.18
1749945600,2538.37
1749949200,2530.22
1749952800,2530.12
1749956400,2531.96
1749960000,2545.03
1749963600,2550.22
1749967200,2536.78
1749970800,2530.71
1749974400,2521.03
1749978000,2511.16
1749981600,2520.69
1749985200,2515.99
1749988800,2526.38
1749992400,2542.56
1749996000,2550.93
1749999600,2540.43
1750003200,2550.87
1750006800,2554.28
1750010400,2548.43
1750014000,2536.67
1750017600,2499.56
1750021200,2516.48
1750024800,2545.06
1750028400,2547.23
1750032000,2544.36
1750035600,2556.11
1750039200,2575.13
1750042800,2569.70
1750046400,2575.68
1750050000,2606.23
1750053600,2608.65
1750057200,2627.09
1750060800,2628.18
1750064400,2621.63
1750068000,2616.05
1750071600,2617.29
1750075200,2615.40
1750078800,2642.66
1750082400,2640.42
1750086000,2632.54
1750089600,2640.14
1750093200,2632.65
1750096800,2652.63
1750100400,2652.97
1750104000,2671.12
1750107600,2649.60
1750111200,2572.90
1750114800,2540.31
1750118400,2587.04
1750122000,2582.64
1750125600,2612.83
1750129200,2607.20
1750132800,2594.05
1750136400,2580.02
1750140000,2581.69
1750143600,2583.73
1750147200,2572.25
1750150800,2566.60
1750154400,2556.87
1750158000,2552.42
1750161600,2548.02
1750165200,2556.22
1750168800,2544.49
1750172400,2498.89
1750176000,2467.01
1750179600,2469.61
1750183200,2496.15
1750186800,2530.69
1750190400,2511.36
1750194000,2521.20
1750197600,2494.14
1750201200,2511.92
1750204800,2524.60
1750208400,2520.11
1750212000,2519.12
1750215600,2527.21
1750219200,2536.60
1750222800,2537.98
1750226400,2525.25
1750230000,2532.65
1750233600,2533.74
1750237200,2526.06
1750240800,2494.27
1750244400,2513.55
1750248000,2493.69
1750251600,2503.83
1750255200,2507.78
1750258800,2508.93
1750262400,2502.12
1750266000,2497.36
1750269600,2478.02
1750273200,2496.23
1750276800,2529.23
1750280400,2526.93
1750284000,2525.35
1750287600,2524.40
1750291200,2529.89
1750294800,2515.35
1750298400,2516.36
1750302000,2526.36
1750305600,2524.90
1750309200,2523.21
1750312800,2519.04
1750316400,2519.55
1750320000,2524.13
1750323600,2540.02
1750327200,2539.31
1750330800,2533.07
1750334400,2526.27
1750338000,2510.15
1750341600,2499.13
1750345200,2493.55
1750348800,2486.36
1750352400,2508.14
1750356000,2503.29
1750359600,2506.81
1750363200,2507.51
1750366800,2508.78
1750370400,2526.15
1750374000,2521.53
1750377600,2526.00
1750381200,2527.74
1750384800,2518.11
1750388400,2518.19
1750392000,2505.84
1750395600,2516.10
1750399200,2521.64
1750402800,2549.21
1750406400,2551.71
1750410000,2554.67
1750413600,2552.97
1750417200,2550.87
1750420800,2552.17
1750424400,2535.36
1750428000,2492.90
1750431600,2493.89
1750435200,2484.11
1750438800,2421.08
1750442400,2421.19
1750446000,2423.72
1750449600,2430.17
1750453200,2418.24
1750456800,2390.28
1750460400,2407.35
1750464000,2412.04
1750467600,2427.36
1750471200,2423.11
1750474800,2426.92
1750478400,2422.92
1750482000,2423.86
1750485600,2427.98
1750489200,2426.74
1750492800,2434.73
1750496400,2444.74
1750500000,2438.88
1750503600,2442.75
1750507200,2436.30
1750510800,2420.40
1750514400,2420.68
1750518000,2424.80
1750521600,2419.39
1750525200,2398.53
1750528800,2385.97
1750532400,2385.11
1750536000,2404.72
1750539600,2286.35
1750543200,2287.63
1750546800,2298.84
1750550400,2295.57
1750554000,2267.25
1750557600,2269.01
1750561200,2263.72
1750564800,2285.52
1750568400,2289.91
1750572000,2286.27
1750575600,2271.44
1750579200,2274.40
1750582800,2242.72
1750586400,2260.55
1750590000,2273.89
1750593600,2279.99
1750597200,2201.64
1750600800,2197.77
1750604400,2172.02
1750608000,2191.92
1750611600,2194.25
1750615200,2183.22
1750618800,2184.27
1750622400,2185.97
1750626000,2177.36
1750629600,2233.34
1750633200,2228.48
1750636800,2240.27
1750640400,2247.89
1750644000,2242.26
1750647600,2234.41
1750651200,2234.26
1750654800,2248.22
1750658400,2251.26
1750662000,2258.55
1750665600,2262.97
1750669200,2253.84
1750672800,2248.40
1750676400,2254.11
1750680000,2263.28
1750683600,2296.05
1750687200,2274.72
1750690800,2253.01
1750694400,2220.23
1750698000,2278.28
1750701600,2308.41
1750705200,2318.02
1750708800,2348.72
1750712400,2343.54
1750716000,2415.38
1750719600,2421.83
1750723200,2404.12
1750726800,2415.83
1750730400,2394.38
1750734000,2401.66
1750737600,2405.55
1750741200,2424.56
1750744800,2430.09
1750748400,2395.25
1750752000,2404.24
1750755600,2417.32
1750759200,2414.92
1750762800,2410.17
1750766400,2414.54
1750770000,2422.34
1750773600,2430.15
1750777200,2439.16
1750780800,2470.83
1750784400,2460.40
1750788000,2442.28
1750791600,2430.03
1750795200,2450.92
1750798800,2445.44
1750802400,2442.82
1750806000,2448.74
1750809600,2460.03
1750813200,2460.35
1750816800,2453.72
1750820400,2446.63
1750824000,2436.52
1750827600,2432.36
1750831200,2445.34
1750834800,2446.59
1750838400,2437.86
1750842000,2420.37
1750845600,2426.00
1750849200,2429.28
1750852800,2426.54
1750856400,2438.42
1750860000,2429.62
1750863600,2406.64
1750867200,2412.73
1750870800,2423.09
1750874400,2417.97
1750878000,2430.64
1750881600,2439.75
1750885200,2429.87
1750888800,2418.22
1750892400,2419.10
1750896000,2426.58
1750899600,2457.27
1750903200,2494.67
1750906800,2488.03
1750910400,2480.35
1750914000,2475.59
1750917600,2488.16
1750921200,2491.93
1750924800,2488.35
1750928400,2465.81
1750932000,2452.95
1750935600,2451.24
1750939200,2440.37
1750942800,2431.92
1750946400,2446.47
1750950000,2434.05
1750953600,2425.67
1750957200,2422.14
1750960800,2426.48
1750964400,2440.26
1750968000,2446.37
1750971600,2414.91
1750975200,2414.61
1750978800,2416.02
1750982400,2401.84
1750986000,2427.88
1750989600,2439.24
1750993200,2447.39
1750996800,2451.10
1751000400,2439.88
1751004000,2450.06
1751007600,2442.97
1751011200,2449.34
1751014800,2461.73
1751018400,2447.42
1751022000,2446.60
1751025600,2429.81
1751029200,2429.47
1751032800,2423.61
1751036400,2440.82
1751040000,2434.66
1751043600,2404.63
1751047200,2393.69
1751050800,2417.33
1751054400,2425.30
1751058000,2422.03
1751061600,2424.03
1751065200,2423.93
1751068800,2419.69
1751072400,2418.98
1751076000,2419.98
1751079600,2421.61
1751083200,2421.92
1751086800,2422.94
1751090400,2427.50
1751094000,2432.88
1751097600,2424.27
1751101200,2428.63
1751104800,2426.64
1751108400,2428.67
1751112000,2427.25
1751115600,2423.37
1751119200,2426.71
1751122800,2440.24
1751126400,2434.42
1751130000,2445.09
1751133600,2437.84
1751137200,2434.39
1751140800,2431.49
1751144400,2436.28
1751148000,2441.60
1751151600,2437.11
1751155200,2440.00
1751158800,2430.34
1751162400,2432.64
1751166000,2429.18
1751169600,2430.52
1751173200,2434.55
1751176800,2436.29
1751180400,2439.73
1751184000,2443.56
1751187600,2451.48
1751191200,2457.35
1751194800,2462.52
1751198400,2454.77
1751202000,2447.95
1751205600,2441.66
1751209200,2437.85
1751212800,2439.50
1751216400,2439.86
1751220000,2440.96
1751223600,2438.30
1751227200,2434.13
1751230800,2432.07
1751234400,2501.22
1751238000,2500.61
1751241600,2519.20
1751245200,2512.00
1751248800,2500.92
1751252400,2501.14
1751256000,2496.10
1751259600,2503.74
1751263200,2466.77
1751266800,2481.31
1751270400,2468.15
1751274000,2454.92
1751277600,2457.40
1751281200,2460.37
1751284800,2460.26
1751288400,2461.97
1751292000,2440.30
1751295600,2475.17
1751299200,2475.93
1751302800,2490.18
1751306400,2486.68
1751310000,2513.03
1751313600,2503.21
1751317200,2490.04
1751320800,2492.65
1751324400,2486.43
1751328000,2492.92
1751331600,2489.84
1751335200,2484.16
1751338800,2486.55
1751342400,2467.12
1751346000,2460.60
1751349600,2460.46
1751353200,2465.86
1751356800,2453.73
1751360400,2457.40
1751364000,2456.32
1751367600,2448.66
1751371200,2437.65
1751374800,2444.25
1751378400,2419.33
1751382000,2424.70
1751385600,2424.06
1751389200,2430.87
1751392800,2408.80
1751396400,2411.45
1751400000,2417.79
1751403600,2406.96
1751407200,2402.32
1751410800,2405.86
1751414400,2399.59
1751418000,2410.23
1751421600,2417.79
1751425200,2430.39
1751428800,2439.25
1751432400,2444.24
1751436000,2452.40
1751439600,2448.58
1751443200,2449.55
1751446800,2448.28
1751450400,2453.03
1751454000,2446.70
1751457600,2438.54
1751461200,2449.92
1751464800,2471.38
1751468400,2501.29
1751472000,2559.08
1751475600,2565.27
1751479200,2582.11
1751482800,2599.88
1751486400,2594.32
1751490000,2597.81
1751493600,2595.29
1751497200,2570.80
1751500800,2573.55
1751504400,2581.78
1751508000,2568.17
1751511600,2561.73
1751515200,2566.99
1751518800,2589.90
1751522400,2599.86
1751526000,2600.75
1751529600,2589.96
1751533200,2600.17
1751536800,2598.70
1751540400,2597.42
1751544000,2589.83
1751547600,2629.09
1751551200,2596.72
1751554800,2570.76
1751558400,2576.22
1751562000,2578.05
1751565600,2586.32
1751569200,2587.31
1751572800,2598.18
1751576400,2596.94
1751580000,2594.96
1751583600,2590.85
1751587200,2588.74
1751590800,2590.99
1751594400,2576.77
1751598000,2579.70
1751601600,2571.96
1751605200,2569.75
1751608800,2559.15
1751612400,2537.23
1751616000,2548.03
1751619600,2552.60
1751623200,2548.80
1751626800,2549.93
1751630400,2549.77
1751634000,2527.67
1751637600,2517.49
1751641200,2502.38
1751644800,2487.28
1751648400,2497.44
1751652000,2485.90
1751655600,2483.01
1751659200,2491.05
1751662800,2497.65
1751666400,2521.42
1751670000,2508.10
1751673600,2517.76
1751677200,2513.92
1751680800,2518.44
1751684400,2519.40
1751688000,2517.96
1751691600,2520.90
1751695200,2527.81
1751698800,2521.28
1751702400,2516.56
1751706000,2521.97
1751709600,2519.77
1751713200,2520.33
1751716800,2518.69
1751720400,2515.43
1751724000,2518.64
1751727600,2507.68
1751731200,2505.89
1751734800,2504.53
1751738400,2494.04
1751742000,2506.60
1751745600,2507.42
1751749200,2516.70
1751752800,2519.95
1751756400,2517.28
1751760000,2520.05
1751763600,2518.25
1751767200,2515.59
1751770800,2515.43
1751774400,2513.24
1751778000,2510.83
1751781600,2522.56
1751785200,2518.85
1751788800,2513.57
1751792400,2508.90
1751796000,2509.60
1751799600,2516.70
1751803200,2520.64
1751806800,2561.27
1751810400,2559.23
1751814000,2558.22
1751817600,2552.23
1751821200,2547.69
1751824800,2531.72
1751828400,2540.64
1751832000,2546.87
1751835600,2587.93
1751839200,2582.21
1751842800,2571.40
1751846400,2561.71
1751850000,2563.71
1751853600,2576.76
1751857200,2577.24
1751860800,2573.65
1751864400,2569.57
1751868000,2565.67
1751871600,2578.80
1751875200,2585.18
1751878800,2571.37
1751882400,2559.86
1751886000,2564.63
1751889600,2548.56
1751893200,2566.86
1751896800,2534.35
1751900400,2534.39
1751904000,2525.23
1751907600,2532.98
1751911200,2535.08
1751914800,2545.60
1751918400,2532.72
1751922000,2539.47
1751925600,2535.83
1751929200,2542.97
1751932800,2540.64
1751936400,2527.37
1751940000,2528.46
1751943600,2538.22
1751947200,2543.26
1751950800,2551.95
1751954400,2558.12
1751958000,2552.05
1751961600,2547.53
1751965200,2552.37
1751968800,2565.76
1751972400,2575.25
1751976000,2583.47
1751979600,2590.82
1751983200,2561.82
1751986800,2565.08
1751990400,2577.61
1751994000,2621.02
1751997600,2625.61
1752001200,2608.14
1752004800,2603.76
1752008400,2609.61
1752012000,2611.55
1752015600,2616.22
1752019200,2612.38
1752022800,2605.11
1752026400,2603.39
1752030000,2592.48
1752033600,2602.53
1752037200,2629.56
1752040800,2631.43
1752044400,2625.23
1752048000,2613.07
1752051600,2612.54
1752055200,2617.96
1752058800,2627.79
1752062400,2660.98
1752066000,2655.43
1752069600,2645.89
1752073200,2656.97
1752076800,2669.03
1752080400,2662.55
1752084000,2718.89
1752087600,2765.47
1752091200,2741.04
1752094800,2754.93
1752098400,2780.46
1752102000,2770.74
1752105600,2759.17
1752109200,2777.72
1752112800,2783.97
1752116400,2776.94
1752120000,2779.26
1752123600,2783.45
1752127200,2796.44
1752130800,2793.02
1752134400,2789.35
1752138000,2778.65
1752141600,2786.25
1752145200,2779.12
1752148800,2780.36
1752152400,2783.08
1752156000,2777.66
1752159600,2770.36
1752163200,2808.47
1752166800,2834.15
1752170400,2813.07
1752174000,2821.40
1752177600,2820.39
1752181200,2978.96
1752184800,2974.35
1752188400,2954.83
1752192000,2939.38
1752195600,2953.77
1752199200,2965.82
1752202800,2969.15
1752206400,2969.90
1752210000,3004.30
1752213600,2992.81
1752217200,2977.01
1752220800,3003.86
1752224400,3015.03
1752228000,3001.84
1752231600,2985.51
1752235200,2987.65
1752238800,3007.68
1752242400,2984.62
1752246000,2948.19
1752249600,2970.91
1752253200,2992.94
1752256800,2995.55
1752260400,3003.60
1752264000,2977.49
1752267600,2965.63
1752271200,2950.23
1752274800,2958.33
1752278400,2949.48
1752282000,2960.92
1752285600,2958.37
1752289200,2963.02
1752292800,2950.34
1752296400,2954.37
1752300000,2962.03
1752303600,2964.35
1752307200,2967.56
1752310800,2974.19
1752314400,2976.85
1752318000,2963.54
1752321600,2941.46
1752325200,2938.04
1752328800,2928.65
1752332400,2915.56
1752336000,2925.71
1752339600,2943.11
1752343200,2942.33
1752346800,2939.91
1752350400,2919.73
1752354000,2939.03
1752357600,2937.43
1752361200,2942.85
1752364800,2945.74
1752368400,2950.95
1752372000,2955.83
1752375600,2956.48
1752379200,2959.71
1752382800,2951.36
1752386400,2960.84
1752390000,2963.59
1752393600,2954.15
1752397200,2948.09
1752400800,2948.31
1752404400,2963.58
1752408000,2986.70
1752411600,2990.82
1752415200,2988.33
1752418800,2995.25
1752422400,2979.57
1752426000,2993.01
1752429600,2996.60
1752433200,2994.26
1752436800,2994.59
1752440400,2967.22
1752444000,2963.02
1752447600,2973.23
1752451200,2976.82
1752454800,2975.56
1752458400,3001.59
1752462000,3037.73
1752465600,3052.88
1752469200,3039.51
1752472800,3023.77
1752476400,3045.80
1752480000,3040.06
1752483600,3046.48
1752487200,3066.37
1752490800,3056.94
1752494400,3046.61
1752498000,3053.29
1752501600,3029.79
1752505200,3011.38
1752508800,3027.10
1752512400,3008.15
1752516000,2988.74
1752519600,2997.70
1752523200,3008.11
1752526800,3014.21
1752530400,3014.61
1752534000,3013.29
1752537600,2992.41
1752541200,2981.36
1752544800,2974.12
1752548400,2951.53
1752552000,2969.00
1752555600,2973.22
1752559200,2986.04
1752562800,2981.89
1752566400,2972.82
1752570000,2971.18
1752573600,2974.25
1752577200,2980.55
1752580800,3001.76
1752584400,3053.59
1752588000,2975.32
1752591600,3038.63
1752595200,3048.29
1752598800,3095.16
1752602400,3070.67
1752606000,3047.94
1752609600,3043.83
1752613200,3081.12
1752616800,3093.55
1752620400,3139.89
1752624000,3142.93
1752627600,3140.72
1752631200,3113.11
1752634800,3116.80
1752638400,3129.72
1752642000,3143.56
1752645600,3162.09
1752649200,3163.22
1752652800,3164.43
1752656400,3159.20
1752660000,3148.42
1752663600,3150.66
1752667200,3167.02
1752670800,3197.42
1752674400,3254.12
1752678000,3243.96
1752681600,3287.25
1752685200,3313.24
1752688800,3334.48
1752692400,3377.65
1752696000,3384.43
1752699600,3373.96
1752703200,3359.09
1752706800,3371.51
1752710400,3384.83
1752714000,3338.16
1752717600,3348.80
1752721200,3330.66
1752724800,3350.34
1752728400,3373.54
1752732000,3430.74
1752735600,3450.48
1752739200,3442.46
1752742800,3468.29
1752746400,3463.94
1752750000,3434.18
1752753600,3428.86
1752757200,3404.15
1752760800,3427.73
1752764400,3424.68
1752768000,3388.66
1752771600,3418.52
1752775200,3431.01
1752778800,3412.43
1752782400,3408.90
1752786000,3471.40
1752789600,3467.50
1752793200,3476.12
1752796800,3541.61
1752800400,3622.49
1752804000,3604.76
1752807600,3596.93
1752811200,3621.84
1752814800,3674.61
1752818400,3657.43
1752822000,3616.50
1752825600,3609.31
1752829200,3621.43
1752832800,3620.96
1752836400,3613.69
1752840000,3625.99
1752843600,3645.39
1752847200,3601.84
1752850800,3564.25
1752854400,3571.88
1752858000,3599.71
1752861600,3578.03
1752865200,3556.12
1752868800,3526.39
1752872400,3554.71
1752876000,3542.15
1752879600,3548.93
1752883200,3530.19
1752886800,3550.24
1752890400,3571.07
1752894000,3594.78
1752897600,3591.27
1752901200,3589.01
1752904800,3574.80
1752908400,3574.62
1752912000,3556.63
1752915600,3559.71
1752919200,3557.58
1752922800,3553.44
1752926400,3562.28
1752930000,3555.29
1752933600,3536.32
1752937200,3555.54
1752940800,3561.16
1752944400,3543.22
1752948000,3553.30
1752951600,3577.53
1752955200,3567.17
1752958800,3572.99
1752962400,3580.24
1752966000,3595.24
1752969600,3593.30
1752973200,3607.40
1752976800,3617.34
1752980400,3663.80
1752984000,3656.19
1752987600,3648.89
1752991200,3653.99
1752994800,3671.83
1752998400,3706.07
1753002000,3714.05
1753005600,3699.79
1753009200,3755.42
1753012800,3741.01
1753016400,3749.80
1753020000,3754.17
1753023600,3787.13
1753027200,3809.03
1753030800,3742.37
1753034400,3753.76
1753038000,3759.19
1753041600,3744.85
1753045200,3768.42
1753048800,3751.90
1753052400,3758.92
1753056000,3746.33
1753059600,3727.33
1753063200,3740.96
1753066800,3756.76
1753070400,3763.11
1753074000,3781.48
1753077600,3787.81
1753081200,3789.04
1753084800,3777.20
1753088400,3773.34
1753092000,3812.56
1753095600,3812.78
1753099200,3811.69
1753102800,3817.85
1753106400,3843.85
1753110000,3811.71
1753113600,3776.88
1753117200,3771.76
1753120800,3741.41
1753124400,3736.87
1753128000,3760.01
1753131600,3752.91
1753135200,3765.45
1753138800,3762.88
1753142400,3747.21
1753146000,3791.67
1753149600,3737.17
1753153200,3729.69
1753156800,3670.88
1753160400,3685.34
1753164000,3688.64
1753167600,3672.17
1753171200,3650.19
1753174800,3660.63
1753178400,3696.56
1753182000,3709.65
1753185600,3704.00
1753189200,3650.55
1753192800,3698.22
1753196400,3717.03
1753200000,3720.80
1753203600,3706.18
1753207200,3714.04
1753210800,3664.92
1753214400,3706.06
1753218000,3708.67
1753221600,3720.47
1753225200,3749.24
1753228800,3729.71
1753232400,3737.93
1753236000,3745.68
1753239600,3729.45
1753243200,3735.34
1753246800,3714.95
1753250400,3696.17
1753254000,3675.72
1753257600,3691.43
1753261200,3664.05
1753264800,3668.18
1753268400,3675.21
1753272000,3642.47
1753275600,3595.64
1753279200,3612.91
1753282800,3643.78
1753286400,3577.80
1753290000,3588.84
1753293600,3604.63
1753297200,3595.22
1753300800,3573.66
1753304400,3586.94
1753308000,3609.31
1753311600,3629.73
1753315200,3647.10
1753318800,3648.93
1753322400,3651.38
1753326000,3646.11
1753329600,3613.37
1753333200,3563.34
1753336800,3550.82
1753340400,3594.34
1753344000,3634.68
1753347600,3636.42
1753351200,3622.95
1753354800,3660.80
1753358400,3644.56
1753362000,3632.30
1753365600,3734.18
1753369200,3730.81
1753372800,3684.62
1753376400,3726.00
1753380000,3742.82
1753383600,3737.68
1753387200,3739.49
1753390800,3726.85
1753394400,3731.83
1753398000,3708.01
1753401600,3663.17
1753405200,3691.92
1753408800,3625.49
1753412400,3596.49
1753416000,3650.21
1753419600,3636.86
1753423200,3633.92
1753426800,3626.87
1753430400,3666.89
1753434000,3722.52
1753437600,3719.05
1753441200,3723.98
1753444800,3703.69
1753448400,3702.75
1753452000,3626.96
1753455600,3636.65
1753459200,3641.84
1753462800,3639.37
1753466400,3652.86
1753470000,3646.38
1753473600,3686.65
1753477200,3717.12
1753480800,3722.67
1753484400,3727.24
1753488000,3725.39
1753491600,3704.17
1753495200,3743.90
1753498800,3742.49
1753502400,3749.15
1753506000,3749.92
1753509600,3739.29
1753513200,3742.88
1753516800,3762.67
1753520400,3760.17
1753524000,3763.43
1753527600,3740.92
1753531200,3744.14
1753534800,3743.58
1753538400,3731.50
1753542000,3736.48
1753545600,3726.93
1753549200,3727.08
1753552800,3742.98
1753556400,3754.49
1753560000,3748.12
1753563600,3756.38
1753567200,3751.70
1753570800,3741.26
1753574400,3755.25
1753578000,3759.46
1753581600,3785.35
1753585200,3774.85
1753588800,3790.83
1753592400,3793.48
1753596000,3773.63
1753599600,3769.02
1753603200,3772.13
1753606800,3763.23
1753610400,3820.36
1753614000,3812.15
1753617600,3828.77
1753621200,3810.65
1753624800,3809.86
1753628400,3820.85
1753632000,3814.49
1753635600,3841.00
1753639200,3851.52
1753642800,3830.51
1753646400,3823.22
1753650000,3840.33
1753653600,3864.51
1753657200,3875.26
1753660800,3870.09
1753664400,3847.95
1753668000,3883.99
1753671600,3879.67
1753675200,3901.56
1753678800,3936.39
1753682400,3915.67
1753686000,3891.51
1753689600,3893.25
1753693200,3892.42
1753696800,3886.82
1753700400,3878.46
1753704000,3872.30
1753707600,3842.12
1753711200,3783.02
1753714800,3808.63
1753718400,3808.52
1753722000,3787.03
1753725600,3781.99
1753729200,3797.14
1753732800,3789.87
1753736400,3787.47
1753740000,3786.56
1753743600,3788.32
1753747200,3779.77
1753750800,3763.37
1753754400,3756.94
1753758000,3795.65
1753761600,3780.14
1753765200,3806.23
1753768800,3830.83
1753772400,3873.92
1753776000,3871.00
1753779600,3873.48
1753783200,3828.26
1753786800,3824.32
1753790400,3853.87
1753794000,3834.16
1753797600,3780.56
1753801200,3763.87
1753804800,3749.99
1753808400,3769.21
1753812000,3766.73
1753815600,3770.23
1753819200,3758.24
1753822800,3782.66
1753826400,3791.42
1753830000,3793.58
1753833600,3773.89
1753837200,3789.93
1753840800,3812.72
1753844400,3816.72
1753848000,3806.53
1753851600,3809.44
1753855200,3825.54
1753858800,3811.17
1753862400,3819.15
1753866000,3787.60
1753869600,3778.71
1753873200,3757.03
1753876800,3777.15
1753880400,3770.06
1753884000,3819.36
1753887600,3797.37
1753891200,3792.02
1753894800,3809.21
1753898400,3743.92
1753902000,3763.37
1753905600,3769.75
1753909200,3764.88
1753912800,3764.71
1753916400,3808.25
1753920000,3846.03
1753923600,3834.43
1753927200,3862.28
1753930800,3861.46
1753934400,3869.28
1753938000,3858.11
1753941600,3875.21
1753945200,3863.54
1753948800,3863.61
1753952400,3864.20
1753956000,3855.21
1753959600,3836.52
1753963200,3836.52
1753966800,3807.99
1753970400,3773.11
1753974000,3786.92
1753977600,3803.53
1753981200,3771.51
1753984800,3773.98
1753988400,3736.78
1753992000,3736.04
1753995600,3729.21
1753999200,3714.48
1754002800,3696.14
1754006400,3685.00
1754010000,3686.05
1754013600,3715.68
1754017200,3704.97
1754020800,3682.86
1754024400,3674.07
1754028000,3661.24
1754031600,3647.50
1754035200,3614.44
1754038800,3619.71
1754042400,3615.32
1754046000,3640.85
1754049600,3665.91
1754053200,3593.54
1754056800,3631.84
1754060400,3616.59
1754064000,3580.33
1754067600,3566.22
1754071200,3549.55
1754074800,3513.69
1754078400,3539.38
1754082000,3539.79
1754085600,3473.47
1754089200,3487.96
1754092800,3511.19
1754096400,3517.31
1754100000,3519.31
1754103600,3524.53
1754107200,3531.89
1754110800,3518.54
1754114400,3479.62
1754118000,3518.96
1754121600,3489.19
1754125200,3492.75
1754128800,3490.86
1754132400,3508.83
1754136000,3509.33
1754139600,3509.15
1754143200,3478.65
1754146800,3458.97
1754150400,3469.13
1754154000,3420.02
1754157600,3383.52
1754161200,3386.78
1754164800,3420.59
1754168400,3414.74
1754172000,3412.31
1754175600,3392.74
1754179200,3407.30
1754182800,3416.70
1754186400,3444.02
1754190000,3446.38
1754193600,3439.42
1754197200,3444.45
1754200800,3438.35
1754204400,3453.72
1754208000,3462.26
1754211600,3464.63
1754215200,3486.50
1754218800,3488.07
1754222400,3494.08
1754226000,3491.39
1754229600,3473.29
1754233200,3477.61
1754236800,3494.78
1754240400,3489.56
1754244000,3496.19
1754247600,3494.27
1754251200,3494.50
1754254800,3503.05
1754258400,3502.75
1754262000,3497.61
1754265600,3547.21
1754269200,3536.30
1754272800,3567.01
1754276400,3557.85
1754280000,3537.96
1754283600,3534.35
1754287200,3538.41
1754290800,3552.24
1754294400,3550.06
1754298000,3546.49
1754301600,3556.37
1754305200,3556.29
1754308800,3572.93
1754312400,3615.88
1754316000,3636.57
1754319600,3649.12
1754323200,3689.69
1754326800,3681.65
1754330400,3674.16
1754334000,3668.90
1754337600,3704.04
1754341200,3714.29
1754344800,3730.73
1754348400,3719.82
1754352000,3697.58
1754355600,3678.64
1754359200,3678.60
1754362800,3653.04
1754366400,3649.94
1754370000,3665.49
1754373600,3649.33
1754377200,3611.87
1754380800,3633.58
1754384400,3660.69
1754388000,3683.62
1754391600,3672.22
1754395200,3632.79
1754398800,3643.98
1754402400,3577.35
1754406000,3564.60
1754409600,3578.93
1754413200,3605.27
1754416800,3585.15
1754420400,3574.06
1754424000,3574.79
1754427600,3576.65
1754431200,3596.77
1754434800,3612.04
1754438400,3573.45
1754442000,3592.79
1754445600,3591.06
1754449200,3584.50
1754452800,3573.34
1754456400,3637.22
1754460000,3630.86
1754463600,3640.32
1754467200,3622.03
1754470800,3626.45
1754474400,3615.64
1754478000,3618.32
1754481600,3581.16
1754485200,3603.01
1754488800,3634.39
1754492400,3667.19
1754496000,3647.71
1754499600,3678.00
1754503200,3676.78
1754506800,3679.55
1754510400,3674.75
1754514000,3668.57
1754517600,3682.71
1754521200,3684.06
1754524800,3674.34
1754528400,3669.74
1754532000,3659.45
1754535600,3658.04
1754539200,3662.76
1754542800,3687.70
1754546400,3695.31
1754550000,3701.75
1754553600,3722.79
1754557200,3733.96
1754560800,3824.99
1754564400,3830.88
1754568000,3849.72
1754571600,3856.47
1754575200,3818.62
1754578800,3838.62
1754582400,3816.68
1754586000,3830.34
1754589600,3828.75
1754593200,3867.38
1754596800,3871.46
1754600400,3869.43
1754604000,3919.32
1754607600,3914.11
1754611200,3903.49
1754614800,3885.59
1754618400,3896.84
1754622000,3938.28
1754625600,3921.23
1754629200,3902.40
1754632800,3915.45
1754636400,3916.54
1754640000,3898.58
1754643600,3900.52
1754647200,3897.06
1754650800,3918.36
1754654400,3895.30
1754658000,3998.99
1754661600,3977.56
1754665200,3955.07
1754668800,3969.19
1754672400,4032.20
1754676000,4052.73
1754679600,4055.37
1754683200,4054.24
1754686800,4041.90
1754690400,4026.23
1754694000,4009.15
1754697600,4015.16
1754701200,4033.34
1754704800,4034.76
1754708400,4051.01
1754712000,4081.97
1754715600,4179.00
1754719200,4161.83
1754722800,4170.93
1754726400,4190.36
1754730000,4220.92
1754733600,4217.56
1754737200,4191.60
1754740800,4198.12
1754744400,4167.87
1754748000,4196.26
1754751600,4207.51
1754755200,4209.10
1754758800,4235.78
1754762400,4243.20
1754766000,4259.56
1754769600,4282.20
1754773200,4284.06
1754776800,4265.46
1754780400,4263.55
1754784000,4312.57
1754787600,4299.75
1754791200,4251.27
1754794800,4243.39
1754798400,4249.78
1754802000,4222.41
1754805600,4226.12
1754809200,4185.70
1754812800,4211.34
1754816400,4224.90
1754820000,4197.76
1754823600,4181.40
1754827200,4201.59
1754830800,4168.31
1754834400,4220.79
1754838000,4218.81
1754841600,4234.53
1754845200,4227.99
1754848800,4233.74
1754852400,4254.68
1754856000,4219.03
1754859600,4222.39
1754863200,4244.37
1754866800,4254.23
1754870400,4270.22
1754874000,4306.54
1754877600,4313.21
1754881200,4311.19
1754884800,4328.40
1754888400,4302.76
1754892000,4299.76
1754895600,4271.73
1754899200,4283.71
1754902800,4263.25
1754906400,4238.01
1754910000,4187.59
1754913600,4180.25
1754917200,4274.64
1754920800,4279.31
1754924400,4325.01
1754928000,4320.70
1754931600,4294.17
1754935200,4298.36
1754938800,4257.93
1754942400,4246.62
1754946000,4212.02
1754949600,4220.90
1754953200,4228.02
1754956800,4276.20
1754960400,4270.97
1754964000,4293.96
1754967600,4285.75
1754971200,4310.60
1754974800,4285.65
1754978400,4293.18
1754982000,4312.57
1754985600,4310.84
1754989200,4287.97
1754992800,4277.90
1754996400,4293.58
1755000000,4401.50
1755003600,4378.62
1755007200,4413.44
1755010800,4469.43
1755014400,4463.45
1755018000,4501.62
1755021600,4487.54
1755025200,4517.21
1755028800,4621.94
1755032400,4585.50
1755036000,4574.01
1755039600,4590.66
1755043200,4617.73
1755046800,4581.45
1755050400,4620.13
1755054000,4647.14
1755057600,4674.79
1755061200,4630.24
1755064800,4621.69
1755068400,4625.95
1755072000,4623.81
1755075600,4707.40
1755079200,4693.98
1755082800,4686.48
1755086400,4684.09
1755090000,4667.76
1755093600,4657.33
1755097200,4656.67
1755100800,4699.50
1755104400,4727.63
1755108000,4714.63
1755111600,4734.35
1755115200,4718.92
1755118800,4718.00
1755122400,4734.85
1755126000,4758.12
1755129600,4716.66
1755133200,4724.34
1755136800,4751.16
1755140400,4778.05
1755144000,4759.32
1755147600,4731.46
1755151200,4776.48
1755154800,4748.68
1755158400,4726.56
1755162000,4760.91
1755165600,4702.76
1755169200,4718.13
1755172800,4572.06
1755176400,4617.54
1755180000,4666.07
1755183600,4624.11
1755187200,4553.04
1755190800,4543.60
1755194400,4539.77
1755198000,4545.92
1755201600,4530.57
1755205200,4478.44
1755208800,4534.20
1755212400,4549.08
1755216000,4569.03
1755219600,4612.64
1755223200,4628.72
1755226800,4640.14
1755230400,4628.04
1755234000,4621.48
1755237600,4653.04
1755241200,4640.94
1755244800,4647.94
1755248400,4625.55
1755252000,4639.66
1755255600,4639.73
1755259200,4637.91
1755262800,4547.96
1755266400,4499.07
1755270000,4432.56
1755273600,4419.25
1755277200,4445.10
1755280800,4395.76
1755284400,4390.50
1755288000,4425.94
1755291600,4428.65
1755295200,4480.69
1755298800,4440.00
1755302400,4482.69
1755306000,4489.75
1755309600,4449.76
1755313200,4433.56
1755316800,4455.99
1755320400,4424.98
1755324000,4423.25
1755327600,4457.80
1755331200,4449.74
1755334800,4425.83
1755338400,4406.00
1755342000,4389.83
1755345600,4407.37
1755349200,4395.10
1755352800,4418.18
1755356400,4400.48
1755360000,4413.12
1755363600,4408.38
1755367200,4409.90
1755370800,4424.19
1755374400,4434.52
1755378000,4416.27
1755381600,4432.23
1755385200,4426.26
1755388800,4416.70
1755392400,4408.08
1755396000,4430.67
1755399600,4454.17
1755403200,4488.19
1755406800,4475.12
1755410400,4459.87
1755414000,4469.71
1755417600,4539.60
1755421200,4545.64
1755424800,4571.90
1755428400,4554.05
1755432000,4544.34
1755435600,4539.03
1755439200,4553.26
1755442800,4564.73
1755446400,4519.63
1755450000,4527.79
1755453600,4465.61
1755457200,4459.42
1755460800,4469.61
1755464400,4480.30
1755468000,4524.35
1755471600,4473.33
1755475200,4466.21
1755478800,4401.69
1755482400,4325.78
1755486000,4325.73
1755489600,4340.48
1755493200,4312.66
1755496800,4252.06
1755500400,4261.52
1755504000,4258.46
1755507600,4292.42
1755511200,4265.89
1755514800,4278.35
1755518400,4343.41
1755522000,4304.86
1755525600,4331.06
1755529200,4342.63
1755532800,4324.27
1755536400,4346.74
1755540000,4369.58
1755543600,4359.46
1755547200,4339.03
1755550800,4361.65
1755554400,4343.92
1755558000,4312.53
1755561600,4332.85
1755565200,4296.86
1755568800,4285.63
1755572400,4222.44
1755576000,4233.32
1755579600,4233.44
1755583200,4241.77
1755586800,4233.91
1755590400,4259.53
1755594000,4284.26
1755597600,4285.24
1755601200,4311.10
1755604800,4306.14
1755608400,4298.14
1755612000,4192.98
1755615600,4193.42
1755619200,4148.41
1755622800,4186.96
1755626400,4145.70
1755630000,4140.10
1755633600,4158.40
1755637200,4151.07
1755640800,4135.08
1755644400,4073.17
1755648000,4109.82
1755651600,4108.71
1755655200,4140.16
1755658800,4143.33
1755662400,4168.37
1755666000,4180.44
1755669600,4183.07
1755673200,4184.91
1755676800,4235.98
1755680400,4223.23
1755684000,4227.92
1755687600,4190.34
1755691200,4207.96
1755694800,4141.62
1755698400,4214.48
1755702000,4253.80
1755705600,4298.12
1755709200,4349.79
1755712800,4299.15
1755716400,4349.21
1755720000,4358.39
1755723600,4348.53
1755727200,4371.23
1755730800,4334.57
1755734400,4325.37
1755738000,4330.15
1755741600,4293.11
1755745200,4295.36
1755748800,4299.10
1755752400,4317.42
1755756000,4307.01
1755759600,4309.83
1755763200,4288.52
1755766800,4277.07
1755770400,4288.68
1755774000,4281.41
1755777600,4247.62
1755781200,4265.36
1755784800,4272.81
1755788400,4239.93
1755792000,4216.89
1755795600,4241.70
1755799200,4264.31
1755802800,4224.74
1755806400,4250.64
1755810000,4243.21
1755813600,4251.55
1755817200,4223.73
1755820800,4241.97
1755824400,4258.32
1755828000,4287.16
1755831600,4276.47
1755835200,4279.50
1755838800,4288.98
1755842400,4293.36
1755846000,4329.27
1755849600,4333.01
1755853200,4327.43
1755856800,4296.46
1755860400,4276.65
1755864000,4245.66
1755867600,4283.69
1755871200,4618.68
1755874800,4633.48
1755878400,4748.41
1755882000,4801.19
1755885600,4789.59
1755889200,4851.81
1755892800,4840.62
1755896400,4847.22
1755900000,4811.99
1755903600,4831.09
1755907200,4806.54
1755910800,4778.66
1755914400,4713.87
1755918000,4694.18
1755921600,4739.63
1755925200,4747.78
1755928800,4747.23
1755932400,4712.66
1755936000,4718.05
1755939600,4735.26
1755943200,4711.74
1755946800,4701.05
1755950400,4711.72
1755954000,4716.48
1755957600,4722.90
1755961200,4754.62
1755964800,4742.99
1755968400,4747.99
1755972000,4751.31
1755975600,4757.65
1755979200,4752.94
1755982800,4747.62
1755986400,4767.66
1755990000,4776.70
1755993600,4798.01
1755997200,4772.71
1756000800,4774.19
1756004400,4789.91
1756008000,4787.92
1756011600,4780.95
1756015200,4757.72
1756018800,4760.24
1756022400,4775.68
1756026000,4773.00
1756029600,4743.98
1756033200,4746.63
1756036800,4754.14
1756040400,4768.16
1756044000,4795.27
1756047600,4796.83
1756051200,4828.44
1756054800,4900.27
1756058400,4934.73
1756062000,4801.40
1756065600,4789.81
1756069200,4782.85
1756072800,4778.24
1756076400,4777.16
1756080000,4702.51
1756083600,4732.25
1756087200,4767.70
1756090800,4728.59
1756094400,4719.10
1756098000,4705.69
1756101600,4631.91
1756105200,4588.30
1756108800,4605.45
1756112400,4610.02
1756116000,4545.51
1756119600,4595.28
1756123200,4644.50
1756126800,4630.27
1756130400,4653.79
1756134000,4611.04
1756137600,4602.38
1756141200,4594.91
1756144800,4574.21
1756148400,4435.90
1756152000,4375.55
1756155600,4372.25
1756159200,4390.28
1756162800,4372.88
1756166400,4337.52
1756170000,4419.22
1756173600,4397.22
1756177200,4398.35
1756180800,4439.83
1756184400,4432.99
1756188000,4413.58
1756191600,4426.15
1756195200,4423.35
1756198800,4420.09
1756202400,4440.95
1756206000,4424.56
1756209600,4502.62
1756213200,4478.45
1756216800,4553.21
1756220400,4520.06
1756224000,4553.93
1756227600,4517.30
1756231200,4545.65
1756234800,4586.92
1756238400,4586.81
1756242000,4602.26
1756245600,4599.57
1756249200,4600.51
1756252800,4569.53
1756256400,4562.32
1756260000,4577.78
1756263600,4608.80
1756267200,4631.96
1756270800,4611.66
1756274400,4586.04
1756278000,4576.02
1756281600,4592.40
1756285200,4592.38
1756288800,4583.68
1756292400,4612.14
1756296000,4615.89
1756299600,4597.55
1756303200,4608.39
1756306800,4659.33
1756310400,4634.94
1756314000,4632.58
1756317600,4597.72
1756321200,4569.76
1756324800,4588.96
1756328400,4517.93
1756332000,4523.10
1756335600,4503.63
1756339200,4490.50
1756342800,4519.30
1756346400,4511.73
1756350000,4544.68
1756353600,4569.68
1756357200,4569.84
1756360800,4583.71
1756364400,4589.90
1756368000,4600.03
1756371600,4589.16
1756375200,4608.71
1756378800,4592.04
1756382400,4601.88
1756386000,4572.32
1756389600,4569.62
1756393200,4505.38
1756396800,4488.88
1756400400,4493.91
1756404000,4482.52
1756407600,4450.69
1756411200,4457.49
1756414800,4489.12
1756418400,4507.40
1756422000,4507.63
1756425600,4480.43
1756429200,4461.46
1756432800,4481.05
1756436400,4496.26
1756440000,4473.27
1756443600,4476.74
1756447200,4456.81
1756450800,4372.78
1756454400,4335.35
1756458000,4338.67
1756461600,4349.70
1756465200,4346.14
1756468800,4405.95
1756472400,4331.68
1756476000,4280.73
1756479600,4323.44
1756483200,4335.59
1756486800,4337.76
1756490400,4314.21
1756494000,4342.95
1756497600,4321.52
1756501200,4363.19
1756504800,4363.06
1756508400,4360.09
1756512000,4339.92
1756515600,4284.28
1756519200,4306.58
1756522800,4353.06
1756526400,4353.70
1756530000,4381.92
1756533600,4398.90
1756537200,4400.93
1756540800,4398.55
1756544400,4391.16
1756548000,4393.75
1756551600,4391.73
1756555200,4365.98
1756558800,4354.99
1756562400,4363.57
1756566000,4374.14
1756569600,4362.70
1756573200,4361.81
1756576800,4350.29
1756580400,4353.03
1756584000,4342.07
1756587600,4350.37
1756591200,4358.04
1756594800,4374.89
1756598400,4458.23
1756602000,4459.29
1756605600,4449.10
1756609200,4483.41
1756612800,4464.24
1756616400,4458.46
1756620000,4436.20
1756623600,4452.15
1756627200,4471.26
1756630800,4464.99
1756634400,4452.94
1756638000,4477.04
1756641600,4483.11
1756645200,4472.55
1756648800,4457.62
1756652400,4485.40
1756656000,4473.15
1756659600,4479.19
1756663200,4487.91
1756666800,4455.51
1756670400,4456.29
1756674000,4470.80
1756677600,4442.45
1756681200,4389.63
1756684800,4397.86
1756688400,4418.79
1756692000,4386.93
1756695600,4406.76
1756699200,4387.08
1756702800,4396.89
1756706400,4399.12
1756710000,4455.16
1756713600,4476.67
1756717200,4443.57
1756720800,4406.21
1756724400,4394.39
1756728000,4403.00
1756731600,4385.30
1756735200,4398.18
1756738800,4358.82
1756742400,4356.34
1756746000,4327.80
1756749600,4347.97
1756753200,4368.02
1756756800,4280.67
1756760400,4258.64
1756764000,4285.69
1756767600,4314.39
1756771200,4302.38
1756774800,4327.09
1756778400,4355.15
1756782000,4366.59
1756785600,4384.69
1756789200,4385.45
1756792800,4414.59
1756796400,4374.87
1756800000,4395.28
1756803600,4398.91
1756807200,4391.32
1756810800,4344.39
1756814400,4281.82
1756818000,4374.16
1756821600,4342.90
1756825200,4290.40
1756828800,4297.11
1756832400,4321.49
1756836000,4298.00
1756839600,4271.57
1756843200,4315.12
1756846800,4329.35
1756850400,4327.40
1756854000,4324.70
1756857600,4309.79
1756861200,4319.04
1756864800,4339.31
1756868400,4334.99
1756872000,4341.35
1756875600,4315.86
1756879200,4306.16
1756882800,4311.91
1756886400,4315.85
1756890000,4349.61
1756893600,4370.84
1756897200,4374.33
1756900800,4352.62
1756904400,4417.75
1756908000,4472.35
1756911600,4483.95
1756915200,4466.14
1756918800,4474.82
1756922400,4468.21
1756926000,4477.06
1756929600,4466.20
1756933200,4465.12
1756936800,4470.49
1756940400,4450.22
1756944000,4471.39
1756947600,4467.31
1756951200,4423.17
1756954800,4399.46
1756958400,4398.42
1756962000,4371.64
1756965600,4366.90
1756969200,4375.57
1756972800,4370.71
1756976400,4395.01
1756980000,4418.40
1756983600,4409.16
1756987200,4414.82
1756990800,4379.58
1756994400,4346.48
1756998000,4307.14
1757001600,4297.55
1757005200,4308.35
1757008800,4278.25
1757012400,4278.92
1757016000,4306.14
1757019600,4323.83
1757023200,4347.96
1757026800,4298.84
1757030400,4303.82
1757034000,4325.70
1757037600,4325.86
1757041200,4328.19
1757044800,4332.82
1757048400,4339.73
1757052000,4330.79
1757055600,4422.05
1757059200,4406.04
1757062800,4397.45
1757066400,4413.25
1757070000,4417.98
1757073600,4464.43
1757077200,4441.56
1757080800,4281.70
1757084400,4279.69
1757088000,4296.48
1757091600,4290.20
1757095200,4314.73
1757098800,4328.84
1757102400,4338.33
1757106000,4297.04
1757109600,4314.54
1757113200,4306.97
1757116800,4321.19
1757120400,4318.58
1757124000,4320.98
1757127600,4319.54
1757131200,4308.40
1757134800,4294.63
1757138400,4302.35
1757142000,4311.93
1757145600,4312.24
1757149200,4294.34
1757152800,4300.19
1757156400,4298.50
1757160000,4299.49
1757163600,4293.79
1757167200,4295.83
1757170800,4273.47
1757174400,4293.68
1757178000,4271.71
1757181600,4278.90
1757185200,4255.25
1757188800,4276.74
1757192400,4284.66
1757196000,4278.15
1757199600,4274.40
1757203200,4285.18
1757206800,4294.81
1757210400,4301.20
1757214000,4297.99
1757217600,4302.09
1757221200,4295.15
1757224800,4284.63
1757228400,4294.07
1757232000,4304.82
1757235600,4298.17
1757239200,4304.17
1757242800,4307.58
1757246400,4299.29
1757250000,4304.44
1757253600,4298.91
1757257200,4299.19
1757260800,4289.64
1757264400,4275.89
1757268000,4283.08
1757271600,4293.25
1757275200,4293.96
1757278800,4290.43
1757282400,4309.55
1757286000,4305.38
1757289600,4299.31
1757293200,4293.42
1757296800,4307.91
1757300400,4309.87
1757304000,4297.81
1757307600,4297.53
1757311200,4293.75
1757314800,4291.88
1757318400,4298.79
1757322000,4316.86
1757325600,4328.61
1757329200,4312.49
1757332800,4317.93
1757336400,4318.91
1757340000,4350.43
1757343600,4369.97
1757347200,4338.62
1757350800,4311.27
1757354400,4330.99
1757358000,4289.87
1757361600,4296.40
1757365200,4320.08
1757368800,4310.33
1757372400,4308.28
1757376000,4301.42
1757379600,4286.74
1757383200,4290.93
1757386800,4307.05
1757390400,4315.04
1757394000,4318.81
1757397600,4371.56
1757401200,4358.53
1757404800,4357.61
1757408400,4357.36
1757412000,4348.25
1757415600,4347.62
1757419200,4346.39
1757422800,4344.63
1757426400,4302.06
1757430000,4287.34
1757433600,4287.46
1757437200,4283.42
1757440800,4286.73
1757444400,4296.77
1757448000,4302.20
1757451600,4299.78
1757455200,4316.13
1757458800,4309.09
1757462400,4286.56
1757466000,4303.49
1757469600,4316.58
1757473200,4318.53
1757476800,4312.41
1757480400,4305.00
1757484000,4313.85
1757487600,4327.40
1757491200,4331.40
1757494800,4324.37
1757498400,4327.50
1757502000,4329.92
1757505600,4366.42
1757509200,4416.70
1757512800,4400.70
1757516400,4406.19
1757520000,4383.12
1757523600,4365.76
1757527200,4344.11
1757530800,4325.28
1757534400,4329.48
1757538000,4349.57
1757541600,4346.99
1757545200,4349.20
1757548800,4359.13
1757552400,4366.71
1757556000,4381.39
1757559600,4406.06
1757563200,4411.42
1757566800,4420.54
1757570400,4441.53
1757574000,4444.26
1757577600,4432.72
1757581200,4416.83
1757584800,4429.11
1757588400,4431.28
1757592000,4420.59
1757595600,4439.15
1757599200,4428.73
1757602800,4411.98
1757606400,4419.04
1757610000,4431.59
1757613600,4420.60
1757617200,4424.35
1757620800,4417.98
1757624400,4430.81
1757628000,4456.88
1757631600,4461.48
1757635200,4514.83
1757638800,4500.30
1757642400,4506.61
1757646000,4505.10
1757649600,4522.83
1757653200,4556.31
1757656800,4537.01
1757660400,4526.47
1757664000,4517.22
1757667600,4514.79
1757671200,4515.35
1757674800,4519.36
1757678400,4528.47
1757682000,4540.52
1757685600,4545.62
1757689200,4545.13
1757692800,4573.75
1757696400,4615.50
1757700000,4624.74
1757703600,4664.37
1757707200,4671.74
1757710800,4653.85
1757714400,4699.99
1757718000,4714.70
1757721600,4709.87
1757725200,4704.56
1757728800,4704.82
1757732400,4759.17
1757736000,4748.39
1757739600,4725.70
1757743200,4712.78
1757746800,4714.29
1757750400,4731.20
1757754000,4732.59
1757757600,4719.46
1757761200,4722.69
1757764800,4723.35
1757768400,4689.18
1757772000,4693.98
1757775600,4655.02
1757779200,4628.72
1757782800,4638.91
1757786400,4646.01
1757790000,4641.27
1757793600,4658.93
1757797200,4666.77
1757800800,4660.18
1757804400,4668.17
1757808000,4673.89
1757811600,4675.53
1757815200,4685.21
1757818800,4665.12
1757822400,4661.42
1757826000,4678.60
1757829600,4667.41
1757833200,4652.83
1757836800,4657.79
1757840400,4667.74
1757844000,4662.39
1757847600,4631.60
1757851200,4634.70
1757854800,4613.27
1757858400,4605.26
1757862000,4582.13
1757865600,4597.65
1757869200,4621.56
1757872800,4605.18
1757876400,4616.12
1757880000,4618.37
1757883600,4628.81
1757887200,4633.71
1757890800,4609.72
1757894400,4602.60
1757898000,4618.81
1757901600,4621.66
1757905200,4642.39
1757908800,4643.66
1757912400,4663.06
1757916000,4633.47
1757919600,4600.47
1757923200,4514.62
1757926800,4525.98
1757930400,4532.10
1757934000,4534.34
1757937600,4515.23
1757941200,4516.22
1757944800,4516.07
1757948400,4504.58
1757952000,4494.53
1757955600,4507.10
1757959200,4505.66
1757962800,4495.46
1757966400,4511.74
1757970000,4524.98
1757973600,4517.75
1757977200,4526.08
1757980800,4512.01
1757984400,4519.29
1757988000,4515.83
1757991600,4525.58
1757995200,4518.88
1757998800,4530.06
1758002400,4509.11
1758006000,4513.39
1758009600,4511.01
1758013200,4513.50
1758016800,4504.56
1758020400,4501.97
1758024000,4503.00
1758027600,4465.98
1758031200,4449.67
1758034800,4467.88
1758038400,4465.36
1758042000,4490.58
1758045600,4475.93
1758049200,4494.80
1758052800,4497.70
1758056400,4510.27
1758060000,4524.15
1758063600,4503.64
1758067200,4515.36
1758070800,4514.42
1758074400,4535.37
1758078000,4501.12
1758081600,4479.43
1758085200,4517.53
1758088800,4546.71
1758092400,4545.51
1758096000,4513.67
1758099600,4498.05
1758103200,4482.58
1758106800,4494.47
1758110400,4505.17
1758114000,4499.39
1758117600,4490.86
1758121200,4492.65
1758124800,4488.49
1758128400,4517.84
1758132000,4456.26
1758135600,4520.46
1758139200,4500.68
1758142800,4531.28
1758146400,4597.35
1758150000,4592.44
1758153600,4586.58
1758157200,4622.87
1758160800,4613.40
1758164400,4617.91
1758168000,4612.20
1758171600,4588.86
1758175200,4571.47
1758178800,4577.31
1758182400,4602.00
1758186000,4598.16
1758189600,4577.21
1758193200,4573.64
1758196800,4574.60
1758200400,4584.22
1758204000,4597.98
1758207600,4603.60
1758211200,4623.29
1758214800,4609.13
1758218400,4621.73
1758222000,4591.34
1758225600,4604.68
1758229200,4596.28
1758232800,4591.90
1758236400,4589.51
1758240000,4607.94
1758243600,4608.33
1758247200,4592.04
1758250800,4550.36
1758254400,4559.48
1758258000,4542.68
1758261600,4527.13
1758265200,4542.17
1758268800,4535.92
1758272400,4524.31
1758276000,4531.91
1758279600,4517.46
1758283200,4519.30
1758286800,4531.32
1758290400,4492.37
1758294000,4477.72
1758297600,4483.58
1758301200,4462.04
1758304800,4450.27
1758308400,4447.06
1758312000,4459.51
1758315600,4473.12
1758319200,4471.76
1758322800,4470.98
1758326400,4477.49
1758330000,4471.99
1758333600,4468.51
1758337200,4468.41
1758340800,4475.92
1758344400,4481.56
1758348000,4476.18
1758351600,4483.68
1758355200,4470.01
1758358800,4467.39
1758362400,4466.68
1758366000,4472.26
1758369600,4468.05
1758373200,4470.67
1758376800,4491.28
1758380400,4499.91
1758384000,4504.38
1758387600,4487.82
1758391200,4478.48
1758394800,4482.54
1758398400,4488.47
1758402000,4492.47
1758405600,4496.26
1758409200,4482.58
1758412800,4489.06
1758416400,4482.66
1758420000,4481.23
1758423600,4479.16
1758427200,4474.25
1758430800,4479.12
1758434400,4488.07
1758438000,4480.01
1758441600,4472.00
1758445200,4469.85
1758448800,4461.88
1758452400,4463.23
1758456000,4470.90
1758459600,4477.53
1758463200,4476.41
1758466800,4485.46
1758470400,4473.29
1758474000,4494.02
1758477600,4497.84
1758481200,4496.70
1758484800,4481.75
1758488400,4474.72
1758492000,4470.59
1758495600,4451.58
1758499200,4346.84
1758502800,4330.87
1758506400,4292.30
1758510000,4308.15
1758513600,4292.03
1758517200,4283.66
1758520800,4194.84
1758524400,4197.73
1758528000,4199.25
1758531600,4152.54
1758535200,4188.06
1758538800,4183.79
1758542400,4195.13
1758546000,4204.13
1758549600,4195.60
1758553200,4171.51
1758556800,4171.62
1758560400,4168.39
1758564000,4160.39
1758567600,4140.24
1758571200,4187.44
1758574800,4200.87
1758578400,4193.55
1758582000,4203.02
1758585600,4195.59
1758589200,4169.12
1758592800,4152.84
1758596400,4189.52
1758600000,4179.41
1758603600,4186.94
1758607200,4208.63
1758610800,4208.96
1758614400,4211.30
1758618000,4195.71
1758621600,4195.50
1758625200,4195.95
1758628800,4196.34
1758632400,4190.49
1758636000,4178.74
1758639600,4183.51
1758643200,4196.52
1758646800,4150.51
1758650400,4156.95
1758654000,4153.14
1758657600,4174.27
1758661200,4184.53
1758664800,4182.53
1758668400,4165.41
1758672000,4175.81
1758675600,4191.16
1758679200,4172.37
1758682800,4149.89
1758686400,4141.55
1758690000,4173.53
1758693600,4181.05
1758697200,4173.16
1758700800,4176.65
1758704400,4183.69
1758708000,4175.85
1758711600,4183.44
1758715200,4181.20
1758718800,4157.25
1758722400,4197.35
1758726000,4169.52
1758729600,4174.30
1758733200,4185.84
1758736800,4173.74
1758740400,4165.17
1758744000,4168.77
1758747600,4138.33
1758751200,4154.86
1758754800,4153.52
1758758400,4131.58
1758762000,4102.96
1758765600,4103.28
1758769200,4060.09
1758772800,4007.83
1758776400,4029.08
1758780000,3997.00
1758783600,4008.99
1758787200,4013.96
1758790800,4024.88
1758794400,4015.85
1758798000,4002.18
1758801600,3982.30
1758805200,3965.35
1758808800,4017.37
1758812400,3999.97
1758816000,3938.54
1758819600,3839.30
1758823200,3922.80
1758826800,3918.76
1758830400,3888.23
1758834000,3910.32
1758837600,3894.61
1758841200,3867.62
1758844800,3932.44
1758848400,3946.45
1758852000,3957.19
1758855600,3966.66
1758859200,3947.30
1758862800,3924.28
1758866400,3921.32
1758870000,3936.87
1758873600,3936.95
1758877200,3916.61
1758880800,3892.83
1758884400,3909.51
1758888000,3942.75
1758891600,3978.37
1758895200,3929.85
1758898800,3949.34
1758902400,3992.15
1758906000,4047.15
1758909600,4047.90
1758913200,4029.74
1758916800,4011.88
1758920400,4026.20
1758924000,4028.80
1758927600,4035.91
1758931200,4027.93
1758934800,4019.45
1758938400,4013.83
1758942000,4021.59
1758945600,4024.11
1758949200,4021.61
1758952800,4020.82
1758956400,4010.36
1758960000,3987.28
1758963600,3997.22
1758967200,4012.24
1758970800,4003.73
1758974400,4035.67
1758978000,4021.97
1758981600,4016.15
1758985200,4022.07
1758988800,4008.37
1758992400,4001.83
1758996000,3996.87
1758999600,4003.66
1759003200,4006.17
1759006800,4017.93
1759010400,4023.75
1759014000,4018.66
1759017600,4018.38
1759021200,3999.10
1759024800,4002.64
1759028400,4004.88
1759032000,4004.09
1759035600,4010.67
1759039200,4005.15
1759042800,4015.21
1759046400,4004.95
1759050000,3998.57
1759053600,3997.54
1759057200,3995.10
1759060800,3981.37
1759064400,4014.82
1759068000,4024.46
1759071600,4022.71
1759075200,4033.23
1759078800,4042.11
1759082400,4040.80
1759086000,4039.32
1759089600,4054.51
1759093200,4048.22
1759096800,4134.11
1759100400,4141.36
1759104000,4128.12
1759107600,4116.21
1759111200,4113.78
1759114800,4121.00
1759118400,4121.06
1759122000,4114.74
1759125600,4100.38
1759129200,4110.84
1759132800,4130.48
1759136400,4134.64
1759140000,4122.44
1759143600,4105.28
1759147200,4097.85
1759150800,4186.12
1759154400,4190.20
1759158000,4166.68
1759161600,4143.64
1759165200,4159.72
1759168800,4164.09
1759172400,4193.91
1759176000,4226.22
1759179600,4228.18
1759183200,4229.50
1759186800,4218.54
1759190400,4209.36
1759194000,4198.28
1759197600,4202.93
1759201200,4201.62
1759204800,4191.98
1759208400,4188.48
1759212000,4193.59
1759215600,4184.26
1759219200,4172.98
1759222800,4143.74
1759226400,4162.92
1759230000,4169.96
1759233600,4160.15
1759237200,4154.69
1759240800,4150.39
1759244400,4120.63
1759248000,4095.71
1759251600,4104.74
1759255200,4118.88
1759258800,4162.19
1759262400,4192.52
1759266000,4161.33
1759269600,4141.23
1759273200,4146.03
1759276800,4146.71
1759280400,4171.07
1759284000,4154.52
1759287600,4131.66
1759291200,4139.99
1759294800,4146.45
1759298400,4127.13
1759302000,4147.75
1759305600,4295.70
1759309200,4314.18
1759312800,4283.19
1759316400,4298.58
1759320000,4282.76
1759323600,4301.65
1759327200,4323.42
1759330800,4327.45
1759334400,4327.26
1759338000,4297.28
1759341600,4312.34
1759345200,4334.17
1759348800,4334.38
1759352400,4306.09
1759356000,4313.34
1759359600,4344.41
1759363200,4338.53
1759366800,4399.37
1759370400,4390.11
1759374000,4379.37
1759377600,4371.74
1759381200,4386.85
1759384800,4402.89
1759388400,4376.97
1759392000,4389.33
1759395600,4391.85
1759399200,4382.35
1759402800,4381.96
1759406400,4398.12
1759410000,4417.34
1759413600,4380.54
1759417200,4440.96
1759420800,4452.84
1759424400,4467.84
1759428000,4494.78
1759431600,4497.44
1759435200,4490.49
1759438800,4473.52
1759442400,4465.32
1759446000,4486.93
1759449600,4472.96
1759453200,4474.82
1759456800,4514.16
1759460400,4504.10
1759464000,4496.61
1759467600,4479.82
1759471200,4471.22
1759474800,4461.25
1759478400,4465.95
1759482000,4477.20
1759485600,4493.30
1759489200,4483.35
1759492800,4488.01
1759496400,4477.90
1759500000,4485.25
1759503600,4532.82
1759507200,4539.85
1759510800,4476.03
1759514400,4508.31
1759518000,4521.04
1759521600,4537.61
1759525200,4529.53
1759528800,4528.98
1759532400,4514.91
1759536000,4502.02
1759539600,4479.25
1759543200,4487.70
1759546800,4489.34
1759550400,4494.67
1759554000,4505.25
1759557600,4510.35
1759561200,4498.74
1759564800,4493.53
1759568400,4491.29
1759572000,4487.84
1759575600,4486.09
1759579200,4482.66
1759582800,4499.91
1759586400,4478.14
1759590000,4456.66
1759593600,4467.87
1759597200,4462.52
1759600800,4453.00
1759604400,4468.22
1759608000,4477.03
1759611600,4486.24
1759615200,4490.98
1759618800,4489.05
1759622400,4472.90
1759626000,4488.51
1759629600,4546.64
1759633200,4540.96
1759636800,4572.94
1759640400,4564.80
1759644000,4560.83
1759647600,4604.67
1759651200,4586.06
1759654800,4553.60
1759658400,4545.72
1759662000,4553.46
1759665600,4533.33
1759669200,4538.42
1759672800,4536.81
1759676400,4534.65
1759680000,4528.11
1759683600,4511.77
1759687200,4520.81
1759690800,4487.75
1759694400,4502.93
1759698000,4505.21
1759701600,4513.98
1759705200,4515.30
1759708800,4500.38
1759712400,4529.22
1759716000,4538.22
1759719600,4537.38
1759723200,4526.31
1759726800,4527.79
1759730400,4559.56
1759734000,4533.67
1759737600,4562.09
1759741200,4573.47
1759744800,4573.76
1759748400,4573.84
1759752000,4580.65
1759755600,4634.76
1759759200,4640.72
1759762800,4677.79
1759766400,4679.53
1759770000,4702.70
1759773600,4715.64
1759777200,4729.67
1759780800,4690.79
1759784400,4683.94
1759788000,4699.69
1759791600,4687.71
1759795200,4682.10
1759798800,4676.83
1759802400,4687.59
1759806000,4692.98
1759809600,4717.02
1759813200,4711.89
1759816800,4671.62
1759820400,4677.03
1759824000,4673.29
1759827600,4682.79
1759831200,4695.30
1759834800,4711.77
1759838400,4739.46
1759842000,4704.47
1759845600,4600.82
1759849200,4512.34
1759852800,4504.61
1759856400,4478.31
1759860000,4468.40
1759863600,4478.26
1759867200,4515.71
1759870800,4490.22
1759874400,4499.62
1759878000,4451.11
1759881600,4476.84
1759885200,4487.17
1759888800,4482.48
1759892400,4444.40
1759896000,4463.00
1759899600,4438.81
1759903200,4456.86
1759906800,4461.97
1759910400,4475.43
1759914000,4482.22
1759917600,4502.94
1759921200,4488.33
1759924800,4474.95
1759928400,4475.39
1759932000,4449.27
1759935600,4448.00
1759939200,4496.90
1759942800,4540.97
1759946400,4532.64
1759950000,4518.38
1759953600,4506.82
1759957200,4519.09
1759960800,4525.67
1759964400,4526.96
1759968000,4515.64
1759971600,4480.76
1759975200,4412.82
1759978800,4451.63
1759982400,4455.55
1759986000,4455.49
1759989600,4430.07
1759993200,4428.24
1759996800,4330.28
1760000400,4336.50
1760004000,4358.33
1760007600,4377.44
1760011200,4409.20
1760014800,4358.79
1760018400,4345.39
1760022000,4318.31
1760025600,4279.47
1760029200,4323.80
1760032800,4311.85
1760036400,4329.52
1760040000,4337.53
1760043600,4359.70
1760047200,4380.33
1760050800,4369.07
1760054400,4382.07
1760058000,4376.65
1760061600,4360.71
1760065200,4354.94
1760068800,4344.90
1760072400,4368.68
1760076000,4330.89
1760079600,4328.11
1760083200,4346.82
1760086800,4323.72
1760090400,4343.88
1760094000,4347.04
1760097600,4349.25
1760101200,4355.60
1760104800,4288.54
1760108400,4109.92
1760112000,4111.57
1760115600,4094.50
1760119200,4061.64
1760122800,4002.43
1760126400,3912.56
1760130000,3958.20
1760133600,3858.32
1760137200,3840.96
1760140800,3847.81
1760144400,3742.88
1760148000,3846.26
1760151600,3797.65
1760155200,3817.00
1760158800,3796.73
1760162400,3781.12
1760166000,3759.73
1760169600,3821.46
1760173200,3832.00
1760176800,3836.67
1760180400,3842.19
1760184000,3827.64
1760187600,3837.81
1760191200,3813.71
1760194800,3830.50
1760198400,3825.40
1760202000,3828.57
1760205600,3820.10
1760209200,3757.91
1760212800,3681.77
1760216400,3740.87
1760220000,3748.26
1760223600,3750.95
1760227200,3703.46
1760230800,3719.65
1760234400,3731.57
1760238000,3784.02
1760241600,3805.01
1760245200,3814.39
1760248800,3835.45
1760252400,3834.27
1760256000,3827.75
1760259600,3847.77
1760263200,3823.99
1760266800,3821.20
1760270400,3831.03
1760274000,3814.02
1760277600,3984.86
1760281200,4038.75
1760284800,4109.55
1760288400,4126.46
1760292000,4113.21
1760295600,4139.34
1760299200,4138.46
1760302800,4133.98
1760306400,4139.14
1760310000,4164.05
1760313600,4144.96
1760317200,4196.51
1760320800,4163.56
1760324400,4140.88
1760328000,4143.99
1760331600,4131.93
1760335200,4174.76
1760338800,4181.08
1760342400,4184.40
1760346000,4166.73
1760349600,4153.55
1760353200,4087.90
1760356800,4095.86
1760360400,4166.58
1760364000,4094.74
1760367600,4140.81
1760371200,4171.33
1760374800,4217.98
1760378400,4231.94
1760382000,4260.33
1760385600,4280.38
1760389200,4261.71
1760392800,4274.58
1760396400,4245.37
1760400000,4241.70
1760403600,4214.20
1760407200,4177.09
1760410800,4159.80
1760414400,4104.90
1760418000,4069.45
1760421600,4009.68
1760425200,3977.86
1760428800,4001.57
1760432400,3991.81
1760436000,3944.81
1760439600,3975.17
1760443200,3943.65
1760446800,3948.55
1760450400,3976.12
1760454000,4075.05
1760457600,4105.78
1760461200,4105.23
1760464800,4116.26
1760468400,4110.52
1760472000,4118.26
1760475600,4119.46
1760479200,4121.53
1760482800,4125.02
1760486400,4121.60
1760490000,4117.12
1760493600,4120.32
1760497200,4084.13
1760500800,4120.14
1760504400,4109.92
1760508000,4110.29
1760511600,4125.12
1760515200,4183.38
1760518800,4154.84
1760522400,4122.89
1760526000,4101.87
1760529600,4098.60
1760533200,4059.03
1760536800,4013.06
1760540400,3982.94
1760544000,3980.18
1760547600,3992.58
1760551200,4013.13
1760554800,3983.26
1760558400,3963.72
1760562000,3952.34
1760565600,3964.32
1760569200,3987.15
1760572800,3983.26
1760576400,4009.37
1760580000,4034.48
1760583600,4021.09
1760587200,4004.81
1760590800,3996.88
1760594400,4041.22
1760598000,4001.25
1760601600,3997.09
1760605200,4032.22
1760608800,4050.45
1760612400,4061.86
1760616000,4061.66
1760619600,4021.66
1760623200,4018.37
1760626800,3903.84
1760630400,3950.23
1760634000,3921.02
1760637600,3900.85
1760641200,3871.48
1760644800,3847.78
1760648400,3880.94
1760652000,3866.42
1760655600,3894.38
1760659200,3924.66
1760662800,3918.81
1760666400,3923.33
1760670000,3934.12
1760673600,3917.21
1760677200,3899.91
1760680800,3823.82
1760684400,3756.77
1760688000,3711.27
1760691600,3731.97
1760695200,3723.17
1760698800,3776.48
1760702400,3774.40
1760706000,3792.32
1760709600,3749.12
1760713200,3793.94
1760716800,3789.15
1760720400,3818.04
1760724000,3832.91
1760727600,3832.05
1760731200,3856.39
1760734800,3881.41
1760738400,3855.42
1760742000,3833.01
1760745600,3839.90
1760749200,3871.84
1760752800,3851.86
1760756400,3870.92
1760760000,3845.53
1760763600,3868.61
1760767200,3874.82
1760770800,3887.09
1760774400,3882.13
1760778000,3879.27
1760781600,3875.55
1760785200,3881.77
1760788800,3884.68
1760792400,3865.72
1760796000,3875.20
1760799600,3879.80
1760803200,3867.45
1760806800,3890.29
1760810400,3888.34
1760814000,3893.33
1760817600,3891.04
1760821200,3892.70
1760824800,3887.41
1760828400,3889.31
1760832000,3870.32
1760835600,3873.92
1760839200,3873.50
1760842800,3905.44
1760846400,3902.49
1760850000,3897.32
1760853600,3880.92
1760857200,3887.50
1760860800,3865.23
1760864400,3919.67
1760868000,3929.14
1760871600,3926.98
1760875200,3924.14
1760878800,3973.78
1760882400,3991.94
1760886000,3980.51
1760889600,3985.70
1760893200,3993.80
1760896800,4002.93
1760900400,3986.94
1760904000,3999.67
1760907600,3998.53
1760911200,4023.26
1760914800,3984.70
1760918400,3942.94
1760922000,3941.04
1760925600,3958.49
1760929200,4029.80
1760932800,4049.40
1760936400,4061.73
1760940000,4079.14
1760943600,4055.55
1760947200,4047.45
1760950800,4045.24
1760954400,4026.94
1760958000,4036.29
1760961600,4034.99
1760965200,4040.70
1760968800,4040.90
1760972400,4011.40
1760976000,3955.04
1760979600,3951.66
1760983200,3973.25
1760986800,3990.83
1760990400,3995.93
1760994000,3976.14
1760997600,3989.68
1761001200,3980.76
1761004800,3975.06
1761008400,3948.08
1761012000,3934.19
1761015600,3924.99
1761019200,3849.85
1761022800,3864.38
1761026400,3888.76
1761030000,3895.13
1761033600,3871.47
1761037200,3863.55
1761040800,3889.06
1761044400,3892.85
1761048000,3889.61
1761051600,3865.50
1761055200,4010.46
1761058800,4076.38
1761062400,4049.04
1761066000,4015.37
1761069600,4015.13
1761073200,4006.87
1761076800,3958.82
1761080400,3950.18
1761084000,3902.07
1761087600,3877.36
1761091200,3845.66
1761094800,3874.44
1761098400,3868.19
1761102000,3860.02
1761105600,3880.96
1761109200,3865.01
1761112800,3861.50
1761116400,3874.72
1761120000,3856.19
1761123600,3837.61
1761127200,3824.89
1761130800,3829.65
1761134400,3847.80
1761138000,3873.49
1761141600,3838.37
1761145200,3839.48
1761148800,3847.10
1761152400,3806.90
1761156000,3801.38
1761159600,3790.94
1761163200,3777.79
1761166800,3745.44
1761170400,3753.18
1761174000,3808.08
1761177600,3816.43
1761181200,3822.96
1761184800,3824.35
1761188400,3827.74
1761192000,3839.03
1761195600,3849.18
1761199200,3891.71
1761202800,3882.19
1761206400,3888.41
1761210000,3889.58
1761213600,3879.87
1761217200,3865.13
1761220800,3847.22
1761224400,3848.21
1761228000,3846.13
1761231600,3880.73
1761235200,3918.54
1761238800,3921.48
1761242400,3872.55
1761246000,3861.79
1761249600,3825.92
1761253200,3830.12
1761256800,3852.56
1761260400,3856.03
1761264000,3871.90
1761267600,3882.68
1761271200,3893.66
1761274800,3892.10
1761278400,3974.39
1761282000,3974.13
1761285600,3986.44
1761289200,3949.83
1761292800,3953.80
1761296400,3957.98
1761300000,3957.94
1761303600,3946.09
1761307200,3965.16
1761310800,3944.71
1761314400,3904.00
1761318000,3887.99
1761321600,3886.49
1761325200,3891.28
1761328800,3913.22
1761332400,3930.73
1761336000,3938.54
1761339600,3943.42
1761343200,3937.74
1761346800,3934.49
1761350400,3917.66
1761354000,3932.01
1761357600,3935.51
1761361200,3923.23
1761364800,3925.29
1761368400,3931.31
1761372000,3930.29
1761375600,3929.39
1761379200,3953.05
1761382800,3943.35
1761386400,3943.97
1761390000,3942.28
1761393600,3953.39
1761397200,3943.76
1761400800,3938.56
1761404400,3932.77
1761408000,3933.21
1761411600,3935.12
1761415200,3957.17
1761418800,3957.27
1761422400,3950.67
1761426000,3951.77
1761429600,3964.14
1761433200,3953.44
1761436800,3951.94
1761440400,3932.53
1761444000,3930.65
1761447600,3930.21
1761451200,3940.39
1761454800,3944.62
1761458400,3944.91
1761462000,3951.69
1761465600,3959.87
1761469200,3986.05
1761472800,3984.22
1761476400,4042.34
1761480000,4075.40
1761483600,4083.60
1761487200,4068.02
1761490800,4074.94
1761494400,4055.32
1761498000,4061.40
1761501600,4072.52
1761505200,4066.58
1761508800,4065.94
1761512400,4080.33
1761516000,4162.23
1761519600,4158.01
1761523200,4173.22
1761526800,4192.47
1761530400,4205.38
1761534000,4204.73
1761537600,4214.40
1761541200,4235.31
1761544800,4238.00
1761548400,4201.59
1761552000,4167.21
1761555600,4159.74
1761559200,4166.43
1761562800,4160.78
1761566400,4145.47
1761570000,4177.35
1761573600,4149.71
1761577200,4173.81
1761580800,4216.46
1761584400,4222.00
1761588000,4216.53
1761591600,4198.75
1761595200,4132.86
1761598800,4123.52
1761602400,4121.38
1761606000,4120.27
1761609600,4114.27
1761613200,4137.54
1761616800,4099.31
1761620400,4094.65
1761624000,4102.02
1761627600,4071.48
1761631200,4110.36
1761634800,4117.55
1761638400,4124.60
1761642000,4123.82
1761645600,4117.90
1761649200,4112.60
1761652800,4124.03
1761656400,4154.71
1761660000,4117.92
1761663600,4096.69
1761667200,4136.05
1761670800,4140.36
1761674400,4112.26
1761678000,4037.33
1761681600,3983.83
1761685200,3985.02
1761688800,3996.51
1761692400,3980.76
1761696000,3977.18
1761699600,3987.26
1761703200,4004.27
1761706800,3998.71
1761710400,4015.85
1761714000,4029.15
1761717600,4026.98
1761721200,4025.27
1761724800,4007.66
1761728400,3999.82
1761732000,3993.17
1761735600,4013.83
1761739200,4014.91
1761742800,3995.38
1761746400,3984.66
1761750000,3951.52
1761753600,3962.06
1761757200,4004.19
1761760800,3932.02
1761764400,3919.48
1761768000,3950.33
1761771600,3955.43
1761775200,3940.56
1761778800,3903.32
1761782400,3922.45
1761786000,3930.34
1761789600,3946.27
1761793200,3932.51
1761796800,3885.91
1761800400,3920.62
1761804000,3918.73
1761807600,3938.55
1761811200,3921.33
1761814800,3901.40
1761818400,3893.04
1761822000,3884.30
1761825600,3817.35
1761829200,3776.61
1761832800,3804.50
1761836400,3773.66
1761840000,3778.37
1761843600,3766.48
1761847200,3722.88
1761850800,3697.21
1761854400,3753.61
1761858000,3770.48
1761861600,3781.73
1761865200,3805.08
1761868800,3834.49
1761872400,3844.23
1761876000,3819.15
1761879600,3826.72
1761883200,3864.27
1761886800,3849.47
1761890400,3827.73
1761894000,3830.00
1761897600,3850.36
1761901200,3841.53
1761904800,3834.02
1761908400,3876.44
1761912000,3837.74
1761915600,3856.01
1761919200,3867.89
1761922800,3860.70
1761926400,3816.76
1761930000,3825.09
1761933600,3848.00
1761937200,3888.06
1761940800,3859.51
1761944400,3859.45
1761948000,3856.04
1761951600,3847.17
1761955200,3846.48
1761958800,3843.00
1761962400,3851.71
1761966000,3859.52
1761969600,3864.37
1761973200,3853.19
1761976800,3856.29
1761980400,3859.03
1761984000,3875.20
1761987600,3873.74
1761991200,3874.01
1761994800,3874.36
1761998400,3875.21
1762002000,3868.27
1762005600,3869.66
1762009200,3892.53
1762012800,3895.21
1762016400,3868.47
1762020000,3882.39
1762023600,3882.52
1762027200,3884.90
1762030800,3868.93
1762034400,3873.08
1762038000,3873.89
1762041600,3864.81
1762045200,3869.20
1762048800,3879.77
1762052400,3879.49
1762056000,3907.48
1762059600,3901.51
1762063200,3901.60
1762066800,3906.43
1762070400,3892.71
1762074000,3872.56
1762077600,3859.78
1762081200,3891.48
1762084800,3876.94
1762088400,3868.05
1762092000,3852.44
1762095600,3854.31
1762099200,3863.44
1762102800,3856.60
1762106400,3863.70
1762110000,3854.61
1762113600,3858.27
1762117200,3863.72
1762120800,3851.14
1762124400,3911.75
1762128000,3865.83
1762131600,3837.16
1762135200,3798.53
1762138800,3736.25
1762142400,3744.33
1762146000,3730.64
1762149600,3716.34
1762153200,3716.04
1762156800,3712.57
1762160400,3699.89
1762164000,3694.18
1762167600,3710.93
1762171200,3709.41
1762174800,3719.35
1762178400,3730.90
1762182000,3595.17
1762185600,3622.40
1762189200,3666.62
1762192800,3634.03
1762196400,3636.43
1762200000,3570.23
1762203600,3595.64
1762207200,3588.87
1762210800,3602.04
1762214400,3613.87
1762218000,3643.86
1762221600,3628.22
1762225200,3644.55
1762228800,3624.91
1762232400,3495.63
1762236000,3505.16
1762239600,3491.63
1762243200,3492.35
1762246800,3490.32
1762250400,3481.21
1762254000,3520.78
1762257600,3509.62
1762261200,3508.73
1762264800,3550.88
1762268400,3509.26
1762272000,3430.17
1762275600,3365.74
1762279200,3311.59
1762282800,3229.23
1762286400,3191.14
1762290000,3199.28
1762293600,3230.86
1762297200,3292.15
1762300800,3243.51
1762304400,3249.02
1762308000,3323.84
1762311600,3338.16
1762315200,3328.09
1762318800,3326.21
1762322400,3333.30
1762326000,3333.46
1762329600,3302.25
1762333200,3308.31
1762336800,3279.64
1762340400,3320.06
1762344000,3341.98
1762347600,3361.72
1762351200,3346.17
1762354800,3395.47
1762358400,3429.08
1762362000,3434.06
1762365600,3467.34
1762369200,3455.69
1762372800,3443.88
1762376400,3445.19
1762380000,3426.48
1762383600,3425.36
1762387200,3407.18
1762390800,3406.97
1762394400,3424.89
1762398000,3435.76
1762401600,3451.13
1762405200,3385.46
1762408800,3388.54
1762412400,3383.32
1762416000,3385.35
1762419600,3385.93
1762423200,3395.77
1762426800,3399.19
1762430400,3353.17
1762434000,3390.08
1762437600,3325.14
1762441200,3296.60
1762444800,3276.97
1762448400,3328.90
1762452000,3326.64
1762455600,3327.22
1762459200,3299.55
1762462800,3326.41
1762466400,3317.85
1762470000,3312.03
1762473600,3324.58
1762477200,3318.78
1762480800,3343.29
1762484400,3344.91
1762488000,3336.03
1762491600,3364.85
1762495200,3347.65
1762498800,3355.70
1762502400,3338.08
1762506000,3297.37
1762509600,3277.98
1762513200,3259.85
1762516800,3219.33
1762520400,3236.02
1762524000,3288.08
1762527600,3299.51
1762531200,3296.20
1762534800,3381.33
1762538400,3426.14
1762542000,3439.32
1762545600,3466.88
1762549200,3466.58
1762552800,3449.40
1762556400,3434.74
1762560000,3424.11
1762563600,3432.05
1762567200,3441.74
1762570800,3456.88
1762574400,3458.98
1762578000,3433.50
1762581600,3442.48
1762585200,3446.47
1762588800,3455.68
1762592400,3439.53
1762596000,3446.25
1762599600,3409.36
1762603200,3406.81
1762606800,3401.46
1762610400,3399.93
1762614000,3375.08
1762617600,3361.81
1762621200,3397.44
1762624800,3403.71
1762628400,3387.52
1762632000,3398.39
1762635600,3405.58
1762639200,3407.80
1762642800,3400.10
1762646400,3382.02
1762650000,3398.75
1762653600,3367.34
1762657200,3374.72
1762660800,3373.44
1762664400,3403.56
1762668000,3402.37
1762671600,3419.85
1762675200,3416.32
1762678800,3400.82
1762682400,3397.91
1762686000,3425.93
1762689600,3441.39
1762693200,3458.26
1762696800,3507.73
1762700400,3515.83
1762704000,3527.67
1762707600,3515.13
1762711200,3541.39
1762714800,3576.35
1762718400,3577.32
1762722000,3577.79
1762725600,3588.64
1762729200,3583.44
1762732800,3643.12
1762736400,3630.01
1762740000,3623.33
1762743600,3628.20
1762747200,3618.39
1762750800,3603.59
1762754400,3606.46
1762758000,3607.68
1762761600,3592.38
1762765200,3622.25
1762768800,3605.63
1762772400,3610.26
1762776000,3590.89
1762779600,3616.86
1762783200,3543.41
1762786800,3515.57
1762790400,3530.31
1762794000,3547.20
1762797600,3538.49
1762801200,3558.47
1762804800,3566.73
1762808400,3538.11
1762812000,3575.32
1762815600,3568.47
1762819200,3587.06
1762822800,3577.85
1762826400,3611.31
1762830000,3605.49
1762833600,3573.43
1762837200,3551.21
1762840800,3556.13
1762844400,3547.29
1762848000,3562.26
1762851600,3554.19
1762855200,3557.64
1762858800,3571.82
1762862400,3543.85
1762866000,3530.88
1762869600,3524.89
1762873200,3483.16
1762876800,3485.94
1762880400,3473.86
1762884000,3469.62
1762887600,3456.18
1762891200,3443.71
1762894800,3419.23
1762898400,3430.58
1762902000,3415.80
1762905600,3421.26
1762909200,3445.61
1762912800,3425.09
1762916400,3439.15
1762920000,3442.38
1762923600,3448.01
1762927200,3441.71
1762930800,3426.75
1762934400,3469.41
1762938000,3483.21
1762941600,3531.87
1762945200,3548.45
1762948800,3552.48
1762952400,3576.59
1762956000,3497.76
1762959600,3421.65
1762963200,3397.36
1762966800,3433.05
1762970400,3426.52
1762974000,3409.52
1762977600,3410.88
1762981200,3421.42
1762984800,3419.55
1762988400,3412.99
1762992000,3410.74
1762995600,3424.13
1762999200,3433.51
1763002800,3458.20
1763006400,3484.65
1763010000,3532.48
1763013600,3546.40
1763017200,3536.34
1763020800,3526.25
1763024400,3484.98
1763028000,3502.78
1763031600,3505.42
1763035200,3502.06
1763038800,3433.82
1763042400,3447.02
1763046000,3378.13
1763049600,3324.98
1763053200,3258.42
1763056800,3219.67
1763060400,3195.71
1763064000,3166.74
1763067600,3181.22
1763071200,3226.06
1763074800,3232.30
1763078400,3192.82
1763082000,3206.31
1763085600,3235.94
1763089200,3224.06
1763092800,3159.13
1763096400,3191.82
1763100000,3202.84
1763103600,3210.90
1763107200,3207.50
1763110800,3157.17
1763114400,3175.76
1763118000,3135.84
1763121600,3128.34
1763125200,3117.37
1763128800,3196.43
1763132400,3193.51
1763136000,3231.78
1763139600,3181.28
1763143200,3164.21
1763146800,3202.70
1763150400,3131.16
1763154000,3167.44
1763157600,3154.78
1763161200,3104.23
1763164800,3138.64
1763168400,3170.56
1763172000,3187.74
1763175600,3176.79
1763179200,3169.62
1763182800,3177.71
1763186400,3172.58
1763190000,3174.74
1763193600,3142.18
1763197200,3149.62
1763200800,3167.23
1763204400,3148.62
1763208000,3159.85
1763211600,3189.86
1763215200,3176.35
1763218800,3187.30
1763222400,3183.70
1763226000,3212.83
1763229600,3203.54
1763233200,3196.47
1763236800,3171.15
1763240400,3156.23
1763244000,3168.46
1763247600,3166.63
1763251200,3155.82
1763254800,3151.11
1763258400,3196.34
1763262000,3196.73
1763265600,3190.57
1763269200,3203.68
1763272800,3199.12
1763276400,3216.96
1763280000,3216.02
1763283600,3240.59
1763287200,3233.52
1763290800,3166.64
1763294400,3164.74
1763298000,3151.85
1763301600,3171.62
1763305200,3102.22
1763308800,3058.31
1763312400,3055.00
1763316000,3056.37
1763319600,3089.03
1763323200,3092.47
1763326800,3070.06
1763330400,3093.61
1763334000,3092.94
1763337600,3136.84
1763341200,3116.08
1763344800,3145.18
1763348400,3174.24
1763352000,3181.92
1763355600,3187.76
1763719200,2694.65
1763722800,2684.17
1763726400,2724.95
1763730000,2748.02
1763733600,2772.98
1763737200,2698.91
1763740800,2751.43
1763744400,2781.98
1763748000,2775.75
1763751600,2747.58
1763755200,2740.98
1763758800,2763.38
1763762400,2724.04
1763766000,2766.09
1763769600,2763.85
1763773200,2771.18
1763776800,2748.88
1763780400,2752.72
1763784000,2743.97
1763787600,2742.26
1763791200,2763.94
1763794800,2755.85
1763798400,2728.72
1763802000,2723.72
1763805600,2711.69
1763809200,2736.41
1763812800,2719.35
1763816400,2717.22
1763820000,2744.13
1763823600,2733.66
1763827200,2755.21
1763830800,2749.59
1763834400,2750.42
1763838000,2750.54
1763841600,2738.90
1763845200,2746.21
1763848800,2791.19
1763852400,2767.59
1763856000,2770.11
1763859600,2805.63
1763863200,2821.20
1763866800,2822.23
1763870400,2826.42
1763874000,2823.24
1763877600,2810.62
1763881200,2791.00
1763884800,2812.39
1763888400,2815.57
1763892000,2807.94
1763895600,2814.16
1763899200,2832.98
1763902800,2842.41
1763906400,2813.54
1763910000,2836.06
1763913600,2804.36
1763917200,2792.04
1763920800,2807.40
1763924400,2821.28
1763928000,2827.45
1763931600,2842.48
1763935200,2837.71
1763938800,2801.20
1763942400,2787.33
1763946000,2804.32
1763949600,2834.98
1763953200,2855.31
1763956800,2823.19
1763960400,2865.51
1763964000,2838.02
1763967600,2828.86
1763971200,2839.25
1763974800,2795.94
1763978400,2800.45
1763982000,2802.71
1763985600,2801.26
1763989200,2814.89
1763992800,2818.13
1763996400,2845.49
1764000000,2858.79
1764003600,2940.80
1764007200,2955.99
1764010800,2956.63
1764014400,2972.15
1764018000,2962.52
1764021600,2959.75
1764025200,2952.89
1764028800,2943.25
1764032400,2922.27
1764036000,2929.80
1764039600,2911.36
1764043200,2938.11
1764046800,2930.27
1764050400,2923.39
1764054000,2903.75
1764057600,2872.80
1764061200,2892.70
1764064800,2897.94
1764068400,2890.61
1764072000,2927.91
1764075600,2904.85
1764079200,2878.19
1764082800,2895.81
1764086400,2928.67
1764090000,2938.58
1764093600,2925.19
1764097200,2919.51
1764100800,2932.86
1764104400,2931.69
1764108000,2970.98
1764111600,2958.33
1764115200,2952.06
1764118800,2967.26
1764122400,2956.58
1764126000,2925.75
1764129600,2931.13
1764133200,2943.12
1764136800,2945.93
1764140400,2943.42
1764144000,2912.48
1764147600,2903.51
1764151200,2913.24
1764154800,2913.12
1764158400,2901.83
1764162000,2930.13
1764165600,2916.41
1764169200,2915.41
1764172800,2948.37
1764176400,3031.85
1764180000,3030.64
1764183600,3034.38
1764187200,3027.09
1764190800,3021.77
1764194400,3028.70
1764198000,3027.80
1764201600,3036.40
1764205200,3053.51
1764208800,3039.39
1764212400,3035.06
1764216000,3040.49
1764219600,3023.14
1764223200,3028.09
1764226800,3032.38
1764230400,3027.62
1764234000,3028.24
1764237600,3034.39
1764241200,3029.35
1764244800,2991.13
1764248400,2997.91
1764252000,2997.71
1764255600,3011.69
1764259200,3021.23
1764262800,3019.78
1764266400,3037.21
1764270000,3030.84
1764273600,3040.04
1764277200,3034.12
1764280800,3011.16
1764284400,3014.34
1764288000,3013.47
1764291600,2998.20
1764295200,3012.36
1764298800,3008.97
1764302400,3017.43
1764306000,3024.01
1764309600,3010.50
1764313200,3001.29
1764316800,3059.12
1764320400,3052.49
1764324000,3060.91
1764327600,3035.58
1764331200,3036.22
1764334800,3071.35
1764338400,3063.51
1764342000,3071.97
1764345600,3027.20
1764349200,3042.29
1764352800,3036.17
1764356400,3049.27
1764360000,3057.49
1764363600,3039.39
1764367200,3031.79
1764442800,2994.65
1764572400,2840.82
1764576000,2837.45
1764579600,2837.21
1764583200,2843.79
1764586800,2838.10
1764590400,2824.83
1764594000,2813.28
1764597600,2820.79
1764601200,2745.12
1764604800,2727.30
1764608400,2740.54
1764612000,2750.69
1764615600,2741.84
1764619200,2759.02
1764622800,2791.38
1764626400,2804.06
1764630000,2800.22
1764633600,2793.93
1764637200,2794.96
1764640800,2801.77
1764644400,2805.18
1764648000,2805.42
1764651600,2803.22
1764655200,2812.52
1764658800,2806.11
1764662400,2796.32
1764666000,2798.40
1764669600,2824.21
1764673200,2825.39
1764676800,2826.51
1764680400,2846.76
1764684000,2894.90
1764687600,3007.57
1764691200,3000.72
1764694800,3017.02
1764698400,3011.56
1764702000,3017.18
1764705600,2980.77
1764709200,2997.56
1764712800,3016.78
1764716400,2997.80
1764720000,3004.89
1764723600,3015.28
1764727200,3031.43
1764730800,3033.50
1764734400,3058.26
1764738000,3061.18
1764741600,3066.91
1764745200,3058.79
1764748800,3050.55
1764752400,3062.90
1764756000,3054.58
1764759600,3073.55
1764763200,3082.93
1764766800,3090.05
1764770400,3088.63
1764774000,3082.69
1764777600,3087.22
1764781200,3130.50
1764784800,3115.52
1764788400,3128.00
1764792000,3133.65
1764795600,3163.69
1764799200,3190.62
1764802800,3188.34
1764806400,3199.06
1764810000,3203.31
1764813600,3225.00
1764817200,3210.09
1764820800,3191.09
1764824400,3184.29
1764828000,3205.92
1764831600,3191.26
1764835200,3182.04
1764838800,3201.42
1764842400,3188.58
1764846000,3186.10
1764849600,3177.58
1764853200,3173.02
1764856800,3145.82
1764860400,3212.67
1764864000,3170.67
1764867600,3161.09
1764871200,3139.61
1764874800,3121.95
1764878400,3141.75
1764882000,3123.33
1764885600,3145.23
1764889200,3134.36
1764892800,3147.99
1764896400,3164.63
1764900000,3183.44
1764903600,3170.47
1764907200,3168.63
1764910800,3155.04
1764914400,3168.95
1764918000,3173.81
1764921600,3156.24
1764925200,3120.89
1764928800,3139.66
1764932400,3133.16
1764936000,3129.59
1764939600,3102.15
1764943200,3103.06
1764946800,3098.70
1764950400,3037.65
1764954000,3033.50
1764957600,3008.21
1764961200,3040.81
1764964800,3024.01
1764968400,3019.12
1764972000,3028.76
1764975600,3024.49
1764979200,3027.02
1764982800,3027.28
1764986400,3029.24
1764990000,3040.02
1764993600,3037.40
1764997200,3039.68
1765000800,3039.25
1765004400,3028.92
1765008000,3017.13
1765011600,3031.34
1765015200,3032.85
1765018800,3039.00
1765022400,3032.27
1765026000,3037.69
1765029600,3055.73
1765033200,3046.41
1765036800,3053.12
1765040400,3055.35
1765044000,3043.38
1765047600,3031.65
1765051200,3040.87
1765054800,3044.02
1765058400,3043.82
1765062000,3040.18
1765065600,3046.75
1765069200,3047.24
1765072800,3055.54
1765076400,3054.74
1765080000,3047.50
1765083600,3046.50
1765087200,3048.89
1765090800,3037.36
1765094400,3036.23
1765098000,3031.37
1765101600,3039.83
1765105200,3037.78
1765108800,3048.77
1765112400,3033.55
1765116000,2944.55
1765119600,3020.61
1765123200,3029.13
1765126800,3114.58
1765130400,3130.41
1765134000,3136.79
1765137600,3142.60
1765141200,3079.35
1765144800,3035.46
1765148400,3058.16
1765152000,3064.43
1765155600,3098.81
1765159200,3112.22
1765162800,3110.77
1765166400,3128.41
1765170000,3130.84
1765173600,3131.28
1765177200,3133.02
1765180800,3142.49
1765184400,3158.75
1765188000,3160.70
1765191600,3142.74
1765195200,3132.46
1765198800,3144.30
1765202400,3131.20
1765206000,3105.73
1765209600,3107.27
1765213200,3124.56
1765216800,3085.75
1765220400,3117.90
1765224000,3132.94
1765227600,3148.99
1765231200,3128.98
1765234800,3124.94
1765238400,3119.35
1765242000,3106.74
1765245600,3101.81
1765249200,3127.30
1765252800,3107.71
1765256400,3108.58
1765260000,3112.37
1765263600,3122.63
1765267200,3121.35
1765270800,3106.61
1765274400,3105.58
1765278000,3119.15
1765281600,3137.72
1765285200,3117.16
1765288800,3113.26
1765292400,3251.05
1765296000,3370.51
1765299600,3371.17
1765303200,3377.64
1765306800,3359.64
1765310400,3328.62
1765314000,3302.55
1765317600,3334.80
1765321200,3321.20
1765324800,3309.71
1765328400,3304.47
1765332000,3306.47
1765335600,3309.94
1765339200,3323.87
1765342800,3323.87
1765346400,3326.07
1765350000,3324.68
1765353600,3324.40
1765357200,3345.79
1765360800,3319.46
1765364400,3317.94
1765368000,3326.19
1765371600,3334.78
1765375200,3315.53
1765378800,3324.82
1765382400,3351.39
1765386000,3368.73
1765389600,3383.21
1765393200,3392.03
1765396800,3354.81
1765400400,3348.74
1765404000,3349.62
1765407600,3328.13
1765411200,3279.16
1765414800,3255.70
1765418400,3210.28
1765422000,3191.50
1765425600,3215.97
1765429200,3214.04
1765432800,3203.04
1765436400,3201.48
1765440000,3196.51
1765443600,3197.20
1765447200,3198.55
1765450800,3196.67
1765454400,3199.53
1765458000,3192.02
1765461600,3166.39
1765465200,3180.15
1765468800,3173.21
1765472400,3183.68
1765476000,3199.38
1765479600,3194.65
1765483200,3226.05
1765486800,3250.11
1765490400,3241.33
1765494000,3237.03
1765497600,3201.95
1765501200,3232.73
1765504800,3258.98
1765508400,3247.02
1765512000,3248.58
1765515600,3247.92
1765519200,3254.04
1765522800,3248.08
1765526400,3244.05
1765530000,3253.92
1765533600,3246.41
1765537200,3240.90
1765540800,3247.61
1765544400,3240.78
1765548000,3236.22
1765551600,3066.21
1765555200,3065.15
1765558800,3067.40
1765562400,3083.84
1765566000,3070.73
1765569600,3077.94
1765573200,3083.67
1765576800,3092.59
1765580400,3084.13
1765584000,3086.73
1765587600,3083.32
1765591200,3085.42
1765594800,3089.72
1765598400,3091.01
1765602000,3089.31
1765605600,3094.73
1765609200,3095.11
1765612800,3115.84
1765616400,3120.02
1765620000,3127.29
1765623600,3119.97
1765627200,3115.15
1765630800,3110.20
1765634400,3112.65
1765638000,3111.20
1765641600,3106.32
1765645200,3100.97
1765648800,3101.38
1765652400,3109.47
1765656000,3103.81
1765659600,3112.69
1765663200,3112.49
1765666800,3116.74
1765670400,3118.32
1765674000,3120.62
1765677600,3123.21
1765681200,3119.80
1765684800,3111.04
1765688400,3112.49
1765692000,3110.55
1765695600,3115.84
1765699200,3112.52
1765702800,3109.69
1765706400,3108.23
1765710000,3085.38
1765713600,3099.63
1765717200,3097.08
1765720800,3086.25
1765724400,3085.00
1765728000,3091.12
1765731600,3086.28
1765735200,3104.09
1765738800,3091.44
1765742400,3084.27
1765746000,3082.30
1765749600,3070.76
1765753200,3060.48
1765756800,3075.90
1765760400,3111.84
1765764000,3121.87
1765767600,3112.12
1765771200,3125.21
1765774800,3119.75
1765778400,3137.60
1765782000,3129.63
1765785600,3140.46
1765789200,3153.94
1765792800,3158.37
1765796400,3156.68
1765800000,3157.36
1765803600,3133.57
1765807200,3053.50
1765810800,3005.50
1765814400,2982.13
1765818000,2934.41
1765821600,2937.37
1765825200,2943.85
1765828800,2930.49
1765832400,2943.83
1765836000,2947.89
1765839600,2964.22
1765843200,2945.36
1765846800,2946.84
1765850400,2945.64
1765854000,2936.01
1765857600,2916.92
1765861200,2923.99
1765864800,2948.61
1765868400,2924.56
1765872000,2928.46
1765875600,2925.51
1765879200,2949.21
1765882800,2956.97
1765886400,2952.00
1765890000,2918.22
1765893600,2939.18
1765897200,2965.50
1765900800,2941.79
1765904400,2921.92
1765908000,2951.36
1765911600,2946.05
1765915200,2949.60
1765918800,2950.71
1765922400,2953.08
1765926000,2964.02
1765929600,2949.51
1765933200,2951.83
1765936800,2958.75
1765940400,2946.28
1765944000,2932.18
1765947600,2929.70
1765951200,2935.56
1765954800,2947.24
1765958400,2923.67
1765962000,2924.28
1765965600,2918.58
1765969200,2927.42
1765972800,2925.15
1765976400,2947.17
1765980000,2978.54
1765983600,2903.12
1765987200,2858.33
1765990800,2849.72
1765994400,2807.70
1765998000,2817.49
1766001600,2817.05
1766005200,2818.88
1766008800,2834.62
1766012400,2831.49
1766016000,2834.90
1766019600,2826.50
1766023200,2836.05
1766026800,2830.11
1766030400,2837.10
1766034000,2824.48
1766037600,2829.79
1766041200,2834.11
1766044800,2840.47
1766048400,2852.03
1766052000,2856.58
1766055600,2857.34
1766059200,2869.74
1766062800,2962.45
1766066400,2950.17
1766070000,2962.07
1766073600,2942.71
1766077200,2836.98
1766080800,2827.21
1766084400,2783.97
1766088000,2781.09
1766091600,2827.70
1766095200,2827.14
1766098800,2827.41
1766102400,2828.62
1766106000,2821.33
1766109600,2834.68
1766113200,2905.31
1766116800,2920.14
1766120400,2920.47
1766124000,2941.74
1766127600,2948.79
1766131200,2950.51
1766134800,2952.04
1766138400,2953.81
1766142000,2963.34
1766145600,2955.54
1766149200,2960.04
1766152800,2973.18
1766156400,2962.57
1766160000,2963.64
1766163600,2965.20
1766167200,2966.32
1766170800,2985.69
1766174400,2989.66
1766178000,2975.08
1766181600,2985.91
1766185200,2977.87
1766188800,2973.41
1766192400,2975.22
1766196000,2981.75
1766199600,2987.52
1766203200,2982.43
1766206800,2980.88
1766210400,2979.51
1766214000,2981.70
1766217600,2981.67
1766221200,2982.48
1766224800,2977.65
1766228400,2985.64
1766232000,2987.57
1766235600,2979.57
1766239200,2978.78
1766242800,2975.84
1766246400,2977.44
1766250000,2976.83
1766253600,2976.88
1766257200,2977.25
1766260800,2983.41
1766264400,2978.49
1766268000,2979.16
1766271600,2977.51
1766275200,2977.77
1766278800,2967.78
1766282400,2964.17
1766286000,2972.20
1766289600,2974.37
1766293200,2973.12
1766296800,2975.20
1766300400,2980.04
1766304000,2991.26
1766307600,3001.46
1766311200,2995.27
1766314800,2995.51
1766318400,2988.22
1766322000,2949.05
1766325600,2969.42
1766329200,2974.08
1766332800,2983.18
1766336400,2982.28
1766340000,2985.87
1766343600,2991.45
1766347200,2986.03
1766350800,2972.31
1766354400,2993.76
1766358000,3001.61
1766361600,3029.14
1766365200,3021.74
1766368800,3009.76
1766372400,3020.67
1766376000,3038.38
1766379600,3028.26
1766383200,3025.68
1766386800,3028.95
1766390400,3026.69
1766394000,3037.10
1766397600,3040.64
1766401200,3050.44
1766404800,3058.83
1766408400,3056.64
1766412000,3060.69
1766415600,3051.19
1766419200,3041.60
1766422800,3030.95
1766426400,3013.03
1766430000,2978.86
1766433600,2981.10
1766437200,2986.26
1766440800,3008.12
1766444400,3006.07
1766448000,3026.31
1766451600,3016.96
1766455200,2990.09
1766458800,2992.56
1766462400,2982.87
1766466000,2974.22
1766469600,2958.78
1766473200,2963.04
1766476800,2960.00
1766480400,2962.81
1766484000,2965.50
1766487600,2972.09
1766491200,2956.15
1766494800,2943.05
1766498400,2909.03
1766502000,2926.47
1766505600,2957.37
1766509200,2918.43
1766512800,2946.85
1766516400,2940.94
1766520000,2967.84
1766523600,2972.08
1766527200,2956.60
1766530800,2962.92
1766534400,2969.97
1766538000,2964.34
1766541600,2935.70
1766545200,2943.88
1766548800,2934.77
1766552400,2927.51
1766556000,2930.25
1766559600,2933.00
1766563200,2921.34
1766566800,2918.02
1766570400,2926.90
1766574000,2923.97
1766577600,2935.78
1766581200,2929.66
1766584800,2910.10
1766588400,2920.43
1766592000,2936.62
1766595600,2934.87
1766599200,2939.90
1766602800,2944.11
1766606400,2940.72
1766610000,2946.31
1766613600,2957.55
1766617200,2945.42
1766620800,2936.80
1766624400,2946.78
1766628000,2951.42
1766631600,2945.44
1766635200,2943.41
1766638800,2940.17
1766642400,2941.34
1766646000,2940.42
1766649600,2927.82
1766653200,2926.84
1766656800,2918.34
1766660400,2923.49
1766664000,2926.78
1766667600,2930.49
1766671200,2931.95
1766674800,2959.54
1766678400,2947.75
1766682000,2951.46
1766685600,2957.19
1766689200,2954.78
1766692800,2948.22
1766696400,2945.01
1766700000,2920.35
1766703600,2903.62
1766707200,2899.99
1766710800,2917.71
1766714400,2970.00
1766718000,2963.15
1766721600,2969.00
1766725200,2971.49
1766728800,2975.89
1766732400,2954.02
1766736000,2961.66
1766739600,2971.15
1766743200,2970.28
1766746800,2963.54
1766750400,2970.52
1766754000,2983.25
1766757600,2916.15
1766761200,2917.01
1766764800,2906.25
1766768400,2917.62
1766772000,2920.94
1766775600,2923.40
1766779200,2931.25
1766782800,2924.91
1766786400,2926.71
1766790000,2925.75
1766793600,2925.49
1766797200,2925.87
1766800800,2925.93
1766804400,2930.94
1766808000,2927.06
1766811600,2929.06
1766815200,2927.47
1766818800,2930.84
1766822400,2932.50
1766826000,2934.24
1766829600,2925.22
1766833200,2929.79
1766836800,2930.19
1766840400,2928.50
1766844000,2928.12
1766847600,2925.68
1766851200,2917.72
1766854800,2926.49
1766858400,2923.92
1766862000,2928.13
1766865600,2927.36
1766869200,2932.53
1766872800,2934.79
1766876400,2947.90
1766880000,2943.35
1766883600,2942.01
1766887200,2945.31
1766890800,2941.88
1766894400,2937.26
1766898000,2932.61
1766901600,2940.88
1766905200,2936.67
1766908800,2938.64
1766912400,2934.77
1766916000,2941.39
1766919600,2941.29
1766923200,2936.80
1766926800,2937.57
1766930400,2945.41
1766934000,2947.02
1766937600,2940.74
1766941200,2943.47
1766944800,2929.77
1766948400,2930.94
1766952000,2930.47
1766955600,2935.06
1766959200,2948.24
1766962800,2948.56
1766966400,2964.69
1766970000,2977.81
1766973600,2999.95
1766977200,3041.04
1766980800,3038.34
1766984400,3035.41
1766988000,3031.28
1766991600,3016.02
1766995200,3011.63
1766998800,2971.32
1767002400,2962.39
1767006000,2959.00
1767009600,2926.84
1767013200,2923.30
1767016800,2924.34
1767020400,2934.92
1767024000,2934.29
1767027600,2939.28
1767031200,2915.39
1767034800,2929.19
1767038400,2928.08
1767042000,2934.43
1767045600,2935.42
1767049200,2934.42
1767052800,2933.58
1767056400,2932.24
1767060000,2924.29
1767063600,2949.98
1767067200,2943.58
1767070800,2937.60
1767074400,2941.52
1767078000,2947.97
1767081600,2975.14
1767085200,2982.09
1767088800,2972.69
1767092400,2973.38
1767096000,2975.56
1767099600,2984.80
1767103200,2992.67
1767106800,2988.70
1767110400,2980.15
1767114000,2975.11
1767117600,2968.82
1767121200,2969.27
1767124800,2954.41
1767128400,2964.32
1767132000,2965.51
1767135600,2971.41
1767139200,2962.78
1767142800,2977.19
1767146400,2979.17
1767150000,2966.85
1767153600,2965.25
1767157200,2971.94
1767160800,2971.85
1767164400,2973.01
1767168000,2965.53
1767171600,2973.40
1767175200,2976.23
1767178800,2996.45
1767182400,2984.39
1767186000,2993.21
1767189600,2987.45
1767193200,2984.05
1767196800,2973.38
1767200400,2971.19
1767204000,2970.68
1767207600,2969.15
1767211200,2973.10
1767214800,2976.83
1767218400,2971.34
1767222000,2967.00
1767225600,2975.57
1767229200,2980.53
1767232800,2978.31
1767236400,2975.04
1767240000,2970.45
1767243600,2977.00
1767247200,2971.59
1767250800,2972.98
1767254400,2976.52
1767258000,2979.12
1767261600,2979.83
1767265200,2984.69
1767268800,2983.05
1767272400,2978.59
1767276000,2981.10
1767279600,2985.90
1767283200,2978.20
1767286800,2985.54
1767290400,2985.53
1767294000,2990.38
1767297600,2985.07
1767301200,2985.92
1767304800,2995.53
1767308400,3000.45
1767312000,3000.24
1767315600,2999.45
1767319200,2997.14
1767322800,3015.83
1767326400,3007.66
1767330000,3012.94
1767333600,3023.80
1767337200,3014.76
1767340800,3027.80
1767344400,3045.15
1767348000,3053.09
1767351600,3044.21
1767355200,3045.93
1767358800,3047.54
1767362400,3081.56
1767366000,3079.85
1767369600,3130.61
1767373200,3119.62
1767376800,3108.19
1767380400,3121.93
1767384000,3117.01
1767387600,3128.77
1767391200,3132.24
1767394800,3124.31
1767398400,3130.74
1767402000,3130.76
1767405600,3125.40
1767409200,3124.68
1767412800,3115.50
1767416400,3111.32
1767420000,3100.79
1767423600,3089.59
1767427200,3094.99
1767430800,3101.66
1767434400,3098.72
1767438000,3097.71
1767441600,3102.37
1767445200,3101.75
1767448800,3103.60
1767452400,3100.10
1767456000,3105.86
1767459600,3106.66
1767463200,3113.67
1767466800,3110.54
1767470400,3113.60
1767474000,3119.14
1767477600,3120.40
1767481200,3125.96
1767484800,3157.86
1767488400,3148.88
1767492000,3138.72
1767495600,3147.56
1767499200,3147.24
1767502800,3148.76
1767506400,3139.54
1767510000,3140.08
1767513600,3136.91
1767517200,3142.43
1767520800,3144.26
1767524400,3136.73
1767528000,3134.92
1767531600,3138.67
1767535200,3135.90
1767538800,3133.00
1767542400,3137.52
1767546000,3135.95
1767549600,3132.87
1767553200,3131.68
1767556800,3139.14
1767560400,3142.14
1767564000,3136.60
1767567600,3141.49
1767571200,3167.74
1767574800,3196.25
1767578400,3191.40
1767582000,3184.06
1767585600,3165.34
1767589200,3149.63
1767592800,3156.71
1767596400,3156.39
1767600000,3162.47
1767603600,3166.49
1767607200,3172.56
1767610800,3179.80
1767614400,3168.71
1767618000,3152.48
1767621600,3165.55
1767625200,3191.71
1767628800,3182.70
1767632400,3214.85
1767636000,3223.41
1767639600,3220.55
1767643200,3239.56
1767646800,3237.44
1767650400,3240.30
1767654000,3226.12
1767657600,3215.80
1767661200,3217.78
1767664800,3217.85
1767668400,3223.96
1767672000,3224.73
1767675600,3217.54
1767679200,3242.60
1767682800,3218.24
1767686400,3218.79
1767690000,3222.34
1767693600,3228.06
1767697200,3236.56
1767700800,3240.19
1767704400,3235.38
1767708000,3274.79
1767711600,3266.28
1767715200,3247.85
1767718800,3194.43
1767722400,3219.24
1767726000,3220.80
1767729600,3241.74
1767733200,3275.38
1767736800,3277.26
1767740400,3295.91
1767744000,3263.87
1767747600,3243.21
1767751200,3267.57
1767754800,3264.33
1767758400,3255.65
1767762000,3246.26
1767765600,3248.87
1767769200,3251.69
1767772800,3253.80
1767776400,3199.19
1767780000,3216.07
1767783600,3218.35
1767787200,3211.51
1767790800,3208.94
1767794400,3189.00
1767798000,3161.76
1767801600,3155.96
1767805200,3150.59
1767808800,3139.75
1767812400,3144.64
1767816000,3136.94
1767819600,3147.89
1767823200,3150.07
1767826800,3166.92
1767830400,3169.87
1767834000,3172.99
1767837600,3155.23
1767841200,3138.33
1767844800,3151.37
1767848400,3139.45
1767852000,3105.69
1767855600,3124.78
1767859200,3111.59
1767862800,3107.81
1767866400,3124.99
1767870000,3114.34
1767873600,3092.86
1767877200,3092.74
1767880800,3074.85
1767884400,3100.03
1767888000,3115.02
1767891600,3130.44
1767895200,3116.15
1767898800,3107.18
1767902400,3104.03
1767906000,3117.87
1767909600,3115.51
1767913200,3104.90
1767916800,3112.94
1767920400,3102.38
1767924000,3104.45
1767927600,3116.04
1767931200,3113.88
1767934800,3114.60
1767938400,3119.95
1767942000,3109.46
1767945600,3077.17
1767949200,3088.24
1767952800,3093.95
1767956400,3086.26
1767960000,3080.85
1767963600,3095.78
1767967200,3071.54
1767970800,3104.74
1767974400,3130.60
1767978000,3112.00
1767981600,3092.55
1767985200,3078.69
1767988800,3068.22
1767992400,3081.81
1767996000,3081.28
1767999600,3083.17
1768003200,3079.27
1768006800,3085.79
1768010400,3083.21
1768014000,3083.36
1768017600,3076.20
1768021200,3083.10
1768024800,3083.21
1768028400,3088.39
1768032000,3085.57
1768035600,3091.36
1768039200,3095.51
1768042800,3092.85
1768046400,3094.68
1768050000,3090.42
1768053600,3087.78
1768057200,3091.57
1768060800,3091.42
1768064400,3088.10
1768068000,3088.77
1768071600,3087.74
1768075200,3085.60
1768078800,3081.76
1768082400,3077.60
1768086000,3082.41
1768089600,3087.77
1768093200,3090.60
1768096800,3089.22
1768100400,3093.11
1768104000,3093.81
1768107600,3094.98
1768111200,3093.71
1768114800,3090.99
1768118400,3099.84
1768122000,3100.67
1768125600,3103.22
1768129200,3100.31
1768132800,3110.51
1768136400,3106.17
1768140000,3121.31
1768143600,3113.38
1768147200,3125.10
1768150800,3122.48
1768154400,3124.61
1768158000,3120.59
1768161600,3110.25
1768165200,3117.11
1768168800,3106.77
1768172400,3118.83
1768176000,3114.19
1768179600,3120.46
1768183200,3155.76
1768186800,3147.87
1768190400,3154.71
1768194000,3154.66
1768197600,3149.97
1768201200,3132.48
1768204800,3113.62
1768208400,3112.74
1768212000,3101.48
1768215600,3112.36
1768219200,3113.70
1768222800,3106.49
1768226400,3099.52
1768230000,3126.19
1768233600,3128.67
1768237200,3102.72
1768240800,3106.08
1768244400,3118.69
1768248000,3099.43
1768251600,3086.27
1768255200,3093.87
1768258800,3092.01
1768262400,3105.56
1768266000,3093.12
1768269600,3099.72
1768273200,3112.82
1768276800,3118.20
1768280400,3126.35
1768284000,3131.68
1768287600,3119.46
1768291200,3132.52
1768294800,3134.86
1768298400,3131.55
1768302000,3130.64
1768305600,3131.34
1768309200,3138.94
1768312800,3144.05
1768316400,3178.21
1768320000,3182.72
1768323600,3178.14
1768327200,3198.87
1768330800,3214.16
1768334400,3203.45
1768338000,3209.12
1768341600,3328.76
1768345200,3322.19
1768348800,3323.84
1768352400,3333.31
1768356000,3323.02
1768359600,3347.15
1768363200,3336.83
1768366800,3328.73
1768370400,3331.82
1768374000,3333.46
1768377600,3326.91
1768381200,3325.78
1768384800,3312.42
1768388400,3282.48
1768392000,3294.65
1768395600,3300.42
1768399200,3348.04
1768402800,3344.54
1768406400,3368.24
1768410000,3341.47
1768413600,3340.92
1768417200,3366.25
1768420800,3378.24
1768424400,3365.97
1768428000,3350.16
1768431600,3354.77
1768435200,3329.71
1768438800,3323.15
1768442400,3312.30
1768446000,3286.71
1768449600,3302.48
1768453200,3311.52
1768456800,3315.89
1768460400,3327.47
1768464000,3335.69
1768467600,3367.17
1768471200,3363.37
1768474800,3349.68
1768478400,3368.16
1768482000,3370.49
1768485600,3340.80
1768489200,3316.74
1768492800,3332.89
1768496400,3304.69
1768500000,3285.79
1768503600,3292.26
1768507200,3284.24
1768510800,3298.07
1768514400,3305.23
1768518000,3317.34
1768521600,3315.81
1768525200,3313.75
1768528800,3301.39
1768532400,3294.90
1768536000,3281.79
1768539600,3308.27
1768543200,3313.07
1768546800,3308.35
1768550400,3312.12
1768554000,3307.78
1768557600,3295.94
1768561200,3300.40
1768564800,3305.86
1768568400,3306.87
1768572000,3294.53
1768575600,3263.95
1768579200,3276.94
1768582800,3280.21
1768586400,3277.81
1768590000,3273.37
1768593600,3289.37
1768597200,3292.73
1768600800,3291.04
1768604400,3295.48
1768608000,3291.21
1768611600,3289.19
1768615200,3290.65
1768618800,3289.63
1768622400,3290.92
1768626000,3289.94
1768629600,3289.61
1768633200,3289.87
1768636800,3294.63
1768640400,3297.71
1768644000,3294.94
1768647600,3301.24
1768651200,3301.47
1768654800,3302.43
1768658400,3308.16
1768662000,3325.53
1768665600,3317.84
1768669200,3317.80
1768672800,3317.02
1768676400,3315.24
1768680000,3316.81
1768683600,3310.86
1768687200,3304.69
1768690800,3308.91
1768694400,3303.57
1768698000,3299.79
1768701600,3302.02
1768705200,3314.91
1768708800,3310.90
1768712400,3315.60
1768716000,3313.76
1768719600,3306.25
1768723200,3314.47
1768726800,3322.82
1768730400,3324.52
1768734000,3320.80
1768737600,3320.94
1768741200,3324.56
1768744800,3322.61
1768748400,3332.77
1768752000,3334.07
1768755600,3336.84
1768759200,3362.48
1768762800,3344.92
1768766400,3339.60
1768770000,3340.42
1768773600,3348.71
1768777200,3282.20
1768780800,3211.42
1768784400,3204.54
1768788000,3204.02
1768791600,3210.95
1768795200,3212.19
1768798800,3202.27
1768802400,3192.92
1768806000,3206.52
1768809600,3214.30
1768813200,3207.26
1768816800,3213.18
1768820400,3222.03
1768824000,3222.93
1768827600,3216.82
1768831200,3211.12
1768834800,3215.54
1768838400,3222.27
1768842000,3218.19
1768845600,3213.19
1768849200,3218.05
1768852800,3214.41
1768856400,3211.87
1768860000,3190.94
1768863600,3186.62
1768867200,3181.72
1768870800,3193.34
1768874400,3190.67
1768878000,3185.32
1768881600,3169.43
1768885200,3170.17
1768888800,3111.99
1768892400,3121.39
1768896000,3101.75
1768899600,3090.81
1768903200,3100.61
1768906800,3107.21
1768910400,3108.42
1768914000,3076.63
1768917600,3046.29
1768921200,3024.94
1768924800,3006.84
1768928400,2997.14
1768932000,2989.93
1768935600,2991.96
1768939200,2996.72
1768942800,2990.81
1768946400,2946.02
1768950000,2935.88
1768953600,2958.31
1768957200,2962.59
1768960800,2958.70
1768964400,2978.00
1768968000,2977.78
1768971600,2988.97
1768975200,2975.86
1768978800,2965.84
1768982400,2962.25
1768986000,2948.67
1768989600,2961.51
1768993200,2940.11
1768996800,2927.64
1769000400,2929.37
1769004000,2983.15
1769007600,3001.43
1769011200,2896.15
1769014800,2901.94
1769018400,2925.16
1769022000,3054.08
1769025600,3030.56
1769029200,3031.86
1769032800,3009.94
1769036400,2979.31
1769040000,3002.59
1769043600,3026.41
1769047200,3015.78
1769050800,3011.09
1769054400,3021.14
1769058000,3013.30
1769061600,3017.12
1769065200,2998.21
1769068800,3002.09
1769072400,3011.42
1769076000,3001.31
1769079600,2983.94
1769083200,2987.35
1769086800,2968.94
1769090400,2938.26
1769094000,2940.92
1769097600,2942.68
1769101200,2957.59
1769104800,2935.83
1769108400,2951.60
1769112000,2936.18
1769115600,2942.29
1769119200,2948.15
1769122800,2949.45
1769126400,2950.79
1769130000,2964.78
1769133600,2951.33
1769137200,2960.04
1769140800,2977.57
1769144400,2965.04
1769148000,2936.41
1769151600,2945.06
1769155200,2923.70
1769158800,2917.02
1769162400,2926.91
1769166000,2935.15
1769169600,2932.37
1769173200,2926.52
1769176800,2913.33
1769180400,2946.42
1769184000,2964.29
1769187600,2983.46
1769191200,2987.44
1769194800,2955.70
1769198400,2941.11
1769202000,2940.94
1769205600,2956.98
1769209200,2953.24
1769212800,2948.59
1769216400,2951.22
1769220000,2954.76
1769223600,2958.43
1769227200,2959.24
1769230800,2955.73
1769234400,2957.45
1769238000,2953.38
1769241600,2957.51
1769245200,2956.04
1769248800,2957.10
1769252400,2957.68
1769256000,2958.13
1769259600,2955.07
1769263200,2954.76
1769266800,2951.50
1769270400,2954.42
1769274000,2959.32
1769277600,2959.38
1769281200,2949.97
1769284800,2952.14
1769288400,2952.15
1769292000,2956.85
1769295600,2948.53
1769299200,2953.74
1769302800,2950.36
1769306400,2949.04
1769310000,2938.71
1769313600,2942.11
1769317200,2942.81
1769320800,2939.37
1769324400,2934.91
1769328000,2926.62
1769331600,2931.26
1769335200,2940.93
1769338800,2932.47
1769342400,2937.93
1769346000,2938.42
1769349600,2929.00
1769353200,2921.64
1769356800,2893.77
1769360400,2880.14
1769364000,2845.68
1769367600,2810.11
1769371200,2806.26
1769374800,2815.72
1769378400,2801.60
1769382000,2815.77
1769385600,2837.65
1769389200,2877.48
1769392800,2860.83
1769396400,2843.31
1769400000,2861.53
1769403600,2867.01
1769407200,2887.70
1769410800,2900.34
1769414400,2908.88
1769418000,2882.50
1769421600,2893.23
1769425200,2889.09
1769428800,2898.58
1769432400,2906.86
1769436000,2923.02
1769439600,2897.88
1769443200,2900.05
1769446800,2906.48
1769450400,2928.23
1769454000,2919.92
1769457600,2897.83
1769461200,2926.15
1769464800,2923.14
1769468400,2926.20
1769472000,2916.83
1769475600,2928.28
1769479200,2941.04
1769482800,2937.34
1769486400,2937.02
1769490000,2935.39
1769493600,2924.53
1769497200,2924.08
1769500800,2920.18
1769504400,2904.31
1769508000,2899.27
1769511600,2913.66
1769515200,2912.85
1769518800,2907.79
1769522400,2915.19
1769526000,2934.17
1769529600,2986.68
1769533200,2924.96
1769536800,2977.87
1769540400,2975.72
1769544000,3017.77
1769547600,3011.41
1769551200,3016.23
1769554800,3022.24
1769558400,3018.38
1769562000,3014.97
1769565600,3005.17
1769569200,3001.30
1769572800,2995.66
1769576400,3000.58
1769580000,3011.08
1769583600,3000.60
1769587200,2985.94
1769590800,3006.73
1769594400,3022.42
1769598000,3036.21
1769601600,3027.30
1769605200,3029.43
1769608800,3009.39
1769612400,3005.02
1769616000,2997.94
1769619600,3015.09
1769623200,3010.83
1769626800,3018.50
1769630400,3011.86
1769634000,3014.84
1769637600,3014.82
1769641200,3006.26
1769644800,3004.06
1769648400,2988.78
1769652000,2953.36
1769655600,2948.85
1769659200,2955.46
1769662800,2945.25
1769666400,2951.05
1769670000,2959.08
1769673600,2948.34
1769677200,2940.38
1769680800,2939.67
1769684400,2925.73
1769688000,2931.35
1769691600,2929.78
1769695200,2874.87
1769698800,2818.19
1769702400,2828.24
1769706000,2818.57
1769709600,2762.31
1769713200,2795.38
1769716800,2798.02
1769720400,2814.72
1769724000,2815.88
1769727600,2818.14
1769731200,2802.78
1769734800,2744.85
1769738400,2728.80
1769742000,2737.64
1769745600,2751.90
1769749200,2745.89
1769752800,2714.88
1769756400,2736.08
1769760000,2732.06
1769763600,2717.20
1769767200,2729.17
1769770800,2756.01
1769774400,2735.04
1769778000,2724.38
1769781600,2729.45
1769785200,2724.66
1769788800,2720.48
1769792400,2712.26
1769796000,2734.61
1769799600,2743.09
1769803200,2672.14
1769806800,2704.89
1769810400,2703.65
1769814000,2702.30
1769817600,2702.66
1769821200,2695.09
1769824800,2698.55
1769828400,2692.20
1769832000,2690.21
1769835600,2693.02
1769839200,2688.03
1769842800,2675.07
1769846400,2639.85
1769850000,2646.63
1769853600,2648.60
1769857200,2636.24
1769860800,2631.61
1769864400,2623.72
1769868000,2536.61
1769871600,2525.43
1769875200,2477.49
1769878800,2396.60
1769882400,2374.62
1769886000,2385.44
1769889600,2380.98
1769893200,2416.36
1769896800,2418.87
1769900400,2445.07
1769904000,2449.04
1769907600,2441.93
1769911200,2451.64
1769914800,2442.43
1769918400,2448.36
1769922000,2427.52
1769925600,2416.23
1769929200,2409.05
1769932800,2410.52
1769936400,2434.27
1769940000,2376.95
1769943600,2410.06
1769947200,2396.15
1769950800,2378.69
1769954400,2377.38
1769958000,2320.24
1769961600,2303.21
1769965200,2307.05
1769968800,2341.51
1769972400,2314.08
1769976000,2312.57
1769979600,2284.41
1769983200,2320.21
1769986800,2267.56
1769990400,2291.19
1769994000,2292.58
1769997600,2260.21
1770001200,2237.75
1770004800,2239.57
1770008400,2198.15
1770012000,2221.77
1770015600,2229.93
1770019200,2252.48
1770022800,2288.54
1770026400,2274.86
1770030000,2278.51
1770033600,2311.32
1770037200,2331.53
1770040800,2331.46
1770044400,2370.03
1770048000,2358.16
1770051600,2353.02
1770055200,2344.07
1770058800,2336.82
1770062400,2318.93
1770066000,2339.28
1770069600,2347.58
1770073200,2344.45
1770076800,2351.03
1770080400,2351.58
1770084000,2297.69
1770087600,2341.29
1770091200,2343.19
1770094800,2314.73
1770098400,2320.03
1770102000,2320.82
1770105600,2314.10
1770109200,2290.04
1770112800,2279.59
1770116400,2275.25
1770120000,2301.09
1770123600,2312.07
1770127200,2257.37
1770130800,2303.79
1770134400,2243.61
1770138000,2198.97
1770141600,2122.77
1770145200,2207.02
1770148800,2290.72
1770152400,2281.97
1770156000,2232.23
1770159600,2227.97
1770163200,2237.66
1770166800,2265.12
1770170400,2249.51
1770174000,2280.90
1770177600,2270.37
1770181200,2260.63
1770184800,2273.90
1770188400,2279.25
1770192000,2275.67
1770195600,2258.02
1770199200,2258.09
1770202800,2254.01
1770206400,2241.81
1770210000,2195.94
1770213600,2169.73
1770217200,2151.68
1770220800,2132.61
1770224400,2122.89
1770228000,2148.33
1770231600,2183.36
1770235200,2167.01
1770238800,2124.55
1770242400,2115.18
1770246000,2144.05
1770249600,2144.89
1770253200,2145.72
1770256800,2126.61
1770260400,2104.27
1770264000,2098.53
1770267600,2097.17
1770271200,2082.93
1770274800,2085.53
1770278400,2111.84
1770282000,2129.48
1770285600,2087.97
1770289200,2075.18
1770292800,2060.29
1770296400,2052.37
1770300000,2045.10
1770303600,1956.21
1770307200,1993.45
1770310800,1951.52
1770314400,1947.09
1770318000,1922.77
1770321600,1865.93
1770325200,1844.14
1770328800,1872.75
1770332400,1821.13
1770336000,1872.61
1770339600,1926.01
1770343200,1901.34
1770346800,1888.91
1770350400,1906.14
1770354000,1957.83
1770357600,1914.38
1770361200,1897.20
1770364800,1871.35
1770368400,1917.42
1770372000,1924.09
1770375600,1930.19
1770379200,1920.47
1770382800,1949.54
1770386400,1978.79
1770390000,1982.00
1770393600,2031.26
1770397200,2068.47
1770400800,2042.94
1770404400,2064.69
1770408000,2054.66
1770411600,2053.39
1770415200,2072.31
1770418800,2063.33
1770422400,2041.70
1770426000,2064.12
1770429600,2056.79
1770433200,2080.40
1770436800,2086.31
1770440400,2081.38
1770444000,2052.16
1770447600,2027.43
1770451200,2021.89
1770454800,2011.31
1770458400,2010.39
1770462000,2018.66
1770465600,2039.69
1770469200,2036.69
1770472800,2019.33
1770476400,2050.13
1770480000,2049.71
1770483600,2059.62
1770487200,2095.85
1770490800,2088.84
1770494400,2103.66
1770498000,2099.74
1770501600,2090.85
1770505200,2090.63
1770508800,2079.29
1770512400,2093.78
1770516000,2085.65
1770519600,2077.13
1770523200,2081.37
1770526800,2083.78
1770530400,2076.87
1770534000,2082.04
1770537600,2115.05
1770541200,2100.29
1770544800,2094.84
1770548400,2128.77
1770552000,2125.33
1770555600,2123.79
1770559200,2123.05
1770562800,2107.48
1770566400,2077.39
1770570000,2090.82
1770573600,2110.47
1770577200,2125.47
1770580800,2102.75
1770584400,2095.10
1770588000,2109.16
1770591600,2087.92
1770595200,2083.69
1770598800,2069.77
1770602400,2080.46
1770606000,2096.19
1770609600,2091.23
1770613200,2093.32
1770616800,2080.76
1770620400,2066.04
1770624000,2050.93
1770627600,2037.28
1770631200,2020.66
1770634800,2024.19
1770638400,2033.29
1770642000,2023.85
1770645600,2041.92
1770649200,2060.60
1770652800,2091.09
1770656400,2125.97
1770660000,2126.43
1770663600,2128.85
1770667200,2126.17
1770670800,2121.91
1770674400,2111.43
1770678000,2104.18
1770681600,2099.22
1770685200,2115.36
1770688800,2105.74
1770692400,2063.01
1770696000,2069.31
1770699600,2052.68
1770703200,2005.92
1770706800,2007.28
1770710400,2013.13
1770714000,2014.27
1770717600,2013.90
1770721200,2000.42
1770724800,2007.48
1770728400,2020.25
1770732000,2010.32
1770735600,2022.07
1770739200,2025.95
1770742800,2035.61
1770746400,2011.25
1770750000,2015.43
1770753600,2012.82
1770757200,2006.47
1770760800,2016.08
1770764400,2019.58
1770768000,2025.74
1770771600,2023.05
1770775200,2016.75
1770778800,2008.60
1770782400,1970.30
1770786000,1973.64
1770789600,1947.72
1770793200,1951.13
1770796800,1948.87
1770800400,1945.25
1770804000,1937.40
1770807600,1952.76
1770811200,1951.22
1770814800,1962.85
1770818400,1939.84
1770822000,1930.70
1770825600,1915.44
1770829200,1931.48
1770832800,1942.63
1770836400,1951.61
1770840000,1955.15
1770843600,1970.26
1770847200,1951.68
1770850800,1940.84
1770854400,1960.14
1770858000,1965.64
1770861600,1957.99
1770865200,1967.11
1770868800,1964.96
1770872400,1967.82
1770876000,1969.83
1770879600,1968.36
1770883200,1964.34
1770886800,1979.74
1770890400,1992.62
1770894000,1988.86
1770897600,1980.22
1770901200,1994.05
1770904800,1979.21
1770908400,1948.46
1770912000,1906.79
1770915600,1909.85
1770919200,1918.88
1770922800,1923.95
1770926400,1914.54
1770930000,1920.85
1770933600,1942.33
1770937200,1946.61
1770940800,1933.14
1770944400,1940.17
1770948000,1948.67
1770951600,1950.69
1770955200,1945.77
1770958800,1932.62
1770962400,1935.72
1770966000,1934.62
1770969600,1956.52
1770973200,1960.01
1770976800,1957.96
1770980400,1959.23
1770984000,1959.63
1770987600,1969.01
1770991200,1987.66
1770994800,2031.18
1770998400,2060.79
1771002000,2060.19
1771005600,2055.91
1771009200,2057.63
1771012800,2044.57
1771016400,2051.87
1771020000,2051.69
1771023600,2048.33
1771027200,2054.49
1771030800,2053.91
1771034400,2049.69
1771038000,2053.72
1771041600,2052.93
1771045200,2050.30
1771048800,2052.91
1771052400,2057.38
1771056000,2081.95
1771059600,2078.76
1771063200,2076.38
1771066800,2098.55
1771070400,2072.94
1771074000,2070.60
1771077600,2085.22
1771081200,2087.44
1771084800,2082.77
1771088400,2078.66
1771092000,2083.43
1771095600,2087.41
1771099200,2087.83
1771102800,2084.49
1771106400,2089.63
1771110000,2085.95
1771113600,2079.21
1771117200,2062.75
1771120800,2061.88
1771124400,2059.48
1771128000,2074.74
1771131600,2089.00
1771135200,2085.07
1771138800,2091.00
1771142400,2068.03
1771146000,2067.64
1771149600,2062.29
1771153200,2060.53
1771156800,2016.18
1771160400,2000.78
1771164000,2009.48
1771167600,2010.61
1771171200,2006.40
1771174800,1971.20
1771178400,1957.20
1771182000,1943.40
1771185600,1948.70
1771189200,1958.52
1771192800,1969.39
1771196400,1965.92
1771200000,1968.09
1771203600,1963.00
1771207200,1955.61
1771210800,1957.15
1771214400,1971.27
1771218000,1957.25
1771221600,1966.11
1771225200,1970.65
1771228800,1975.96
1771232400,1985.90
1771236000,1978.55
1771239600,1976.17
1771243200,2006.09
1771246800,1968.34
1771250400,1972.88
1771254000,1955.66
1771257600,1971.89
1771261200,1978.15
1771264800,1967.87
1771268400,1975.48
1771272000,1992.03
1771275600,2002.23
1771279200,1990.28
1771282800,1997.92
1771286400,1997.83
1771290000,1991.96
1771293600,2001.88
1771297200,1985.60
1771300800,1988.43
1771304400,1974.28
1771308000,1981.10
1771311600,1985.56
1771315200,1975.93
1771318800,1974.53
1771322400,1965.38
1771326000,1967.46
1771329600,1967.29
1771333200,1989.27
1771336800,1947.71
1771340400,1966.24
1771344000,1979.70
1771347600,1963.85
1771351200,2003.56
1771354800,1998.77
1771358400,1994.39
1771362000,1999.06
1771365600,1993.59
1771369200,1992.20
1771372800,1981.29
1771376400,1976.44
1771380000,1987.36
1771383600,1997.69
1771387200,1997.89
1771390800,1995.99
1771394400,2001.75
1771398000,2017.09
1771401600,2019.68
1771405200,2015.87
1771408800,1995.24
1771412400,1981.70
1771416000,1982.67
1771419600,1969.45
1771423200,1972.39
1771426800,1983.16
1771430400,1970.20
1771434000,1972.87
1771437600,1952.60
1771441200,1933.14
1771444800,1941.94
1771448400,1941.82
1771452000,1947.72
1771455600,1953.99
1771459200,1955.74
1771462800,1966.23
1771466400,1967.84
1771470000,1971.97
1771473600,1969.41
1771477200,1969.37
1771480800,1982.43
1771484400,1980.04
1771488000,1969.28
1771491600,1963.71
1771495200,1959.78
1771498800,1948.75
1771502400,1947.18
1771506000,1920.23
1771509600,1937.74
1771513200,1923.47
1771516800,1923.11
1771520400,1918.21
1771524000,1936.26
1771527600,1939.75
1771531200,1948.14
1771534800,1946.80
1771538400,1944.04
1771542000,1948.27
1771545600,1957.15
1771549200,1952.61
1771552800,1950.33
1771556400,1954.42
1771560000,1938.40
1771563600,1954.16
1771567200,1957.54
1771570800,1959.67
1771574400,1959.86
1771578000,1967.63
1771581600,1957.04
1771585200,1945.23
1771588800,1950.05
1771592400,1933.05
1771596000,1942.74
1771599600,1962.35
1771603200,1968.96
1771606800,1965.38
1771610400,1975.39
1771614000,1962.95
1771617600,1967.61
1771621200,1973.92
1771624800,1971.53
1771628400,1968.86
1771632000,1962.24
1771635600,1965.66
1771639200,1966.28
1771642800,1958.46
1771646400,1962.08
1771650000,1961.78
1771653600,1960.86
1771657200,1962.02
1771660800,1970.28
1771664400,1970.12
1771668000,1972.94
1771671600,1976.51
1771675200,1975.29
1771678800,1980.02
1771682400,1988.01
1771686000,1988.97
1771689600,1985.93
1771693200,1988.91
1771696800,1992.31
1771700400,1988.32
1771704000,1978.45
1771707600,1981.34
1771711200,1973.17
1771714800,1973.57
1771718400,1971.99
1771722000,1976.79
1771725600,1972.19
1771729200,1973.56
1771732800,1973.17
1771736400,1974.04
1771740000,1975.39
1771743600,1975.74
1771747200,1972.87
1771750800,1975.57
1771754400,1977.29
1771758000,1980.30
1771761600,1966.40
1771765200,1950.77
1771768800,1949.92
1771772400,1954.10
1771776000,1952.11
1771779600,1939.84
1771783200,1942.46
1771786800,1943.35
1771790400,1940.10
1771794000,1949.94
1771797600,1959.50
1771801200,1958.14
1771804800,1931.19
1771808400,1864.84
1771812000,1862.11
1771815600,1863.08
1771819200,1859.56
1771822800,1865.20
1771826400,1879.26
1771830000,1884.76
1771833600,1880.29
1771837200,1915.78
1771840800,1912.87
1771844400,1913.96
1771848000,1919.67
1771851600,1921.45
1771855200,1904.57
1771858800,1896.81
1771862400,1883.43
1771866000,1863.80
1771869600,1855.89
1771873200,1857.32
1771876800,1861.26
1771880400,1862.78
1771884000,1861.46
1771887600,1855.47
1771891200,1866.50
1771894800,1842.02
1771898400,1843.72
1771902000,1830.69
1771905600,1829.13
1771909200,1825.80
1771912800,1820.40
1771916400,1824.17
1771920000,1831.21
1771923600,1824.47
1771927200,1826.14
1771930800,1823.76
1771934400,1823.60
1771938000,1816.65
1771941600,1834.07
1771945200,1847.34
1771948800,1856.23
1771952400,1856.92
1771956000,1857.00
1771959600,1853.31
1771963200,1857.81
1771966800,1854.09
1771970400,1860.64
1771974000,1852.88
1771977600,1852.12
1771981200,1919.29
1771984800,1921.64
1771988400,1906.41
1771992000,1906.56
1771995600,1888.14
1771999200,1885.39
1772002800,1893.16
1772006400,1910.35
1772010000,1914.70
1772013600,1910.62
1772017200,1922.52
1772020800,1950.27
1772024400,1964.05
1772028000,1994.77
1772031600,2010.16
1772035200,2048.97
1772038800,2071.87
1772042400,2075.31
1772046000,2071.74
1772049600,2075.82
1772053200,2096.12
1772056800,2083.31
1772060400,2053.78
1772064000,2062.07
1772067600,2059.56
1772071200,2054.53
1772074800,2055.23
1772078400,2076.48
1772082000,2066.28
1772085600,2063.72
1772089200,2054.90
1772092800,2053.70
1772096400,2074.69
1772100000,2065.75
1772103600,2057.07
1772107200,2069.62
1772110800,2065.46
1772114400,2050.22
1772118000,2033.39
1772121600,1982.62
1772125200,1989.70
1772128800,2005.52
1772132400,2028.37
1772136000,2026.90
1772139600,2030.53
1772143200,2032.63
1772146800,2026.74
1772150400,2013.55
1772154000,2018.60
1772157600,2028.45
1772161200,2045.95
1772164800,2045.96
1772168400,2041.47
1772172000,2036.62
1772175600,2032.58
1772179200,2033.77
1772182800,2011.80
1772186400,1982.20
1772190000,1963.18
1772193600,1957.39
1772197200,1960.79
1772200800,1943.54
1772204400,1948.63
1772208000,1927.25
1772211600,1931.23
1772215200,1918.08
1772218800,1921.74
1772222400,1922.90
1772226000,1921.14
1772229600,1920.09
1772233200,1930.75
1772236800,1932.85
1772240400,1926.30
1772244000,1930.82
1772247600,1924.01
1772251200,1925.08
1772254800,1919.40
1772258400,1838.45
1772262000,1867.32
1772265600,1849.49
1772269200,1855.76
1772272800,1865.65
1772276400,1862.89
1772280000,1869.26
1772283600,1901.20
1772287200,1889.52
1772290800,1899.50
1772294400,1905.25
1772298000,1908.28
1772301600,1935.73
1772305200,1944.33
1772308800,1965.74
1772312400,1960.05
1772316000,1968.89
1772319600,1965.39
1772323200,1963.19
1772326800,2005.62
1772330400,2034.44
1772334000,2019.88
1772337600,2015.33
1772341200,2011.11
1772344800,1999.27
1772348400,2006.94
1772352000,1984.52
1772355600,1979.74
1772359200,1983.80
1772362800,1983.96
1772366400,1978.23
1772370000,2009.32
1772373600,2001.68
1772377200,1996.91
1772380800,1974.32
1772384400,1966.25
1772388000,1975.51
1772391600,1954.39
1772395200,1913.14
1772398800,1931.13
1772402400,1926.28
1772406000,1939.06
1772409600,1960.95
1772413200,1963.82
1772416800,1956.68
1772420400,1972.71
1772424000,1971.81
1772427600,1974.15
1772431200,1944.96
1772434800,1941.07
1772438400,1946.87
1772442000,1949.22
1772445600,1950.71
1772449200,1947.90
1772452800,1938.58
1772456400,1927.27
1772460000,1977.75
1772463600,2045.94
1772467200,2062.86
1772470800,2040.24
1772474400,2030.37
1772478000,2042.61
1772481600,2039.65
1772485200,2043.95
1772488800,2052.81
1772492400,2027.41
1772496000,2032.12
1772499600,2022.96
1772503200,2014.78
1772506800,2008.71
1772510400,2000.21
1772514000,1989.52
1772517600,1999.10
1772521200,1995.51
1772524800,1953.02
1772528400,1951.80
1772532000,1956.00
1772535600,1962.78
1772539200,1967.88
1772542800,1951.67
1772546400,1946.06
1772550000,1965.89
1772553600,1985.63
1772557200,1980.37
1772560800,1989.36
1772564400,1987.16
1772568000,1975.35
1772571600,1969.11
1772575200,1981.70
1772578800,1982.71
1772582400,1979.21
1772586000,1982.88
1772589600,1979.84
1772593200,1959.14
1772596800,1961.30
1772600400,1974.01
1772604000,1979.15
1772607600,2004.54
1772611200,2063.07
1772614800,2072.88
1772618400,2070.74
1772622000,2055.96
1772625600,2054.58
1772629200,2065.17
1772632800,2078.72
1772636400,2155.67
1772640000,2146.84
1772643600,2148.25
1772647200,2159.10
1772650800,2180.33
1772654400,2156.63
1772658000,2150.45
1772661600,2132.97
1772665200,2124.77
1772668800,2129.74
1772672400,2113.06
1772676000,2120.69
1772679600,2119.37
1772683200,2137.67
1772686800,2115.99
1772690400,2128.96
1772694000,2103.13
1772697600,2117.92
1772701200,2125.98
1772704800,2159.22
1772708400,2137.90
1772712000,2138.66
1772715600,2116.88
1772719200,2123.26
1772722800,2082.36
1772726400,2079.91
1772730000,2058.79
1772733600,2076.12
1772737200,2074.69
1772740800,2093.05
1772744400,2080.20
1772748000,2081.39
1772751600,2072.03
1772755200,2073.47
1772758800,2087.78
1772762400,2082.86
1772766000,2081.55
1772769600,2068.38
1772773200,2069.27
1772776800,2075.49
1772780400,2082.89
1772784000,2075.32
1772787600,2059.38
1772791200,2064.33
1772794800,2051.28
1772798400,2051.46
1772802000,2024.78
1772805600,1975.83
1772809200,1977.03
1772812800,1972.44
1772816400,1967.57
1772820000,1974.70
1772823600,1984.60
1772827200,1980.74
1772830800,1983.90
1772834400,1988.35
1772838000,1978.69
1772841600,1982.35
1772845200,1981.23
1772848800,1983.08
1772852400,1980.83
1772856000,1976.17
1772859600,1977.51
1772863200,1972.79
1772866800,1983.16
1772870400,1977.19
1772874000,1986.60
1772877600,1983.58
1772881200,1989.38
1772884800,1982.14
1772888400,1981.43
1772892000,1987.71
1772895600,1981.70
1772899200,1977.09
1772902800,1977.13
1772906400,1971.92
1772910000,1954.75
1772913600,1966.68
1772917200,1970.70
1772920800,1965.35
1772924400,1969.45
1772928000,1969.23
1772931600,1968.66
1772935200,1941.61
1772938800,1948.58
1772942400,1937.56
1772946000,1948.72
1772949600,1948.23
1772953200,1954.81
1772956800,1959.03
1772960400,1964.01
1772964000,1972.49
1772967600,1952.33
1772971200,1945.40
1772974800,1944.55
1772978400,1944.88
1772982000,1941.59
1772985600,1938.68
1772989200,1934.69
1772992800,1931.13
1772996400,1964.02
1773000000,1958.82
1773003600,1954.36
1773007200,1942.18
1773010800,1936.64
1773014400,1951.83
1773018000,1946.61
1773021600,1960.93
1773025200,1977.06
1773028800,1978.10
1773032400,2010.18
1773036000,1985.63
1773039600,1983.06
1773043200,1996.35
1773046800,2003.30
1773050400,1994.67
1773054000,1992.59
1773057600,2002.29
1773061200,2020.75
1773064800,2022.78
1773068400,2026.03
1773072000,2028.03
1773075600,2018.16
1773079200,2010.78
1773082800,2036.17
1773086400,2027.78
1773090000,2029.61
1773093600,2002.29
1773097200,1992.99
1773100800,2014.91
1773104400,2020.01
1773108000,2041.99
1773111600,2026.81
1773115200,2045.68
1773118800,2043.44
1773122400,2043.07
1773126000,2049.36
1773129600,2057.07
1773133200,2068.48
1773136800,2062.94
1773140400,2061.74
1773144000,2050.21
1773147600,2034.25
1773151200,2075.33
1773154800,2080.03
1773158400,2080.99
1773162000,2072.53
1773165600,2037.52
1773169200,2035.83
1773172800,2043.05
1773176400,2028.95
1773180000,2027.24
1773183600,2037.12
1773187200,2038.61
1773190800,2036.55
1773194400,2025.90
1773198000,2020.99
1773201600,2038.38
1773205200,2016.62
1773208800,2024.66
1773212400,2013.37
1773216000,2024.18
1773219600,2015.77
1773223200,2028.95
1773226800,2018.73
1773230400,2024.43
1773234000,2050.19
1773237600,2065.83
1773241200,2050.76
1773244800,2066.71
1773248400,2068.67
1773252000,2076.95
1773255600,2076.22
1773259200,2068.99
1773262800,2073.13
1773266400,2062.02
1773270000,2051.77
1773273600,2056.45
1773277200,2045.76
1773280800,2025.38
1773284400,2023.49
1773288000,2023.87
1773291600,2026.31
1773295200,2029.97
1773298800,2040.15
1773302400,2046.68
1773306000,2055.78
1773309600,2071.47
1773313200,2061.68
1773316800,2064.76
1773320400,2062.24
1773324000,2043.39
1773327600,2069.76
1773331200,2069.77
1773334800,2061.11
1773338400,2049.06
1773342000,2072.17
1773345600,2063.38
1773349200,2064.74
1773352800,2062.60
1773356400,2073.29
1773360000,2115.59
1773363600,2124.13
1773367200,2106.35
1773370800,2118.75
1773374400,2111.01
1773378000,2111.62
1773381600,2095.01
1773385200,2100.98
1773388800,2099.83
1773392400,2114.05
1773396000,2127.61
1773399600,2121.52
1773403200,2149.68
1773406800,2190.42
1773410400,2148.81
1773414000,2127.21
1773417600,2136.65
1773421200,2100.52
1773424800,2101.38
1773428400,2102.09
1773432000,2111.71
1773435600,2105.10
1773439200,2089.41
1773442800,2092.56
1773446400,2086.30
1773450000,2093.88
1773453600,2094.00
1773457200,2100.94
1773460800,2090.21
1773464400,2092.67
1773468000,2078.82
1773471600,2078.35
1773475200,2074.74
1773478800,2068.38
1773482400,2066.60
1773486000,2073.81
1773489600,2075.21
1773493200,2079.05
1773496800,2073.28
1773500400,2075.02
1773504000,2077.86
1773507600,2074.82
1773511200,2078.04
1773514800,2077.92
1773518400,2087.12
1773522000,2087.67
1773525600,2084.06
1773529200,2096.88
1773532800,2088.67
1773536400,2089.36
1773540000,2102.07
1773543600,2096.14
1773547200,2102.51
1773550800,2108.33
1773554400,2107.76
1773558000,2105.63
1773561600,2111.40
1773565200,2118.07
1773568800,2119.68
1773572400,2119.96
1773576000,2109.34
1773579600,2095.49
1773583200,2096.59
1773586800,2094.02
1773590400,2092.12
1773594000,2110.22
1773597600,2099.21
1773601200,2113.79
1773604800,2130.52
1773608400,2137.57
1773612000,2185.01
1773615600,2177.78
1773619200,2171.88
1773622800,2186.25
1773626400,2181.72
1773630000,2238.14
1773633600,2263.32
1773637200,2284.39
1773640800,2262.66
1773644400,2249.62
1773648000,2243.58
1773651600,2260.30
1773655200,2277.76
1773658800,2270.46
1773662400,2280.26
1773666000,2284.62
1773669600,2286.14
1773673200,2272.07
1773676800,2293.78
1773680400,2315.32
1773684000,2324.02
1773687600,2333.69
1773691200,2346.19
1773694800,2359.87
1773698400,2357.19
1773702000,2351.13
1773705600,2352.48
1773709200,2360.50
1773712800,2353.52
1773716400,2317.99
1773720000,2310.41
1773723600,2308.10
1773727200,2315.15
1773730800,2326.10
1773734400,2318.75
1773738000,2315.73
1773741600,2312.40
1773745200,2328.16
1773748800,2315.15
1773752400,2330.27
1773756000,2344.46
1773759600,2315.70
1773763200,2325.74
1773766800,2340.48
1773770400,2331.82
1773774000,2320.69
1773777600,2328.63
1773781200,2338.51
1773784800,2329.28
1773788400,2318.16
1773792000,2325.12
1773795600,2325.89
1773799200,2332.26
1773802800,2341.41
1773806400,2328.03
1773810000,2318.27
1773813600,2324.90
1773817200,2318.46
1773820800,2323.44
1773824400,2328.92
1773828000,2312.92
1773831600,2269.69
1773835200,2239.12
1773838800,2232.93
1773842400,2193.12
1773846000,2188.84
1773849600,2182.19
1773853200,2203.82
1773856800,2177.54
1773860400,2184.01
1773864000,2188.85
1773867600,2204.83
1773871200,2193.94
1773874800,2203.48
1773878400,2192.56
1773882000,2198.45
1773885600,2197.02
1773889200,2212.20
1773892800,2194.69
1773896400,2190.67
1773900000,2178.56
1773903600,2167.65
1773907200,2159.96
1773910800,2187.71
1773914400,2173.82
1773918000,2166.52
1773921600,2132.66
1773925200,2137.48
1773928800,2124.03
1773932400,2122.81
1773936000,2115.87
1773939600,2128.08
1773943200,2125.68
1773946800,2141.68
1773950400,2146.05
1773954000,2152.44
1773957600,2138.69
1773961200,2137.39
1773964800,2144.98
1773968400,2151.85
1773972000,2145.43
1773975600,2152.70
1773979200,2147.78
1773982800,2140.03
1773986400,2136.52
1773990000,2151.46
1773993600,2164.21
1773997200,2140.22
1774000800,2148.54
1774004400,2141.55
1774008000,2140.39
1774011600,2125.94
1774015200,2130.69
1774018800,2133.32
1774022400,2139.07
1774026000,2137.12
1774029600,2121.29
1774033200,2133.42
1774036800,2133.32
1774040400,2147.74
1774044000,2156.46
1774047600,2146.71
1774051200,2153.10
1774054800,2147.99
1774058400,2154.00
1774062000,2153.43
1774065600,2151.50
1774069200,2152.94
1774072800,2154.77
1774076400,2155.28
1774080000,2153.54
1774083600,2158.25
1774087200,2153.95
1774090800,2156.99
1774094400,2157.33
1774098000,2155.48
1774101600,2150.93
1774105200,2155.60
1774108800,2145.98
1774112400,2148.36
1774116000,2151.51
1774119600,2152.09
1774123200,2155.86
1774126800,2153.63
1774130400,2150.16
1774134000,2077.20
1774137600,2086.38
1774141200,2089.65
1774144800,2103.97
1774148400,2113.98
1774152000,2118.51
1774155600,2113.06
1774159200,2108.06
1774162800,2095.22
1774166400,2086.52
1774170000,2085.38
1774173600,2082.17
1774177200,2069.94
1774180800,2082.41
1774184400,2080.06
1774188000,2078.23
1774191600,2082.11
1774195200,2083.18
1774198800,2081.17
1774202400,2069.81
1774206000,2062.13
1774209600,2059.38
1774213200,2044.52
1774216800,2061.39
1774220400,2052.95
1774224000,2044.37
1774227600,2049.51
1774231200,2061.71
1774234800,2051.96
1774238400,2063.58
1774242000,2067.99
1774245600,2035.43
1774249200,2044.37
1774252800,2048.88
1774256400,2041.12
1774260000,2048.83
1774263600,2135.48
1774267200,2140.39
1774270800,2181.61
1774274400,2179.34
1774278000,2126.23
1774281600,2134.46
1774285200,2152.83
1774288800,2169.25
1774292400,2153.26
1774296000,2161.64
1774299600,2159.75
1774303200,2152.92
1774306800,2152.11
1774310400,2143.93
1774314000,2137.19
1774317600,2135.81
1774321200,2141.40
1774324800,2136.30
1774328400,2132.86
1774332000,2144.40
1774335600,2167.94
1774339200,2154.13
1774342800,2165.06
1774346400,2161.06
1774350000,2164.78
1774353600,2162.45
1774357200,2136.29
1774360800,2136.20
1774364400,2133.34
1774368000,2125.82
1774371600,2109.72
1774375200,2118.01
1774378800,2114.87
1774382400,2148.32
1774386000,2147.25
1774389600,2146.52
1774393200,2155.72
1774396800,2162.26
1774400400,2158.77
1774404000,2154.90
1774407600,2158.69
1774411200,2164.04
1774414800,2168.65
1774418400,2163.82
1774422000,2165.14
1774425600,2176.14
1774429200,2186.20
1774432800,2185.16
1774436400,2185.52
1774440000,2183.96
1774443600,2186.27
1774447200,2175.58
1774450800,2162.52
1774454400,2173.65
1774458000,2162.56
1774461600,2161.15
1774465200,2167.97
1774468800,2166.13
1774472400,2162.86
1774476000,2173.69
1774479600,2168.03
1774483200,2165.01
1774486800,2164.86
1774490400,2148.42
1774494000,2152.48
1774497600,2148.75
1774501200,2117.19
1774504800,2121.31
1774508400,2122.63
1774512000,2118.80
1774515600,2082.91
1774519200,2077.54
1774522800,2067.52
1774526400,2073.29
1774530000,2077.38
1774533600,2077.16
1774537200,2069.51
1774540800,2060.30
1774544400,2049.40
1774548000,2044.37
1774551600,2048.88
1774555200,2063.20
1774558800,2069.10
1774562400,2064.03
1774566000,2059.45
1774569600,2064.12
1774573200,2072.33
1774576800,2068.14
1774580400,2059.79
1774584000,2051.28
1774587600,2060.13
1774591200,2061.32
1774594800,2063.62
1774598400,2047.38
1774602000,2040.90
1774605600,1992.54
1774609200,1989.98
1774612800,1988.36
1774616400,1975.73
1774620000,1987.78
1774623600,1989.96
1774627200,1985.47
1774630800,1976.10
1774634400,1984.03
1774638000,1993.27
1774641600,1984.40
1774645200,1984.65
1774648800,1984.64
1774652400,1991.28
1774656000,1990.96
1774659600,1987.93
1774663200,1985.63
1774666800,1987.68
1774670400,1988.31
1774674000,1992.96
1774677600,1999.96
1774681200,2006.25
1774684800,1997.96
1774688400,1998.01
1774692000,1995.54
1774695600,1996.94
1774699200,1998.43
1774702800,2023.97
1774706400,2019.34
1774710000,2024.55
1774713600,2023.85
1774717200,2020.05
1774720800,2021.43
1774724400,2018.82
1774728000,2023.37
1774731600,2009.19
1774735200,2010.12
1774738800,1992.69
1774742400,1995.66
1774746000,2003.29
1774749600,2007.23
1774753200,2009.63
1774756800,2004.01
1774760400,2004.49
1774764000,2003.69
1774767600,2005.54
1774771200,2002.50
1774774800,1997.57
1774778400,1994.99
1774782000,2002.52
1774785600,2000.48
1774789200,1985.21
1774792800,1992.14
1774796400,1991.37
1774800000,1996.42
1774803600,1993.52
1774807200,1995.68
1774810800,1993.67
1774814400,2000.52
1774818000,2005.00
1774821600,1972.17
1774825200,1982.55
1774828800,1997.44
1774832400,2008.50
1774836000,2028.32
1774839600,2034.91
1774843200,2046.80
1774846800,2047.18
1774850400,2041.62
1774854000,2056.40
1774857600,2061.46
1774861200,2053.62
1774864800,2055.50
1774868400,2067.92
1774872000,2074.01
1774875600,2059.47
1774879200,2070.81
1774882800,2073.00
1774886400,2060.83
1774890000,2038.96
1774893600,2028.98
1774897200,2021.13
1774900800,2023.25
1774904400,2036.42
1774908000,2031.65
1774911600,2023.52
1774915200,2033.32
1774918800,2073.05
1774922400,2073.51
1774926000,2066.26
1774929600,2058.87
1774933200,2062.04
1774936800,2060.74
1774940400,2054.02
1774944000,2039.88
1774947600,2014.52
1774951200,2024.51
1774954800,2039.49
1774958400,2045.57
1774962000,2072.78
1774965600,2044.68
1774969200,2054.00
1774972800,2088.46
1774976400,2090.34
1774980000,2096.32
1774983600,2093.80
1774987200,2105.43
1774990800,2100.22
1774994400,2094.71
1774998000,2104.72
1775001600,2112.52
1775005200,2091.51
1775008800,2086.67
1775012400,2100.60
1775016000,2109.41
1775019600,2121.65
1775023200,2150.82
1775026800,2129.94
1775030400,2137.33
1775034000,2135.96
1775037600,2130.83
1775041200,2134.93
1775044800,2130.80
1775048400,2119.89
1775052000,2124.79
1775055600,2135.22
1775059200,2144.83
1775062800,2136.01
1775066400,2125.86
1775070000,2142.76
1775073600,2144.06
1775077200,2161.70
1775080800,2139.34
1775084400,2138.72
1775088000,2156.43
1775091600,2099.55
1775095200,2073.72
1775098800,2055.98
1775102400,2045.07
1775106000,2050.00
1775109600,2049.26
1775113200,2055.84
1775116800,2046.22
1775120400,2042.74
1775124000,2038.01
1775127600,2031.96
1775131200,2026.09
1775134800,2034.93
1775138400,2066.67
1775142000,2058.38
1775145600,2064.19
1775149200,2045.41
1775152800,2057.86
1775156400,2065.16
1775160000,2068.29
1775163600,2062.51
1775167200,2061.25
1775170800,2056.70
1775174400,2051.84
1775178000,2049.84
1775181600,2051.35
1775185200,2054.17
1775188800,2054.29
1775192400,2056.29
1775196000,2063.13
1775199600,2065.44
1775203200,2060.89
1775206800,2060.93
1775210400,2059.96
1775214000,2062.58
1775217600,2050.27
1775221200,2048.44
1775224800,2055.35
1775228400,2051.19
1775232000,2055.00
1775235600,2049.80
1775239200,2048.76
1775242800,2052.68
1775246400,2053.06
1775250000,2058.29
1775253600,2051.87
1775257200,2053.58
1775260800,2051.70
1775264400,2050.82
1775268000,2048.54
1775271600,2049.64
1775275200,2050.61
1775278800,2053.27
1775282400,2056.29
1775286000,2053.60
1775289600,2049.88
1775293200,2049.94
1775296800,2053.80
1775300400,2050.99
1775304000,2049.33
1775307600,2053.47
1775311200,2052.12
1775314800,2055.46
1775318400,2057.71
1775322000,2056.70
1775325600,2055.14
1775329200,2066.14
1775332800,2062.42
1775336400,2068.44
1775340000,2069.01
1775343600,2065.37
1775347200,2060.94
1775350800,2057.46
1775354400,2059.39
1775358000,2056.03
1775361600,2054.86
1775365200,2047.46
1775368800,2038.62
1775372400,2036.65
1775376000,2038.78
1775379600,2044.25
1775383200,2044.15
1775386800,2041.91
1775390400,2027.70
1775394000,2035.72
1775397600,2037.77
1775401200,2052.88
1775404800,2050.82
1775408400,2061.18
1775412000,2061.31
1775415600,2060.18
1775419200,2068.19
1775422800,2060.64
1775426400,2085.43
1775430000,2108.94
1775433600,2121.35
1775437200,2115.24
1775440800,2133.11
1775444400,2127.35
1775448000,2130.08
1775451600,2130.31
1775455200,2126.92
1775458800,2134.21
1775462400,2138.46
1775466000,2151.41
1775469600,2152.04
1775473200,2150.65
1775476800,2143.99
1775480400,2143.63
1775484000,2158.53
1775487600,2163.98
1775491200,2143.33
1775494800,2135.07
1775498400,2144.75
1775502000,2144.76
1775505600,2149.94
1775509200,2139.91
1775512800,2111.74
1775516400,2107.78
1775520000,2113.57
1775523600,2099.81
1775527200,2105.75
1775530800,2107.92
1775534400,2115.56
1775538000,2104.58
1775541600,2103.49
1775545200,2103.80
1775548800,2115.21
1775552400,2127.59
1775556000,2088.40
1775559600,2089.76
1775563200,2087.69
1775566800,2076.43
1775570400,2071.48
1775574000,2079.45
1775577600,2083.22
1775581200,2099.85
1775584800,2085.90
1775588400,2110.76
1775592000,2114.20
1775595600,2144.84
1775599200,2207.72
1775602800,2242.28
1775606400,2234.21
1775610000,2234.50
1775613600,2234.56
1775617200,2234.07
1775620800,2244.09
1775624400,2240.09
1775628000,2245.58
1775631600,2251.98
1775635200,2255.31
1775638800,2249.84
1775642400,2244.16
1775646000,2246.67
1775649600,2256.80
1775653200,2233.36
1775656800,2192.03
1775660400,2215.54
1775664000,2222.70
1775667600,2232.49
1775671200,2202.60
1775674800,2207.24
1775678400,2209.41
1775682000,2213.47
1775685600,2190.79
1775689200,2190.33
1775692800,2184.30
1775696400,2177.22
1775700000,2182.25
1775703600,2182.72
1775707200,2178.13
1775710800,2181.81
1775714400,2181.07
1775718000,2181.26
1775721600,2186.14
1775725200,2194.22
1775728800,2191.63
1775732400,2180.07
1775736000,2182.80
1775739600,2165.81
1775743200,2176.19
1775746800,2216.55
1775750400,2206.36
1775754000,2221.02
1775757600,2207.31
1775761200,2215.85
1775764800,2212.38
1775768400,2210.99
1775772000,2200.76
1775775600,2189.38
1775779200,2194.19
1775782800,2195.36
1775786400,2187.83
1775790000,2185.91
1775793600,2194.94
1775797200,2196.37
1775800800,2184.56
1775804400,2178.89
1775808000,2185.64
1775811600,2195.87
1775815200,2197.60
1775818800,2216.36
1775822400,2219.67
1775826000,2224.94
1775829600,2243.24
1775833200,2222.22
1775836800,2246.22
1775840400,2248.61
1775844000,2250.44
1775847600,2254.20
1775851200,2255.79
1775854800,2255.37
1775858400,2243.60
1775862000,2244.93
1775865600,2239.37
1775869200,2244.89
1775872800,2248.26
1775876400,2237.32
1775880000,2241.39
1775883600,2234.20
1775887200,2236.59
1775890800,2232.66
1775894400,2234.31
1775898000,2244.12
1775901600,2241.59
1775905200,2246.86
1775908800,2245.97
1775912400,2241.82
1775916000,2242.89
1775919600,2250.48
1775923200,2260.74
1775926800,2260.23
1775930400,2303.38
1775934000,2314.08
1775937600,2298.90
1775941200,2301.52
1775944800,2296.62
1775948400,2285.43
1775952000,2284.29
1775955600,2217.60
1775959200,2225.39
1775962800,2217.09
1775966400,2212.56
1775970000,2218.37
1775973600,2216.65
1775977200,2220.26
1775980800,2214.27
1775984400,2214.86
1775988000,2201.35
1775991600,2205.47
1775995200,2196.67
1775998800,2187.54
1776002400,2182.87
1776006000,2186.48
1776009600,2186.70
1776013200,2204.78
1776016800,2201.49
1776020400,2199.21
1776024000,2213.77
1776027600,2209.10
1776031200,2198.84
1776034800,2192.33
1776038400,2205.30
1776042000,2204.56
1776045600,2194.67
1776049200,2193.94
1776052800,2191.11
1776056400,2188.99
1776060000,2199.58
1776063600,2187.83
1776067200,2184.58
1776070800,2188.54
1776074400,2182.77
1776078000,2188.28
1776081600,2193.12
1776085200,2212.00
1776088800,2234.37
1776092400,2208.33
1776096000,2226.78
1776099600,2225.14
1776103200,2233.02
1776106800,2264.91
1776110400,2253.41
1776114000,2260.92
1776117600,2353.60
1776121200,2370.28
1776124800,2362.03
1776128400,2369.70
1776132000,2368.70
1776135600,2366.30
1776139200,2365.01
1776142800,2356.62
1776146400,2374.00
1776150000,2379.09
1776153600,2388.95
1776157200,2388.35
1776160800,2375.71
1776164400,2374.80
1776168000,2374.64
1776171600,2393.10
1776175200,2355.99
1776178800,2365.90
1776182400,2335.72
1776186000,2339.13
1776189600,2315.51
1776193200,2313.82
1776196800,2315.97
1776200400,2324.93
1776204000,2316.20
1776207600,2323.63
1776211200,2334.60
1776214800,2336.74
1776218400,2325.66
1776222000,2329.92
1776225600,2333.82
1776229200,2320.30
1776232800,2318.15
1776236400,2317.12
1776240000,2328.84
1776243600,2320.39
1776247200,2317.34
1776250800,2338.22
1776254400,2333.70
1776258000,2327.22
1776261600,2338.83
1776265200,2332.95
1776268800,2341.77
1776272400,2349.64
1776276000,2359.54
1776279600,2375.39
1776283200,2363.67
1776286800,2361.53
1776290400,2364.47
1776294000,2360.55
1776297600,2361.15
1776301200,2352.43
1776304800,2357.29
1776308400,2358.36
1776312000,2354.80
1776315600,2357.50
1776319200,2356.90
1776322800,2341.81
1776326400,2339.45
1776330000,2338.44
1776333600,2332.25
1776337200,2336.19
1776340800,2340.90
1776344400,2308.70
1776348000,2310.70
1776351600,2339.83
1776355200,2316.79
1776358800,2325.57
1776362400,2344.19
1776366000,2360.68
1776369600,2350.70
1776373200,2341.73
1776376800,2342.98
1776380400,2348.61
1776384000,2344.99
1776387600,2335.93
1776391200,2332.69
1776394800,2325.77
1776398400,2329.60
1776402000,2319.67
1776405600,2332.15
1776409200,2333.56
1776412800,2355.80
1776416400,2360.08
1776420000,2344.81
1776423600,2355.57
1776427200,2373.60
1776430800,2438.32
1776434400,2448.80
1776438000,2443.26
1776441600,2452.59
1776445200,2441.71
1776448800,2421.11
1776452400,2430.40
1776456000,2427.90
1776459600,2430.41
1776463200,2434.21
1776466800,2419.81
1776470400,2420.79
1776474000,2422.05
1776477600,2419.90
1776481200,2406.26
1776484800,2408.33
1776488400,2409.88
1776492000,2410.69
1776495600,2404.54
1776499200,2381.76
1776502800,2376.81
1776506400,2360.09
1776510000,2353.71
1776513600,2358.86
1776517200,2356.22
1776520800,2365.90
1776524400,2364.39
1776528000,2361.51
1776531600,2362.50
1776535200,2347.99
1776538800,2349.51
1776542400,2353.69
1776546000,2356.42
1776549600,2357.61
1776553200,2351.20
1776556800,2350.10
1776560400,2349.09
1776564000,2339.21
1776567600,2340.80
1776571200,2334.44
1776574800,2333.68
1776578400,2328.20
1776582000,2316.91
1776585600,2319.75
1776589200,2310.84
1776592800,2318.75
1776596400,2330.20
1776600000,2332.85
1776603600,2339.79
1776607200,2339.30
1776610800,2331.55
1776614400,2312.50
1776618000,2296.49
1776621600,2296.90
1776625200,2300.18
1776628800,2281.20
1776632400,2276.90
1776636000,2270.70
1776639600,2263.50
1776643200,2281.40
1776646800,2286.97
1776650400,2278.51
1776654000,2287.23
1776657600,2284.22
1776661200,2270.81
1776664800,2287.06
1776668400,2298.90
1776672000,2294.72
1776675600,2310.00
1776679200,2303.96
1776682800,2309.48
1776686400,2320.02
1776690000,2311.74
1776693600,2290.50
1776697200,2314.80
1776700800,2300.96
1776704400,2317.73
1776708000,2334.82
1776711600,2332.71
1776715200,2338.61
1776718800,2322.18
1776722400,2320.20
1776726000,2314.79
1776729600,2322.71
1776733200,2315.98
1776736800,2309.01
1776740400,2312.10
1776744000,2315.28
1776747600,2314.92
1776751200,2318.30
1776754800,2319.44
1776758400,2324.51
1776762000,2325.82
1776765600,2331.97
1776769200,2320.61
1776772800,2309.50
1776776400,2313.70
1776780000,2299.85
1776783600,2311.31
1776787200,2308.52
1776790800,2307.25
1776794400,2313.64
1776798000,2299.48
1776801600,2315.68
1776805200,2313.23
1776808800,2312.21
1776812400,2328.00
1776816000,2326.11
1776819600,2323.18
1776823200,2370.50
1776826800,2364.31
1776830400,2364.00
1776834000,2396.90
1776837600,2393.25
1776841200,2390.42
1776844800,2388.99
1776848400,2388.11
1776852000,2391.01
1776855600,2399.35
1776859200,2406.00
1776862800,2418.77
1776866400,2404.36
1776870000,2403.98
1776873600,2386.20
1776877200,2399.90
1776880800,2397.60
1776884400,2398.49
1776888000,2392.32
1776891600,2403.20
1776895200,2401.30
1776898800,2375.20
1776902400,2372.99
1776906000,2367.42
1776909600,2352.62
1776913200,2340.08
1776916800,2348.93
1776920400,2349.90
1776924000,2355.37
1776927600,2345.30
1776931200,2340.39
1776934800,2317.08
1776938400,2314.58
1776942000,2329.72
1776945600,2330.20
1776949200,2320.19
1776952800,2335.42
1776956400,2334.42
1776960000,2326.99
1776963600,2311.05
1776967200,2306.45
1776970800,2313.83
1776974400,2325.79
1776978000,2323.81
1776981600,2332.89
1776985200,2331.08
1776988800,2333.16
1776992400,2333.60
1776996000,2320.66
1776999600,2309.23
1777003200,2307.00
1777006800,2315.21
1777010400,2309.90
1777014000,2312.77
1777017600,2316.65
1777021200,2310.84
1777024800,2316.87
1777028400,2329.47
1777032000,2325.88
1777035600,2317.59
1777039200,2314.53
1777042800,2324.59
1777046400,2317.50
1777050000,2320.47
1777053600,2320.65
1777057200,2322.00
1777060800,2327.33
1777064400,2315.83
1777068000,2312.73
1777071600,2315.81
1777075200,2316.42
1777078800,2318.68
1777082400,2318.16
1777086000,2319.28
1777089600,2317.25
1777093200,2316.60
1777096800,2316.43
1777100400,2317.00
1777104000,2319.93
1777107600,2319.66
1777111200,2320.93
1777114800,2314.33
1777118400,2314.02
1777122000,2316.65
1777125600,2316.42
1777129200,2308.79
1777132800,2310.12
1777136400,2309.58
1777140000,2311.92
1777143600,2310.34
1777147200,2313.99
1777150800,2316.24
1777154400,2318.49
1777158000,2319.89
1777161600,2315.71
1777165200,2314.56
1777168800,2315.62
1777172400,2310.22
1777176000,2318.27
1777179600,2328.71
1777183200,2330.99
1777186800,2332.18
1777190400,2333.17
1777194000,2335.45
1777197600,2333.62
1777201200,2337.04
1777204800,2329.65
1777208400,2335.95
1777212000,2346.81
1777215600,2348.91
1777219200,2343.41
1777222800,2350.38
1777226400,2362.50
1777230000,2368.53
1777233600,2364.13
1777237200,2364.90
1777240800,2362.48
1777244400,2370.42
1777248000,2389.71
1777251600,2395.30
1777255200,2393.08
1777258800,2395.27
1777262400,2383.17
1777266000,2323.19
1777269600,2321.28
1777273200,2316.35
1777276800,2319.71
1777280400,2322.32
1777284000,2319.96
1777287600,2320.44
1777291200,2313.97
1777294800,2312.60
1777298400,2314.65
1777302000,2274.64
1777305600,2277.68
1777309200,2286.89
1777312800,2288.86
1777316400,2288.88
1777320000,2291.21
1777323600,2287.21
1777327200,2294.43
1777330800,2303.44
1777334400,2306.88
1777338000,2298.72
1777341600,2288.80
1777345200,2290.57
1777348800,2288.51
1777352400,2288.18
1777356000,2277.61
1777359600,2287.44
1777363200,2287.20
1777366800,2282.00
1777370400,2284.32
1777374000,2274.96
1777377600,2278.03
1777381200,2276.72
1777384800,2273.12
1777388400,2279.66
1777392000,2286.00
1777395600,2290.36
1777399200,2296.87
1777402800,2301.18
1777406400,2295.06
1777410000,2289.95
1777413600,2286.27
1777417200,2289.29
1777420800,2291.85
1777424400,2292.30
1777428000,2288.41
1777431600,2311.47
1777435200,2326.81
1777438800,2328.63
1777442400,2324.11
1777446000,2323.37
1777449600,2325.44
1777453200,2339.76
1777456800,2333.05
1777460400,2331.48
1777464000,2315.80
1777467600,2302.71
1777471200,2298.53
1777474800,2271.50
1777478400,2266.00
1777482000,2280.70
1777485600,2238.52
1777489200,2232.72
1777492800,2239.60
1777496400,2252.17
1777500000,2256.94
1777503600,2251.84
1777507200,2271.82
1777510800,2268.89
1777514400,2243.72
1777518000,2252.55
1777521600,2238.06
1777525200,2241.97
1777528800,2247.20
1777532400,2259.73
1777536000,2256.21
1777539600,2261.46
1777543200,2261.11
1777546800,2257.22
1777550400,2264.44
1777554000,2263.11
1777557600,2261.17
1777561200,2265.12
1777564800,2256.01
1777568400,2257.12
1777572000,2259.70
1777575600,2261.61
1777579200,2263.50
1777582800,2255.13
1777586400,2253.60
1777590000,2256.72
1777593600,2259.30
1777597200,2266.80
1777600800,2266.29
1777604400,2282.00
1777608000,2279.34
1777611600,2282.64
1777615200,2277.04
1777618800,2279.20
1777622400,2286.90
1777626000,2281.81
1777629600,2282.30
1777633200,2286.33
1777636800,2301.30
1777640400,2318.69
1777644000,2307.60
1777647600,2307.86
1777651200,2301.53
1777654800,2311.81
1777658400,2304.41
1777662000,2304.70
1777665600,2285.00
1777669200,2292.63
1777672800,2293.39
1777676400,2295.54
1777680000,2297.49
1777683600,2298.70
1777687200,2303.14
1777690800,2304.01
1777694400,2301.07
1777698000,2299.31
1777701600,2305.11
1777705200,2300.61
1777708800,2303.24
1777712400,2304.90
1777716000,2303.31
1777719600,2301.99
1777723200,2303.30
1777726800,2307.96
1777730400,2306.40
1777734000,2308.97
1777737600,2309.30
1777741200,2305.79
1777744800,2309.63
1777748400,2310.69
1777752000,2311.73
1777755600,2325.49
1777759200,2326.80
1777762800,2316.74
1777766400,2314.00
1777770000,2303.81
1777773600,2303.08
1777777200,2301.90
1777780800,2301.23
1777784400,2303.80
1777788000,2304.00
1777791600,2309.26
1777795200,2307.86
1777798800,2316.10
1777802400,2311.28
1777806000,2319.46
1777809600,2325.42
1777813200,2321.63
1777816800,2328.31
1777820400,2327.83
1777824000,2328.16
1777827600,2331.81
1777831200,2330.75
1777834800,2335.68
1777838400,2329.68
1777842000,2323.93
1777845600,2343.71
1777849200,2322.50
1777852800,2318.73
1777856400,2350.47
1777860000,2374.39
1777863600,2385.01
1777867200,2389.88
1777870800,2375.88
1777874400,2367.74
1777878000,2362.09
1777881600,2359.54
1777885200,2368.24
1777888800,2338.26
1777892400,2337.37
1777896000,2336.72
1777899600,2336.40
1777903200,2371.39
1777906800,2349.85
1777910400,2355.13
1777914000,2370.27
1777917600,2361.50
1777921200,2355.61
1777924800,2349.72
1777928400,2360.63
1777932000,2354.35
1777935600,2346.95
1777939200,2358.76
1777942800,2361.98
1777946400,2367.57
1777950000,2382.49
1777953600,2380.95
1777957200,2379.99
1777960800,2378.91
1777964400,2380.61
1777968000,2376.58
1777971600,2369.36
1777975200,2378.52
1777978800,2376.99
1778025600,2363.91
1778029200,2372.95
1778032800,2369.09
1778036400,2376.50
1778040000,2366.11
1778043600,2364.62
1778047200,2370.02
1778050800,2371.46
1778054400,2394.36
1778058000,2412.95
1778061600,2410.43
1778065200,2410.78
1778068800,2405.10
1778072400,2368.19
1778076000,2359.35
1778079600,2358.60
1778083200,2357.69
1778086800,2349.66
1778090400,2344.87
1778094000,2348.01
1778097600,2350.73
1778101200,2355.58
1778104800,2347.45
1778108400,2350.66
1778112000,2329.57
1778115600,2327.17
1778119200,2321.87
1778122800,2321.93
1778126400,2327.28
1778130000,2331.00
1778133600,2337.24
1778137200,2344.71
1778140800,2333.92
1778144400,2328.47
1778148000,2326.71
1778151600,2329.89
1778155200,2332.91
1778158800,2313.92
1778162400,2299.08
1778166000,2293.90
1778169600,2291.51
1778173200,2300.26
1778176800,2296.41
1778180400,2295.80
1778184000,2289.09
1778187600,2287.90
1778191200,2286.88
1778194800,2290.59
1778198400,2286.21
1778202000,2282.42
1778209200,2279.38
1778212800,2281.44
1778216400,2278.62
1778220000,2273.81
1778223600,2280.04
1778227200,2284.88
1778230800,2283.00
1778234400,2288.37
1778238000,2294.94
1778241600,2284.30
1778245200,2274.91
1778248800,2285.37
1778252400,2292.60
1778256000,2289.40
1778259600,2304.80
1778263200,2313.58
1778266800,2315.50
1778270400,2306.59
1778274000,2314.22
1778277600,2310.93
1778281200,2307.24
1778284800,2308.69
1778288400,2314.58
1778292000,2317.12
1778295600,2315.53
1778299200,2312.68
1778302800,2314.58
1778306400,2314.23
1778310000,2314.52
1778313600,2316.93
1778317200,2313.13
1778320800,2312.27
1778324400,2314.33
1778328000,2316.22
1778331600,2314.27
1778335200,2307.81
1778338800,2317.36
1778342400,2319.80
1778346000,2329.45
1778349600,2329.92
1778353200,2331.95
1778356800,2329.09
1778360400,2330.87
1778364000,2329.78
1778367600,2326.16
1778371200,2323.71
1778374800,2323.38
1778378400,2327.02
1778382000,2327.41
1778385600,2328.00
1778389200,2327.05
1778392800,2329.08
1778396400,2327.13
1778400000,2329.68
1778403600,2327.82
1778407200,2325.02
1778410800,2322.47
1778414400,2324.22
1778418000,2329.90
1778421600,2330.97
1778425200,2347.39
1778428800,2349.82
1778432400,2363.96
1778436000,2358.65
1778439600,2365.85
1778443200,2328.68
1778446800,2330.77
1778450400,2373.59
1778454000,2371.12
1778457600,2352.71
1778461200,2358.37
1778464800,2344.69
1778468400,2329.89
1778472000,2332.51
1778475600,2334.40
1778479200,2333.28
1778482800,2329.81
1778486400,2329.83
1778490000,2335.20
1778493600,2329.30
1778497200,2335.26
1778500800,2328.40
1778504400,2321.00
1778508000,2315.37
1778511600,2333.04
1778515200,2329.32
1778518800,2336.54
1778522400,2334.94
1778526000,2339.82
1778529600,2337.66
1778533200,2340.26
1778536800,2340.82
1778540400,2339.39
1778544000,2333.04
1778547600,2310.66
1778551200,2315.14
1778554800,2308.89
1778558400,2310.23
1778562000,2309.65
1778565600,2303.04
1778569200,2294.75
1778572800,2287.25
1778576400,2291.96
1778580000,2285.40
1778583600,2286.16
1778587200,2288.39
1778590800,2270.40
1778594400,2268.35
1778598000,2260.60
1778601600,2263.07
1778605200,2276.27
1778608800,2278.80
1778612400,2284.76
1778616000,2284.88
1778619600,2285.10
1778623200,2282.11
1778626800,2274.43
1778630400,2281.11
1778634000,2289.63
1778637600,2293.49
1778641200,2301.44
1778644800,2306.46
1778648400,2297.24
1778652000,2301.12
1778655600,2300.61
1778659200,2316.42
1778662800,2320.40
1778666400,2307.72
1778670000,2300.88
1778673600,2283.50
1778677200,2261.08
1778680800,2266.47
1778684400,2235.22
1778688000,2249.38
1778691600,2257.41
1778695200,2258.46
1778698800,2255.02
1778702400,2262.62
1778706000,2255.00
1778709600,2258.35
1778713200,2257.85
1778716800,2265.71
1778720400,2263.90
1778724000,2250.58
1778727600,2240.93
1778731200,2255.56
1778734800,2267.28
1778738400,2266.74
1778742000,2264.57
1778745600,2265.62
1778749200,2256.60
1778752800,2261.12
1778756400,2252.71
1778760000,2260.57
1778763600,2248.49
1778767200,2286.27
1778770800,2298.22
1778774400,2316.58
1778778000,2308.51
1778781600,2309.86
1778785200,2297.79
1778788800,2297.61
1778792400,2296.93
1778796000,2297.92
1778799600,2283.08
1778803200,2290.79
1778806800,2274.81
1778810400,2276.05
1778814000,2272.66
1778817600,2262.36
1778821200,2245.31
1778824800,2254.60
1778828400,2264.44
1778832000,2256.66
1778835600,2254.07
1778839200,2261.84
1778842800,2256.65
1778846400,2253.70
1778850000,2211.52
1778853600,2212.29
1778857200,2221.68
1778860800,2223.65
1778864400,2228.31
1778868000,2226.79
1778871600,2221.89
1778875200,2218.89
1778878800,2215.60
1778882400,2222.35
1778886000,2223.00
1778889600,2225.55
1778893200,2228.01
1778896800,2228.26
1778900400,2226.77
1778904000,2224.51
1778907600,2224.36
1778911200,2214.16
1778914800,2193.67
1778918400,2192.13
1778922000,2172.55
1778925600,2173.13
1778929200,2175.15
1778932800,2175.37
1778936400,2176.13
1778940000,2179.03
1778943600,2178.90
1778947200,2173.44
1778950800,2177.98
1778954400,2180.36
1778958000,2178.78
1778961600,2180.36
1778965200,2181.54
1778968800,2179.41
1778972400,2179.96
1778976000,2176.45
1778979600,2168.60
1778983200,2173.27
1778986800,2180.46
1778990400,2186.25
1778994000,2185.09
1778997600,2184.18
1779001200,2185.74
1779004800,2185.17
1779008400,2189.33
1779012000,2193.38
1779015600,2191.20
1779019200,2193.76
1779022800,2191.31
1779026400,2185.72
1779030000,2185.41
1779033600,2181.49
1779037200,2182.77
1779040800,2187.36
1779044400,2191.66
1779048000,2188.35
1779051600,2190.80
1779055200,2178.47
1779058800,2130.01
1779062400,2114.23
1779066000,2116.40
1779069600,2115.29
1779073200,2117.23
1779076800,2123.64
1779080400,2117.00
1779084000,2117.69
1779087600,2119.30
1779091200,2120.12
1779094800,2115.59
1779098400,2113.20
1779102000,2132.77
1779105600,2149.92
1779109200,2129.35
1779112800,2108.60
1779116400,2105.41
1779120000,2095.90
1779123600,2106.32
1779127200,2079.40
1779130800,2123.20
1779134400,2115.73
1779138000,2135.81
1779141600,2134.02
1779145200,2128.57
1779148800,2134.19
1779152400,2123.22
1779156000,2121.45
1779159600,2129.83
1779163200,2132.35
1779166800,2133.60
1779170400,2135.72
1779174000,2139.42
1779177600,2131.71
1779181200,2112.73
1779184800,2116.67
1779188400,2108.56
1779192000,2116.53
1779195600,2116.91
1779199200,2104.39
1779202800,2108.15
1779206400,2119.57
1779210000,2113.86
1779213600,2112.58
1779217200,2111.52
1779220800,2116.63
1779224400,2115.14
1779228000,2104.45
1779231600,2109.95
1779235200,2109.40
1779238800,2113.19
1779242400,2106.96
1779246000,2109.28
1779249600,2111.23
1779253200,2123.50
1779256800,2131.74
1779260400,2127.63
1779264000,2129.69
1779267600,2127.20
1779271200,2128.67
1779274800,2125.91
1779278400,2132.13
1779282000,2118.46
1779285600,2133.70
1779289200,2134.59
1779292800,2133.42
1779296400,2138.52
1779300000,2130.03
1779303600,2137.00
1779307200,2134.05
1779310800,2128.44
1779314400,2126.34
1779318000,2127.41
1779321600,2140.85
1779325200,2138.98
1779328800,2139.64
1779332400,2143.82
1779336000,2142.78
1779339600,2134.29
1779343200,2126.54
1779346800,2132.90
1779350400,2135.99
1779354000,2125.60
1779357600,2111.53
1779361200,2112.88
1779364800,2114.82
1779368400,2118.43
1779372000,2120.03
1779375600,2130.34
1779379200,2125.60
1779382800,2144.32
1779386400,2124.64
1779390000,2140.19
1779393600,2136.41
1779397200,2133.29
1779400800,2129.76
1779404400,2131.97
1779408000,2127.22
1779411600,2133.89
1779415200,2136.03
1779418800,2135.85
1779422400,2131.56
1779426000,2127.15
1779429600,2123.33
1779433200,2126.20
1779436800,2120.00
1779440400,2121.46
1779444000,2120.78
1779447600,2128.49
1779451200,2132.59
1779454800,2127.56
1779458400,2114.27
1779462000,2117.07
1779465600,2120.53
1779469200,2117.12
1779472800,2097.39
1779476400,2062.56
1779480000,2070.81
1779483600,2075.77
1779487200,2070.09
1779490800,2063.41
1779494400,2061.85
1779498000,2066.29
1779501600,2066.17
1779505200,2068.02
1779508800,2064.66
1779512400,2062.52
1779516000,2059.19
1779519600,2026.15
1779523200,2027.65
1779526800,2024.90
1779530400,2029.06
1779534000,2029.24
1779537600,2028.79
1779541200,2042.25
1779544800,2059.08
1779548400,2057.50
1779552000,2058.96
1779555600,2061.46
1779559200,2071.69
1779562800,2074.69
1779566400,2143.67
1779570000,2114.13
1779573600,2113.84
1779577200,2115.04
1779580800,2116.80
1779584400,2119.81
1779588000,2119.92
1779591600,2116.19
1779595200,2117.66
1779598800,2117.23
1779602400,2125.60
1779606000,2118.29
1779609600,2117.72
1779613200,2120.87
1779616800,2119.77
1779620400,2123.54
1779624000,2117.49
1779627600,2107.70
1779631200,2095.43
1779634800,2093.35
1779638400,2101.06
1779642000,2100.25
1779645600,2097.27
1779649200,2098.09
1779652800,2090.47
1779656400,2068.00
1779660000,2089.68
1779663600,2097.37
1779667200,2102.41
1779670800,2091.77
1779674400,2095.41
1779678000,2092.95
1779681600,2103.32
1779685200,2105.74
1779688800,2106.61
1779692400,2113.69
1779696000,2114.39
1779699600,2114.54
1779703200,2114.73
1779706800,2113.14
1779710400,2115.25
1779714000,2114.19
1779717600,2126.35
1779721200,2124.91
1779724800,2134.44
1779728400,2127.08
1779732000,2124.92
1779735600,2119.61
1779739200,2106.92
1779742800,2108.82
1779746400,2101.79
1779750000,2111.01
1779753600,2095.73
1779757200,2092.30
1779760800,2086.67
1779764400,2091.15
1779768000,2091.64
1779771600,2098.61
1779775200,2099.69
1779778800,2093.04
1779782400,2095.06
1779786000,2094.26
1779789600,2125.46
1779793200,2118.71
1779796800,2124.26
1779800400,2122.13
1779804000,2106.73
1779807600,2084.47
1779811200,2076.87
1779814800,2067.63
1779818400,2065.35
1779822000,2070.73
1779825600,2075.57
1779829200,2070.07
1779832800,2065.81
1779836400,2070.79
1779840000,2080.26
1779843600,2071.37
1779847200,2073.00
1779850800,2066.90
1779854400,2068.98
1779858000,2074.28
1779861600,2076.38
1779865200,2080.39
1779868800,2081.86
1779872400,2080.50
1779876000,2076.93
1779879600,2077.40
1779883200,2075.80
1779886800,2060.39
1779890400,2058.71
1779894000,2067.57
1779897600,2066.65
1779901200,2047.99
1779904800,2052.72
1779908400,2053.00
1779912000,2059.69
1779915600,2018.19
1779919200,2022.32
1779922800,2021.83
1779926400,2025.07
1779930000,2017.09
1779933600,2014.42
1779937200,1978.35
1779940800,1978.62
1779944400,1974.74
1779948000,1980.50
1779951600,1991.73
1779955200,1984.78
1779958800,1990.73
1779962400,1987.01
1779966000,1986.43
1779969600,1988.30
1779973200,1977.90
1779976800,1990.03
1779980400,1987.21
1779984000,2010.07
1779987600,2016.31
1779991200,2021.90
1779994800,2011.52
1779998400,2010.77
1780002000,2017.01
1780005600,2002.82
1780009200,2006.81
1780012800,2009.50
1780016400,2005.20
1780020000,1996.36
1780023600,1999.99
1780027200,2005.56
1780030800,2011.61
1780034400,2015.24
1780038000,2003.81
1780041600,2003.01
1780045200,2012.15
1780048800,2008.39
1780052400,2004.85
1780056000,1996.90
1780059600,1996.36
1780063200,1998.62
1780066800,2028.40
1780070400,2037.70
1780074000,2025.11
1780077600,2008.48
1780081200,2014.10
1780084800,2015.39
1780088400,2006.72
1780092000,2011.11
1780095600,2011.64
1780099200,2012.00
1780102800,2016.71
1780106400,2018.57
1780110000,2014.02
1780113600,2008.34
1780117200,2013.10
1780120800,2014.80
1780124400,2013.60
1780128000,2011.42
1780131600,2014.07
1780135200,2015.49
1780138800,2014.62
1780142400,2017.14
1780146000,2017.95
1780149600,2023.81
1780153200,2023.52
1780156800,2024.00
1780160400,2024.44
1780164000,2024.60
1780167600,2025.83
1780171200,2024.07
1780174800,2025.54
1780178400,2020.41
1780182000,2019.48
1780185600,2023.91
1780189200,2025.97
1780192800,2031.10
1780196400,2030.41
1780200000,2030.79
1780203600,2027.07
1780207200,2026.87
1780210800,2021.16
1780214400,2024.59
1780218000,2018.29
1780221600,2018.07
1780225200,2020.52
1780228800,2019.48
1780232400,2017.48
1780236000,2005.19
1780239600,2007.66
1780243200,1999.42
1780246800,2002.92
1780250400,1998.04
1780254000,1996.82
1780257600,2004.28
1780261200,2009.46
1780264800,2009.47
1780268400,2004.01
1780272000,2012.62
1780275600,1992.14
1780279200,2009.20
1780282800,2006.48
1780286400,1996.98
1780290000,1991.94
1780293600,1985.39
1780297200,1973.74
1780300800,1981.34
1780304400,1985.31
1780308000,1982.40
1780311600,1979.18
1780315200,1987.43
1780318800,1967.30
1780322400,1964.61
1780326000,1964.99
1780329600,1974.52
1780333200,1988.00
1780336800,1990.23
1780340400,2001.44
1780344000,2003.12
1780347600,1991.77
1780351200,2001.46
1780354800,2004.00
1780358400,1993.78
1780362000,1976.69
1780365600,1993.00
1780369200,2000.85
1780372800,1993.97
1780376400,1981.88
1780380000,1979.40
1780383600,1978.80
1780387200,1976.20
1780390800,1972.08
1780394400,1980.60
1780398000,1976.11
1780401600,1973.60
1780405200,1970.87
1780408800,1937.63
1780412400,1911.03
1780416000,1917.31
1780419600,1920.41
1780423200,1909.72
1780426800,1909.21
1780430400,1903.70
1780434000,1897.56
1780437600,1866.00
1780441200,1857.02
1780444800,1864.63
1780448400,1861.81
1780452000,1851.64
1780455600,1825.30
1780459200,1848.32
1780462800,1870.81
1780466400,1869.21
1780470000,1875.71
1780473600,1877.46
1780477200,1873.60
1780480800,1882.04
1780484400,1875.50
1780488000,1873.45
1780491600,1864.49
1780495200,1855.44
1780498800,1834.10
1780502400,1829.84
1780506000,1825.30
1780509600,1830.02
1780513200,1801.21
1780516800,1779.13
1780520400,1846.33
1780524000,1826.07
1780527600,1810.58
1780531200,1791.20
1780534800,1757.57
1780538400,1764.70
1780542000,1806.75
1780545600,1803.31
1780549200,1782.37
1780552800,1787.97
1780556400,1775.47
1780560000,1771.41
1780563600,1763.80
1780567200,1735.19
1780570800,1749.30
1780574400,1776.06
1780578000,1783.50
1780581600,1772.78
1780585200,1774.62
1780588800,1769.95
1780592400,1765.51
1780596000,1773.85
1780599600,1774.72
1780603200,1772.99
1780606800,1759.41
1780610400,1767.07
1780614000,1768.55
1780617600,1757.41
1780621200,1751.30
1780624800,1728.20
1780628400,1727.53
1780632000,1742.25
1780635600,1682.56
1780639200,1654.90
1780642800,1677.52
1780646400,1661.94
1780650000,1681.46
1780653600,1675.43
1780657200,1661.77
1780660800,1655.97
1780664400,1614.59
1780668000,1599.82
1780671600,1582.50
1780675200,1607.25
1780678800,1593.28
1780682400,1552.00
1780686000,1573.54
1780689600,1603.24
1780693200,1609.62
1780696800,1596.88
1780700400,1582.85
1780704000,1592.41
1780707600,1582.64
1780711200,1575.70
1780714800,1562.65
1780718400,1522.08
1780722000,1565.99
1780725600,1559.18
1780729200,1574.37
1780732800,1581.60
1780736400,1569.50
1780740000,1548.00
1780743600,1558.06
1780747200,1570.47
1780750800,1556.30
1780754400,1557.08
1780758000,1559.87
1780761600,1562.90
1780765200,1552.81
1780768800,1555.93
1780772400,1553.89
1780776000,1556.87
1780779600,1557.36
1780783200,1557.60
1780786800,1568.87
1780790400,1564.28
1780794000,1589.54
1780797600,1592.05
1780801200,1594.31
1780804800,1596.31
1780808400,1603.21
1780812000,1611.57
1780815600,1614.36
1780819200,1640.63
1780822800,1632.81
1780826400,1625.01
1780830000,1629.67
1780833600,1619.44
1780837200,1617.04
1780840800,1627.92
1780844400,1629.36
1780848000,1627.97
1780851600,1630.53
1780855200,1629.28
1780858800,1612.45
1780862400,1627.35
1780866000,1633.61
1780869600,1671.08
1780873200,1689.15
1780876800,1696.93
1780880400,1686.49
1780884000,1682.96
1780887600,1678.79
1780891200,1656.33
1780894800,1652.65
1780898400,1665.48
1780902000,1671.72
1780905600,1659.84
1780909200,1669.82
1780912800,1671.01
1780916400,1682.28
1780920000,1692.90
1780923600,1680.41
1780927200,1689.80
1780930800,1690.75
1780934400,1682.00
1780938000,1686.02
1780941600,1684.16
1780945200,1684.04
1780948800,1689.32
1780952400,1703.27
1780956000,1702.46
1780959600,1689.89
1780963200,1662.80
1780966800,1668.46
1780970400,1667.29
1780974000,1668.71
1780977600,1685.90
1780981200,1687.40
1780984800,1685.25
1780988400,1679.00
1780992000,1674.05
1780995600,1669.64
1780999200,1673.92
1781002800,1670.98
1781006400,1676.08
1781010000,1665.40
1781013600,1644.56
1781017200,1635.36
1781020800,1631.22
1781024400,1641.67
1781028000,1650.92
1781031600,1656.09
1781035200,1659.34
1781038800,1648.48
1781042400,1638.93
1781046000,1638.45
1781049600,1644.80
1781053200,1637.99
1781056800,1622.97
1781060400,1629.71
1781064000,1624.72
1781067600,1626.81
1781071200,1630.75
1781074800,1638.98
1781078400,1619.98
1781082000,1622.42
1781085600,1627.04
1781089200,1618.85
1781092800,1634.24
1781096400,1650.42
1781100000,1645.19
1781103600,1656.47
1781107200,1640.53
1781110800,1630.87
1781114400,1629.10
1781118000,1628.18
1781121600,1628.90
1781125200,1609.50
1781128800,1615.19
1781132400,1620.03
1781136000,1626.91
1781139600,1641.22
1781143200,1638.94
1781146800,1652.12
1781150400,1654.90
1781154000,1646.16
1781157600,1652.92
1781161200,1652.49
1781164800,1657.89
1781168400,1657.12
1781172000,1657.28
1781175600,1665.11
1781179200,1650.16
1781182800,1651.25
1781186400,1641.16
1781190000,1643.76
1781193600,1637.63
1781197200,1687.07
1781200800,1682.14
1781204400,1680.47
1781208000,1670.67
1781211600,1675.55
1781215200,1674.42
1781218800,1671.82
1781222400,1671.15
1781226000,1665.15
1781229600,1673.42
1781233200,1670.80
1781236800,1675.06
1781240400,1661.85
1781244000,1655.18
1781247600,1659.93
1781251200,1671.35
1781254800,1678.31
1781258400,1672.90
1781262000,1671.80
1781265600,1664.61
1781269200,1655.56
1781272800,1684.80
1781276400,1658.48
1781280000,1671.71
1781283600,1667.86
1781287200,1665.41
1781290800,1665.01
1781294400,1664.04
1781298000,1663.10
1781301600,1661.56
1781305200,1665.37
1781308800,1666.31
1781312400,1672.44
1781316000,1667.01
1781319600,1664.17
1781323200,1663.50
1781326800,1664.36
1781330400,1668.79
1781334000,1675.21
1781337600,1673.51
1781341200,1672.70
1781344800,1673.07
1781348400,1677.26
1781352000,1679.58
1781355600,1676.95
1781359200,1678.72
1781362800,1681.10
1781366400,1675.75
1781370000,1673.26
1781373600,1677.70
1781377200,1677.60
1781380800,1675.71
1781384400,1685.57
1781388000,1680.81
1781391600,1679.51
1781395200,1681.20
1781398800,1683.40
1781402400,1681.51
1781406000,1680.94
1781409600,1677.11
1781413200,1677.96
1781416800,1675.56
1781420400,1674.92
1781424000,1674.41
1781427600,1677.09
1781431200,1672.13
1781434800,1672.55
1781438400,1665.85
1781442000,1665.12
1781445600,1658.66
1781449200,1662.13
1781452800,1659.89
1781456400,1660.89
1781460000,1660.82
1781463600,1664.09
1781467200,1669.45
1781470800,1717.85
1781474400,1721.53
1781478000,1724.73
1781481600,1719.98
1781485200,1715.06
1781488800,1716.00
1781492400,1720.00
1781496000,1716.17
1781499600,1719.62
1781503200,1718.89
1781506800,1715.33
1781510400,1719.28
1781514000,1717.45
1781517600,1736.40
1781521200,1763.50
1781524800,1776.34
1781528400,1813.19
1781532000,1813.40
1781535600,1844.40
1781539200,1841.91
1781542800,1828.40
1781546400,1827.33
1781550000,1819.99
1781553600,1815.86
1781557200,1810.25
1781560800,1788.62
1781564400,1795.01
1781568000,1788.60
1781571600,1791.10
1781575200,1769.15
1781578800,1777.98
1781582400,1759.80
1781586000,1761.03
1781589600,1770.42
1781593200,1773.26
1781596800,1801.71
1781600400,1788.28
1781604000,1792.24
1781607600,1798.11
1781611200,1813.08
1781614800,1795.93
1781618400,1778.99
1781622000,1780.86
1781625600,1776.31
1781629200,1793.55
1781632800,1797.79
1781636400,1793.90
1781640000,1796.19
1781643600,1794.45
1781647200,1794.64
1781650800,1791.24
1781654400,1792.30
1781658000,1795.81
1781661600,1793.83
1781665200,1792.04
1781668800,1792.35
1781672400,1792.34
1781676000,1788.61
1781679600,1783.35
1781683200,1763.55
1781686800,1771.47
1781690400,1766.87
1781694000,1762.41
1781697600,1757.90
1781701200,1760.18
1781704800,1753.46
1781708400,1771.95
1781712000,1770.50
1781715600,1787.12
1781719200,1769.26
1781722800,1733.11
1781726400,1745.75
1781730000,1737.29
1781733600,1738.59
1781737200,1749.20
1781740800,1751.46
1781744400,1753.09
1781748000,1754.01
1781751600,1742.24
1781755200,1728.78
1781758800,1728.98
1781762400,1734.05
1781766000,1747.89
1781769600,1746.11
1781773200,1744.78
1781776800,1745.38
1781780400,1741.45
1781784000,1748.47
1781787600,1734.12
1781791200,1737.60
1781794800,1680.96
1781798400,1684.66
1781802000,1677.15
1781805600,1683.13
1781809200,1703.57
1781812800,1708.48
1781816400,1706.35
1781820000,1705.01
1781823600,1708.96
1781827200,1711.64
1781830800,1711.69
1781834400,1704.99
1781838000,1695.61
1781841600,1688.10
1781845200,1695.91
1781848800,1698.71
1781852400,1694.07
1781856000,1695.79
1781859600,1687.55
1781863200,1690.90
1781866800,1690.06
1781870400,1693.60
1781874000,1701.53
1781877600,1705.40
1781881200,1705.95
1781884800,1694.92
1781888400,1703.31
1781892000,1701.23
1781895600,1699.39
1781899200,1706.97
1781902800,1700.20
1781906400,1705.86
1781910000,1709.46
1781913600,1707.18
1781917200,1708.42
1781920800,1703.12
1781924400,1706.46
1781928000,1711.70
1781931600,1724.27
1781935200,1725.98
1781938800,1724.20
1781942400,1721.20
1781946000,1726.72
1781949600,1725.80
1781953200,1725.32
1781956800,1725.20
1781960400,1715.83
1781964000,1731.41
1781967600,1738.50
1781971200,1731.96
1781974800,1724.63
1781978400,1724.72
1781982000,1727.08
1781985600,1728.53
1781989200,1733.11
1781992800,1741.09
1781996400,1738.46
1782000000,1735.30
1782003600,1734.87
1782007200,1733.70
1782010800,1735.71
1782014400,1730.80
1782018000,1731.23
1782021600,1733.89
1782025200,1729.95
1782028800,1726.97
1782032400,1730.62
1782036000,1729.19
1782039600,1723.36
1782043200,1723.72
1782046800,1723.05
1782050400,1726.39
1782054000,1728.82
1782057600,1726.22
1782061200,1725.51
1782064800,1733.46
1782068400,1732.02
1782072000,1719.29
1782075600,1716.36
1782079200,1715.55
1782082800,1704.94
1782086400,1724.90
1782090000,1741.71
1782093600,1735.25
1782097200,1727.88
1782100800,1733.14
1782104400,1734.88
1782108000,1732.86
1782111600,1744.41
1782115200,1746.06
1782118800,1744.36
1782122400,1747.00
1782126000,1765.80
1782129600,1761.79
1782133200,1775.42
1782136800,1752.46
1782140400,1742.49
1782144000,1737.92
1782147600,1738.99
1782151200,1731.12
1782154800,1732.99
1782158400,1732.65
1782162000,1731.03
1782165600,1722.39
1782169200,1726.19
1782172800,1729.16
1782176400,1728.55
1782180000,1730.48
1782183600,1727.78
1782187200,1716.90
1782190800,1711.45
1782194400,1690.10
1782198000,1680.67
1782201600,1646.58
1782205200,1648.80
1782208800,1650.55
1782212400,1658.91
1782216000,1652.74
1782219600,1660.75
1782223200,1660.11
1782226800,1657.51
1782230400,1657.44
1782234000,1654.52
1782237600,1653.20
1782241200,1660.55
1782244800,1661.94
1782248400,1664.47
1782252000,1662.48
1782255600,1665.04
1782259200,1668.79
1782262800,1670.71
1782266400,1661.94
1782270000,1664.65
1782273600,1666.69
1782277200,1672.15
1782280800,1672.41
1782284400,1670.54
1782288000,1671.04
1782291600,1664.66
1782295200,1661.51
1782298800,1676.88
1782302400,1669.39
1782306000,1642.92
1782309600,1644.79
1782313200,1615.76
1782316800,1587.50
1782320400,1557.93
1782324000,1569.55
1782327600,1581.71
1782331200,1611.11
1782334800,1618.81
1782338400,1612.75
1782342000,1619.72
1782345600,1616.40
1782349200,1618.62
1782352800,1618.40
1782356400,1616.89
1782360000,1632.17
1782363600,1643.20
1782367200,1651.34
1782370800,1654.90
1782374400,1650.21
1782378000,1646.18
1782381600,1634.22
1782385200,1630.67
1782388800,1632.98
1782392400,1533.19
1782396000,1566.53
1782399600,1567.40
1782403200,1559.43
1782406800,1571.93
1782410400,1564.45
1782414000,1556.39
1782417600,1557.73
1782421200,1578.13
1782424800,1567.69
1782428400,1564.86
1782432000,1562.18
1782435600,1557.84
1782439200,1522.23
1782442800,1555.21
1782446400,1547.39
1782450000,1553.32
1782453600,1568.74
1782457200,1578.60
1782460800,1564.14
1782464400,1550.76
1782468000,1546.00
1782471600,1543.08
1782475200,1534.02
1782478800,1566.20
1782482400,1557.67
1782486000,1578.00
1782489600,1575.47
1782493200,1579.63
1782496800,1570.68
1782500400,1576.19
1782504000,1568.30
1782507600,1573.12
1782511200,1575.45
1782514800,1576.27
1782518400,1574.47
1782522000,1573.65
1782525600,1580.94
1782529200,1578.25
1782532800,1577.11
1782536400,1576.31
1782540000,1580.21
1782543600,1583.14
1782547200,1581.59
1782550800,1580.35
1782554400,1581.80
1782558000,1581.42
1782561600,1583.26
1782565200,1589.68
1782568800,1591.89
1782572400,1603.10
1782576000,1604.42
1782579600,1588.80
1782583200,1591.19
1782586800,1575.75
1782590400,1578.81
1782594000,1572.70
1782597600,1576.71
1782601200,1571.67
1782604800,1572.26
1782608400,1572.98
1782612000,1570.06
1782615600,1572.79
1782619200,1571.95
1782622800,1566.76
1782626400,1565.56
1782630000,1573.74
1782633600,1579.14
1782637200,1576.81
1782640800,1574.95
1782644400,1580.55
1782648000,1581.06
1782651600,1577.19
1782655200,1579.03
1782658800,1578.42
1782662400,1570.50
1782666000,1569.88
1782669600,1569.41
1782673200,1562.42
1782676800,1570.73
1782680400,1561.46
1782684000,1554.85
1782687600,1569.40
1782691200,1571.31
1782694800,1566.08
1782698400,1573.96
1782702000,1582.03
1782705600,1572.92
1782709200,1580.59
1782712800,1580.46
1782716400,1577.85
1782720000,1570.44
1782723600,1573.90
1782727200,1576.36
1782730800,1572.49
1782734400,1573.60
1782738000,1569.45
1782741600,1570.00
1782745200,1577.32
1782748800,1582.66
1782752400,1625.62
1782756000,1618.47
1782759600,1622.90
1782763200,1615.11
1782766800,1617.65
1782770400,1610.55
1782774000,1610.82
1782777600,1592.08
1782781200,1591.48
1782784800,1588.00
1782788400,1584.31
1782792000,1585.10
1782795600,1589.23
1782799200,1591.41
1782802800,1589.83
1782806400,1581.05
1782810000,1582.95
1782813600,1581.98
1782817200,1575.73
1782820800,1550.01
1782824400,1564.50
1782828000,1560.38
1782831600,1562.17
1782835200,1569.67
1782838800,1568.58
1782842400,1576.34
1782846000,1578.15
1782849600,1573.41
1782853200,1568.69
1782856800,1564.95
1782860400,1569.49
1782864000,1572.62
1782867600,1575.44
1782871200,1583.78
1782874800,1592.43
1782878400,1596.81
1782882000,1590.26
1782885600,1573.66
1782889200,1576.18
1782892800,1580.11
1782896400,1578.94
1782900000,1571.14
1782903600,1567.73
1782907200,1567.95
1782910800,1595.93
1782914400,1599.32
1782918000,1618.58
1782921600,1613.02
1782925200,1621.28
1782928800,1614.99
1782932400,1616.48
1782936000,1616.20
1782939600,1630.82
1782943200,1619.84
1782946800,1607.62
1782950400,1601.87
1782954000,1618.50
1782957600,1618.87
1782961200,1637.55
1782964800,1630.90
1782968400,1624.84
1782972000,1616.95
1782975600,1613.83
1782979200,1622.96
1782982800,1641.05
1782986400,1644.16
1782990000,1648.64
1782993600,1660.98
1782997200,1708.79
1783000800,1699.78
1783004400,1695.10
1783008000,1698.09
1783011600,1694.30
1783015200,1700.48
1783018800,1698.74
1783022400,1703.86
1783026000,1698.50
1783029600,1694.83
1783033200,1698.44
1783036800,1694.64
1783040400,1710.39
1783044000,1702.88
1783047600,1704.32
1783051200,1701.10
1783054800,1712.72
1783058400,1713.93
1783062000,1715.98
1783065600,1717.81
1783069200,1724.52
1783072800,1740.19
1783076400,1740.51
1783080000,1734.40
1783083600,1746.16
1783087200,1735.40
1783090800,1729.44
1783094400,1731.97
1783098000,1736.76
1783101600,1737.18
1783105200,1743.50
1783108800,1764.41
1783112400,1761.66
1783116000,1755.80
1783119600,1756.11
1783123200,1756.90
1783126800,1746.10
1783130400,1747.55
1783134000,1752.12
1783137600,1759.89
1783141200,1754.46
1783144800,1753.21
1783148400,1756.84
1783152000,1760.80
1783155600,1756.52
1783159200,1757.61
1783162800,1756.63
1783166400,1762.81
1783170000,1762.71
1783173600,1770.79
1783177200,1789.72
1783180800,1785.60
1783184400,1797.80
1783188000,1792.25
1783191600,1791.30
1783195200,1785.73
1783198800,1787.91
1783202400,1782.93
1783206000,1779.07
1783209600,1771.09
1783213200,1765.06
1783216800,1759.09
1783220400,1759.94
1783224000,1766.08
1783227600,1764.18
1783231200,1763.09
1783234800,1768.36
1783238400,1765.92
1783242000,1756.46
1783245600,1759.98
1783249200,1758.60
1783252800,1763.41
1783256400,1764.85
1783260000,1771.08
1783263600,1773.08
1783267200,1771.41
1783270800,1778.01
1783274400,1779.72
1783278000,1779.76
1783281600,1775.67
1783285200,1785.26
1783288800,1788.15
1783292400,1784.40
1783296000,1791.92
1783299600,1784.53
1783303200,1782.20
1783306800,1778.07
1783310400,1776.30
1783314000,1772.20
1783317600,1767.81
1783321200,1770.42
1783324800,1763.91
1783328400,1756.86
1783332000,1769.16
1783335600,1757.64
1783339200,1739.30
1783342800,1743.43
1783346400,1750.10
1783350000,1787.40
1783353600,1791.72
1783357200,1786.96
1783360800,1791.30
1783364400,1791.56
1783368000,1791.76
1783371600,1813.09
1783375200,1805.18
1783378800,1798.28
1783382400,1802.39
1783386000,1791.71
1783389600,1777.21
1783393200,1770.23
1783396800,1765.13
1783400400,1769.11
1783404000,1777.69
1783407600,1769.89
1783411200,1768.91
1783414800,1776.16
1783418400,1774.31
1783422000,1779.23
1783425600,1780.12
1783429200,1766.65
1783432800,1787.52
1783436400,1795.91
1783440000,1800.74
1783443600,1809.08
1783447200,1785.12
1783450800,1789.43
1783454400,1783.00
1783458000,1772.64
1783461600,1774.37
1783465200,1769.80
1783468800,1779.00
1783472400,1754.70
1783476000,1756.41
1783479600,1750.11
1783483200,1755.00
1783486800,1752.69
1783490400,1750.23
1783494000,1755.28
1783497600,1733.61
1783501200,1734.49
1783504800,1737.99
1783508400,1746.43
1783512000,1736.70
1783515600,1735.83
1783519200,1727.65
1783522800,1721.06
1783526400,1734.52
1783530000,1731.27
1783533600,1735.97
1783537200,1739.89
1783540800,1734.88
1783544400,1736.80
1783548000,1739.76
1783551600,1741.80
1783555200,1736.69
1783558800,1730.20
1783562400,1725.45
1783566000,1729.04
1783569600,1740.98
1783573200,1747.91
1783576800,1753.77
1783580400,1751.70
1783584000,1753.12
1783587600,1754.16
1783591200,1744.72
1783594800,1742.53
1783598400,1740.29
1783602000,1745.08
1783605600,1741.30
1783609200,1737.74
1783612800,1737.37
1783616400,1747.08
1783620000,1750.10
1783623600,1747.08
1783627200,1747.45
1783630800,1747.03
1783634400,1746.16
1783638000,1743.82
1783641600,1741.48
1783645200,1766.14
1783648800,1771.36
1783652400,1774.80
1783656000,1773.49
1783659600,1777.82
1783663200,1770.01
1783666800,1772.55
1783670400,1782.90
1783674000,1791.41
1783677600,1795.78
1783681200,1800.33
1783684800,1792.81
1783688400,1802.55
1783692000,1783.65
1783695600,1789.70
1783699200,1796.00
1783702800,1786.74
1783706400,1783.67
1783710000,1791.11
1783713600,1788.85
1783717200,1793.08
1783720800,1793.97
1783724400,1795.74
1783728000,1792.08
1783731600,1788.12
1783735200,1794.28
1783738800,1795.19
1783742400,1795.19
1783746000,1797.92
1783749600,1797.97
1783753200,1798.68
1783756800,1800.23
1783760400,1794.00
1783764000,1796.71
1783767600,1798.95
1783771200,1798.66
1783774800,1801.55
1783778400,1809.65
1783782000,1813.52
1783785600,1822.01
1783789200,1823.28
1783792800,1824.96
1783796400,1823.41
1783800000,1825.09
1783803600,1822.72
1783807200,1812.79
1783810800,1786.81
1783814400,1787.73
1783818000,1805.58
1783821600,1803.96
1783825200,1810.42
1783828800,1804.80
1783832400,1802.17
1783836000,1794.02
1783839600,1797.70
1783843200,1803.92
1783846800,1801.33
1783850400,1798.33
1783854000,1802.65
1783857600,1805.99
1783861200,1804.80
1783864800,1818.51
1783868400,1819.96
1783872000,1820.75
1783875600,1817.20
1783879200,1820.40
1783882800,1820.39
1783886400,1820.20
1783890000,1811.40
1783893600,1804.01
1783897200,1805.51
1783900800,1825.33
1783904400,1805.74
1783908000,1799.00
1783987200,1784.18
1783990800,1782.95
1783994400,1780.52
1783998000,1781.87
1784001600,1783.72
1784005200,1784.89
1784008800,1780.91
1784012400,1778.59
1784016000,1783.89
1784019600,1784.11
1784023200,1798.39
1784026800,1795.91
1784030400,1858.95
1784034000,1869.79
1784037600,1879.55
1784041200,1873.71
1784044800,1872.66
1784048400,1870.51
1784052000,1873.40
1784055600,1874.81
1784059200,1874.21
1784062800,1875.47
1784066400,1880.90
1784070000,1890.51
1784073600,1880.37
1784077200,1869.13
1784080800,1863.52
1784084400,1874.94
1784088000,1875.00
1784091600,1880.73
1784095200,1874.60
1784098800,1868.92
1784102400,1878.10
1784106000,1878.60
1784109600,1876.75
1784113200,1883.09
1784116800,1925.61
1784120400,1924.11
1784124000,1931.36
1784127600,1930.00
1784131200,1917.61
1784134800,1926.65
1784138400,1922.91
1784142000,1922.05
1784145600,1922.47
1784149200,1921.05
1784152800,1922.25
1784156400,1916.76
1784160000,1913.60
1784163600,1921.40
1784167200,1923.89
1784170800,1917.48
1784174400,1916.82
1784178000,1924.17
1784181600,1921.16
1784185200,1909.16
1784188800,1884.97
1784192400,1882.94
1784196000,1886.93
1784199600,1883.78
1784203200,1871.30
1784206800,1880.70
1784210400,1881.66
1784214000,1880.31
1784217600,1877.49
1784221200,1867.66
1784224800,1874.28
1784228400,1874.10
1784232000,1870.01
1784235600,1877.11
1784239200,1867.57
1784242800,1863.24
1784246400,1864.26
1784250000,1849.62
1784253600,1846.50
1784257200,1850.91
1784260800,1848.44
1784264400,1822.20
1784268000,1830.51
1784271600,1826.39
1784275200,1828.17
1784278800,1832.88
1784282400,1835.17
1784286000,1837.42
1784289600,1826.70
1784293200,1823.40
1784296800,1820.53
1784300400,1829.36
1784304000,1834.85
1784307600,1842.63
1784311200,1845.96
1784314800,1842.51
1784318400,1841.74
1784322000,1840.44
1784325600,1838.60
1784329200,1840.94
1784332800,1839.86
1784336400,1841.30
1784340000,1841.03
1784343600,1844.67
1784347200,1843.35
1784350800,1844.62
1784354400,1843.61
1784358000,1843.03
1784361600,1846.19
1784365200,1843.87
1784368800,1844.19
1784372400,1844.17
1784376000,1843.41
1784379600,1840.31
1784383200,1844.55
1784386800,1842.50
1784390400,1844.51
1784394000,1851.41
1784397600,1856.29
1784401200,1857.24
1784404800,1855.92
1784408400,1859.53
1784412000,1862.54
1784415600,1861.54
1784419200,1860.11
1784422800,1857.87
1784426400,1870.25
1784430000,1866.02
1784433600,1866.09
1784437200,1867.21
1784440800,1867.90
1784444400,1868.65
1784448000,1872.65
1784451600,1865.16
1784455200,1870.95
1784458800,1870.05
1784462400,1869.12
1784466000,1870.42
1784469600,1873.31
1784473200,1869.69
1784476800,1865.11
1784480400,1865.92
1784484000,1859.71
1784487600,1860.97
1784491200,1865.76
1784494800,1860.67
1784498400,1869.24
1784502000,1870.96
1784505600,1870.73
1784509200,1867.81
1784512800,1877.50
1784516400,1878.37
1784520000,1867.08
1784523600,1854.05
1784527200,1847.80
1784530800,1862.39
1784534400,1859.16
1784538000,1862.40
1784541600,1867.24
1784545200,1891.56
1784548800,1871.38
1784552400,1860.50
1784556000,1866.26
1784559600,1901.04
1784563200,1898.12
1784566800,1906.68
1784570400,1898.01
1784574000,1897.20
1784577600,1903.54
1784581200,1901.05
1784584800,1894.58
1784588400,1903.54
1784592000,1913.90
1784595600,1906.21
1784599200,1916.17
1784602800,1925.46
1784606400,1923.36
1784610000,1929.24
1784613600,1933.60
1784617200,1932.89
1784620800,1938.62
1784624400,1940.80
1784628000,1932.85
1784631600,1934.75
1784635200,1941.60
1784638800,1939.08
1784642400,1930.22
1784646000,1930.76
1784649600,1925.42
1784653200,1917.30
1784656800,1918.95
1784660400,1922.36
1784664000,1922.10
1784667600,1923.13
1784671200,1919.60
1784674800,1928.50
1784678400,1938.10
1784682000,1932.42
1784685600,1929.07
1784689200,1927.46
1784692800,1935.49
1784696400,1918.08
1784700000,1916.27
1784703600,1912.88
1784707200,1919.80
1784710800,1923.20
1784714400,1929.41
1784718000,1926.16
1784721600,1915.60
1784725200,1938.80
1784728800,1932.00
1784732400,1941.95
1784736000,1949.30
1784739600,1937.70
1784743200,1929.88
1784746800,1924.00
1784750400,1926.03
1784754000,1937.90
1784757600,1937.43
1784761200,1933.55
1784764800,1931.65
1784768400,1927.65
1784772000,1926.50
1784775600,1919.53
1784779200,1918.32
1784782800,1921.95
1784786400,1924.40
1784790000,1914.20
1784793600,1926.03
1784797200,1923.19
1784800800,1927.34
1784804400,1925.26
1784808000,1903.10
1784811600,1897.36
1784815200,1895.54
1784818800,1893.80
1784822400,1886.32
1784826000,1876.53
1784829600,1879.69
1784833200,1873.76
1784836800,1884.47
1784840400,1881.20
1784844000,1881.98
1784847600,1876.91
1784851200,1869.95
1784854800,1871.41
1784858400,1867.81
1784862000,1879.20
1784865600,1874.38
1784869200,1879.28
1784872800,1886.75
1784876400,1894.64
1784880000,1886.66
1784883600,1886.66
1784887200,1882.40
1784890800,1882.76
1784894400,1870.71
1784898000,1854.90
1784901600,1860.88
1784905200,1860.00
1784908800,1855.66
1784912400,1864.90
1784916000,1860.80
1784919600,1862.03
1784923200,1859.23
1784926800,1855.62
1784930400,1857.68
1784934000,1859.88
1784937600,1858.51
1784941200,1858.13
1784944800,1857.90
1784948400,1856.92
1784952000,1859.62
1784955600,1856.64
1784959200,1857.18
1784962800,1854.49
1784966400,1852.08
1784970000,1856.54
1784973600,1856.77
1784977200,1856.06
1784980800,1858.37
1784984400,1865.26
1784988000,1867.05
1784991600,1866.10
1784995200,1866.33
1784998800,1871.36
1785002400,1873.71
1785006000,1873.06
1785009600,1870.50
1785013200,1870.99
1785016800,1874.31
1785020400,1873.05
1785024000,1879.40
1785027600,1877.04
1785031200,1879.14
1785034800,1880.44
1785038400,1884.68
1785042000,1881.84
1785045600,1883.38
1785049200,1879.85
1785052800,1879.83
1785056400,1882.09
1785060000,1884.32
1785063600,1884.21
1785067200,1884.86
1785070800,1885.01
1785074400,1896.94
1785078000,1913.29
1785081600,1914.61
1785085200,1909.35
1785088800,1912.74
1785092400,1912.36
1785096000,1912.02
1785099600,1924.09
1785103200,1947.91
1785106800,1952.93
1785110400,1940.63
1785114000,1946.30
1785117600,1941.60
1785121200,1948.02
1785124800,1951.54
1785128400,1963.93
1785132000,1966.77
1785135600,1962.69
1785139200,1963.30
1785142800,1963.42
1785146400,1965.92
1785150000,1957.98
1785153600,1955.58
1785157200,1959.09
1785160800,1930.17
1785164400,1925.44
1785168000,1938.50
1785171600,1941.90
1785175200,1937.20
1785178800,1946.84
1785182400,1945.00
1785186000,1940.00
1785189600,1892.11
1785193200,1890.67
1785196800,1877.31
1785200400,1874.13
1785204000,1874.00
1785207600,1879.41
1785211200,1877.37
1785214800,1881.31
1785218400,1886.62
1785222000,1881.88
1785225600,1882.49
1785229200,1874.26
1785232800,1876.92
1785236400,1874.79
1785240000,1890.40
1785243600,1872.10
1785247200,1886.84
1785250800,1918.22
1785254400,1924.01
1785258000,1899.80
1785261600,1908.81
1785265200,1919.64
1785268800,1916.11
1785272400,1921.71
1785276000,1909.76
1785279600,1920.00
1785283200,1914.80
1785286800,1903.39
1785290400,1908.40
1785294000,1890.16
1785297600,1903.07
1785301200,1910.22
1785304800,1917.81
1785308400,1921.28
1785312000,1912.86
1785315600,1919.98
1785319200,1909.83
1785322800,1913.01
1785326400,1902.93
1785330000,1907.30
1785333600,1892.65
1785337200,1889.81
1785340800,1892.71
1785344400,1913.74
1785348000,1918.20
1785351600,1886.62
1785355200,1882.47
1785358800,1896.05
1785362400,1904.71
1785366000,1908.48
1785369600,1895.83
1785373200,1914.30
1785376800,1908.50
1785380400,1907.54
1785384000,1899.32
1785387600,1903.80
1785391200,1898.60
1785394800,1900.46
1785398400,1912.60
1785402000,1915.49
1785405600,1915.91
1785409200,1920.55
1785412800,1922.89
1785416400,1927.89
1785420000,1915.68
1785423600,1916.70
1785427200,1917.48
1785430800,1918.68
1785434400,1914.26
1785438000,1922.08
1785441600,1919.56
1785445200,1916.89
1785448800,1924.12
1785452400,1916.82
1785456000,1914.96
1785459600,1908.30
1785463200,1902.18
1785466800,1906.81
1785470400,1903.92
1785474000,1904.40
1785477600,1900.80
1785481200,1888.24
1785484800,1888.62
1785488400,1881.93
1785492000,1885.18
1785495600,1882.60
1785499200,1880.56
1785502800,1864.33
1785506400,1857.30
1785510000,1860.56
1785513600,1862.98
1785517200,1873.27
1785520800,1869.78
1785524400,1866.52
1785528000,1860.40
1785531600,1860.00
1785535200,1859.63
1785538800,1860.64
1785542400,1862.86
1785546000,1865.16
1785549600,1866.57
1785553200,1868.09
1785556800,1867.91
1785560400,1865.58
1785564000,1868.53
1785567600,1867.68
1785571200,1867.60
1785574800,1865.92
1785578400,1865.58
1785582000,1865.19
1785585600,1867.18
1785589200,1867.39
1785592800,1873.41
1785596400,1868.26
1785600000,1867.19
1785603600,1860.47
1785607200,1835.30
1785610800,1835.55
1785614400,1836.62
1785618000,1844.03
1785621600,1845.50
1785625200,1843.18
1785628800,1844.80
1785632400,1855.11
1785636000,1874.93
1785639600,1875.51
1785643200,1879.21
1785646800,1874.59
1785650400,1875.64
1785654000,1874.05
1785657600,1866.21
1785661200,1869.12
1785664800,1866.85
1785668400,1850.80
1785672000,1855.36
1785675600,1853.00
1785679200,1853.02
1785682800,1857.12
1785686400,1861.31
1785690000,1866.80
1785693600,1873.84
1785697200,1880.06
1785700800,1881.68
1785704400,1888.38
1785708000,1879.93
1785711600,1883.35
1785715200,1871.62
1785718800,1864.92
1785722400,1862.00
1785726000,1855.09
1785729600,1852.57
1785733200,1857.53
1785736800,1846.73
1785740400,1841.43
1785744000,1837.85
1785747600,1850.11
1785751200,1843.68
1785754800,1837.40
1785758400,1841.23
1785762000,1856.90
1785765600,1871.70
1785769200,1861.10
1785772800,1864.32
1785776400,1867.13
1785780000,1867.00
1785783600,1868.57
1785787200,1867.52
1785790800,1862.09
1785794400,1858.63
1785798000,1858.89
1785801600,1849.30
1785805200,1865.83
1785808800,1864.34
1785812400,1862.46
1785816000,1866.28
1785819600,1862.66
1785823200,1855.23
1785826800,1862.08
1785830400,1855.76
1785834000,1856.68
1785837600,1864.91
1785841200,1870.83
1785844800,1873.51
1785848400,1859.23
1785852000,1871.12
1785855600,1871.41
1785859200,1868.22
1785862800,1868.06
1785866400,1873.90
1785870000,1873.68
1785873600,1875.32
1785877200,1870.88
1785880800,1874.18
1785884400,1868.39
1785888000,1862.47
1785891600,1871.95
1785895200,1872.98
1785898800,1866.13
1785902400,1865.82
1785906000,1871.97
1785909600,1868.21
1785913200,1870.50
1785916800,1868.09
1785920400,1870.33
1785924000,1866.72
1785927600,1867.11
1785931200,1874.50
1785934800,1877.13
1785938400,1874.60
1785942000,1872.35
1785945600,1893.95
1785949200,1914.50
1785952800,1916.28
1785956400,1915.45
1785960000,1915.57
1785963600,1906.92
1785967200,1905.27
1785970800,1907.29
1785974400,1908.84
1785978000,1904.94
1785981600,1897.40
1785985200,1897.20
1785988800,1906.09
1785992400,1912.31
1785996000,1911.67
1785999600,1907.34
1786003200,1914.16
1786006800,1905.66
1786010400,1900.08
1786014000,1905.84
1786017600,1896.75
1786021200,1905.82
1786024800,1913.24
1786028400,1909.12
1786032000,1914.01
1786035600,1912.42
1786039200,1904.43
1786042800,1908.48
1786046400,1905.66
1786050000,1904.56
1786053600,1903.66
1786057200,1902.42
1786060800,1902.19
1786064400,1901.78
1786068000,1900.98
1786071600,1895.65
1786075200,1895.65
1786078800,1899.81
1786082400,1903.04
1786086000,1900.93
1786089600,1909.36
1786093200,1911.80
1786096800,1911.43
1786100400,1914.89
1786104000,1930.99
1786107600,1921.38
1786111200,1912.11
1786114800,1916.59
1786118400,1908.01
1786122000,1911.01
1786125600,1908.23
1786129200,1918.10
1786132800,1913.86
1786136400,1915.50
1786140000,1913.99
1786143600,1913.15
1786147200,1913.57
1786150800,1913.72
1786154400,1912.46
1786158000,1917.11
1786161600,1916.21
1786165200,1916.57
1786168800,1915.56
1786172400,1914.27
1786176000,1915.88
1786179600,1917.72
1786183200,1919.98
1786186800,1919.61
1786190400,1918.10
1786194000,1918.95
1786197600,1922.60
1786201200,1921.24
1786204800,1921.42
1786208400,1922.48
1786212000,1920.11
1786215600,1919.16
1786219200,1918.84
1786222800,1919.24
1786226400,1915.44
1786230000,1915.42
1786233600,1916.51
1786237200,1914.74
1786240800,1913.46
1786244400,1912.74
1786248000,1911.84
1786251600,1913.15
1786255200,1917.71
1786258800,1917.50
1786262400,1914.48
1786266000,1919.83
1786269600,1918.72
1786273200,1917.93
1786276800,1916.27
1786280400,1921.99
1786284000,1923.49
1786287600,1924.64
1786291200,1922.71
1786294800,1921.67
1786298400,1920.10
1786302000,1920.56
1786305600,1919.78
1786309200,1923.22
1786312800,1918.28
1786316400,1909.09
1786320000,1911.07
1786323600,1923.60
1786327200,1921.97
1786330800,1915.84
1786334400,1914.25
1786338000,1921.63
1786341600,1926.49
1786345200,1923.98
1786348800,1925.20
1786352400,1914.91
1786356000,1915.86
1786359600,1918.50
1786363200,1904.29
1786366800,1895.70
1786370400,1891.62
1786374000,1875.02
1786377600,1870.23
1786381200,1871.82
1786384800,1870.71
1786388400,1876.42
1786392000,1877.93
1786395600,1872.55
1786399200,1874.53
1786402800,1871.42
1786406400,1873.51
1786410000,1876.26
1786413600,1876.82
1786417200,1879.08
1786420800,1874.35
1786424400,1872.14
1786428000,1872.50
1786431600,1876.01
1786435200,1877.58
1786438800,1883.74
1786442400,1884.61
1786446000,1891.33
1786449600,1886.32
1786453200,1888.31
1786456800,1871.85
1786460400,1861.20
1786464000,1863.19
1786467600,1863.10
1786471200,1864.39
1786474800,1879.70
1786478400,1880.48
1786482000,1882.93
1786485600,1880.63
1786489200,1880.72
1786492800,1880.77
1786496400,1882.92
1786500000,1882.59
1786503600,1884.97
1786507200,1887.80
1786510800,1890.20
1786514400,1885.86
1786518000,1890.01
1786521600,1889.11
1786525200,1904.15
1786528800,1907.50
1786532400,1913.91
1786536000,1909.83
1786539600,1899.54
1786543200,1885.68
1786546800,1890.64
1786550400,1888.81
1786554000,1886.02
1786557600,1883.45
1786561200,1877.17
1786564800,1884.60
1786568400,1876.04
1786572000,1876.55
1786575600,1877.68
1786579200,1878.48
1786582800,1876.16
1786586400,1879.96
1786590000,1885.57
1786593600,1890.45
1786597200,1893.91
1786600800,1896.79
1786604400,1893.87
1786608000,1888.30
1786611600,1887.77
1786615200,1881.07
1786618800,1878.35
1786622400,1887.08
1786626000,1888.39
1786629600,1891.45
1786633200,1878.66
1786636800,1872.66
1786640400,1874.93
1786644000,1883.57
1786647600,1885.13
1786651200,1884.42
1786654800,1886.98
1786658400,1887.73
1786662000,1884.61
1786665600,1887.66
1786669200,1887.81
1786672800,1884.83
1786676400,1881.26
1786680000,1882.98
1786683600,1882.09
1786687200,1870.94
1786690800,1871.18
1786694400,1876.41
1786698000,1871.06
1786701600,1873.94
1786705200,1876.41
1786708800,1871.23
1786712400,1867.32
1786716000,1864.93
1786719600,1879.24
1786723200,1883.37
1786726800,1876.63
1786730400,1873.63
1786734000,1879.04
1786737600,1878.56
1786741200,1877.53
1786744800,1877.88
1786748400,1880.41
1786752000,1880.69
1786755600,1882.26
1786759200,1883.12
1786762800,1880.89
1786766400,1882.58
1786770000,1878.96
1786773600,1880.36
1786777200,1878.56
1786780800,1875.09
1786784400,1878.42
1786788000,1879.28
1786791600,1877.29
1786795200,1881.72
1786798800,1881.50
1786802400,1881.47
1786806000,1882.89
1786809600,1883.09
1786813200,1882.40
1786816800,1880.87
1786820400,1882.36
1786824000,1881.34
1786827600,1883.13
1786831200,1882.58
1786834800,1880.94
1786838400,1880.65
1786842000,1878.62
1786845600,1881.79
1786849200,1881.01
1786852800,1879.95
1786856400,1878.12
1786860000,1878.66
1786863600,1879.30
1786867200,1878.83
1786870800,1878.14
1786874400,1878.76
1786878000,1878.91
1786881600,1877.75
1786885200,1879.91
1786888800,1881.39
1786892400,1882.01
1786896000,1887.45
1786899600,1883.12
1786903200,1883.69
1786906800,1884.28
1786910400,1880.08
1786914000,1873.72
1786917600,1874.08
1786921200,1874.13
1786924800,1876.77
1786928400,1889.52
1786932000,1900.40
1786935600,1899.06
1786939200,1901.78
1786942800,1897.79
1786946400,1905.14
1786950000,1899.14
1786953600,1892.37
1786957200,1891.97
1786960800,1905.24
1786964400,1902.70
1786968000,1897.12
1786971600,1902.87
1786975200,1907.71
1786978800,1911.46
1786982400,1905.41
1786986000,1907.22
1786989600,1908.41
1786993200,1905.67
1786996800,1904.88
1787000400,1904.75
1787004000,1902.76
1787007600,1911.94
1787011200,1908.08
1787014800,1899.83
1787018400,1891.39
1787022000,1892.89
1787025600,1894.77
1787029200,1893.90
1787032800,1901.09
1787036400,1897.05
1787040000,1898.38
1787043600,1894.80
1787047200,1896.09
1787050800,1901.21
1787054400,1897.65
1787058000,1896.00
1787061600,1909.75
1787065200,1916.47
1787068800,1917.38
1787072400,1910.22
1787076000,1915.27
1787079600,1912.19
1787083200,1911.47
1787086800,1910.95
1787090400,1912.24
1787094000,1916.74
1787097600,1912.35
1787101200,1912.29
1787104800,1906.28
1787108400,1910.41
1787112000,1909.11
1787115600,1908.80
1787119200,1916.06
1787122800,1914.46
1787126400,1920.00
1787130000,1917.63
1787133600,1918.52
1787137200,1921.55
1787140800,1935.99
1787144400,1931.32
1787148000,1968.73
1787151600,2085.35
1787155200,2088.84
1787158800,2090.64
1787162400,2091.73
1787166000,2101.72
1787169600,2218.30
1787173200,2284.95
1787176800,2248.80
1787180400,2251.69
1787184000,2261.23
1787187600,2265.43
1787191200,2250.65
1787194800,2249.42
1787198400,2248.55
1787202000,2246.75
1787205600,2261.10
1787209200,2249.96
1787212800,2280.00
1787216400,2276.95
1787220000,2285.14
1787223600,2294.83
1787227200,2288.60
1787230800,2274.50
1787234400,2279.90
1787238000,2325.94
1787241600,2343.20
1787245200,2343.50
1787248800,2315.85
1787252400,2323.47
1787256000,2317.91
1787259600,2318.51
1787263200,2313.67
1787266800,2326.60
1787270400,2340.23
1787274000,2358.33
1787277600,2344.52
1787281200,2340.03
1787284800,2353.28
1787288400,2367.60
1787292000,2371.28
1787295600,2369.98
1787299200,2443.09
1787302800,2403.60
1787306400,2395.02
1787310000,2369.85
1787313600,2387.56
1787317200,2388.13
1787320800,2392.97
1787324400,2392.89
1787328000,2406.02
1787331600,2423.12
1787335200,2419.90
1787338800,2413.21
1787342400,2440.51
1787346000,2513.14
1787349600,2521.06
1787353200,2515.96
1787356800,2521.81
1787360400,2509.04
1787364000,2515.50
1787367600,2514.66
1787371200,2514.81
1787374800,2440.24
1787378400,2437.56
1787382000,2432.55
1787385600,2425.51
1787389200,2421.71
1787392800,2412.85
1787396400,2424.11
1787400000,2428.40
1787403600,2430.05
1787407200,2413.51
1787410800,2410.47
1787414400,2422.37
1787418000,2426.20
1787421600,2427.15
1787425200,2439.00
1787428800,2431.80
1787432400,2406.96
1787436000,2413.62
1787439600,2422.00
1787443200,2430.82
1787446800,2422.82
1787450400,2416.52
1787454000,2413.74
1787457600,2379.99
1787461200,2373.17
1787464800,2389.51
1787468400,2388.42
1787472000,2412.39
1787475600,2411.18
1787479200,2414.75
1787482800,2433.36
1787486400,2426.72
1787490000,2459.28
1787493600,2438.50
1787497200,2438.39
1787500800,2450.54
1787504400,2440.26
1787508000,2448.24
1787511600,2444.46
1787515200,2450.10
1787518800,2469.87
1787522400,2455.00
1787526000,2463.54
1787529600,2465.43
1787533200,2428.77
1787536800,2443.79
1787540400,2430.29
1787544000,2438.30
1787547600,2449.29
1787551200,2456.41
1787554800,2454.00
1787558400,2454.38
1787562000,2462.73
1787565600,2464.59
1787569200,2494.10
1787572800,2512.00
1787576400,2492.90
1787580000,2515.49
1787583600,2486.50
1787587200,2477.86
1787590800,2468.54
1787594400,2473.87
1787598000,2471.33
1787601600,2474.48
1787605200,2483.67
1787608800,2474.04
1787612400,2482.70
1787616000,2493.48
1787619600,2495.28
1787623200,2507.27
1787626800,2498.71
1787630400,2494.17
1787634000,2507.85
1787637600,2500.27
1787641200,2478.12
1787644800,2484.11
1787648400,2474.03
1787652000,2481.47
1787655600,2477.61
1787659200,2473.13
1787662800,2460.74
1787666400,2477.09
1787670000,2483.35
1787673600,2471.09
1787677200,2471.25
1787680800,2467.51
1787684400,2464.14
1787688000,2436.03
1787691600,2441.52
1787695200,2453.83
1787698800,2442.55
1787702400,2446.59
1787706000,2455.88
1787709600,2465.29
1787713200,2465.29
1787716800,2456.58
1787720400,2464.64
1787724000,2459.83
1787727600,2461.34
1787731200,2456.03
1787734800,2447.61
1787738400,2468.55
1787742000,2462.31
1787745600,2454.51
1787749200,2457.18
1787752800,2439.29
1787756400,2450.21
1787760000,2444.55
1787763600,2460.92
1787767200,2473.08
1787770800,2470.22
1787774400,2472.11
1787778000,2496.99
1787781600,2494.02
1787785200,2506.86
1787788800,2492.00
1787792400,2497.78
1787796000,2494.60
1787799600,2492.56
1787803200,2487.02
1787806800,2496.23
1787810400,2492.88
1787814000,2497.07
1787817600,2531.12
1787821200,2534.70
1787824800,2503.50
1787828400,2501.58
1787832000,2495.36
1787835600,2497.50
1787839200,2517.65
1787842800,2522.02
1787846400,2522.40
1787850000,2518.48
1787853600,2507.26
1787857200,2499.16
1787860800,2508.73
1787864400,2504.51
1787868000,2515.61
1787871600,2511.73
1787875200,2516.15
1787878800,2512.88
1787882400,2492.48
1787886000,2490.75
1787889600,2486.85
1787893200,2494.01
1787896800,2503.61
1787900400,2496.60
1787904000,2488.66
1787907600,2490.17
1787911200,2506.45
1787914800,2505.18
1787918400,2499.01
1787922000,2515.84
1787925600,2513.12
1787929200,2472.06
1787932800,2442.24
1787936400,2443.81
1787940000,2428.10
1787943600,2435.68
1787947200,2427.59
1787950800,2424.93
1787954400,2442.01
1787958000,2442.79
1787961600,2442.49
1787965200,2443.60
1787968800,2438.78
1787972400,2435.11
1787976000,2440.59
1787979600,2439.03
1787983200,2435.48
1787986800,2436.32
1787990400,2434.38
1787994000,2435.31
1787997600,2434.91
1788001200,2435.87
1788004800,2434.77
1788008400,2435.76
1788012000,2448.67
1788015600,2444.80
1788019200,2450.84
1788022800,2450.65
1788026400,2452.46
1788030000,2453.38
1788033600,2452.77
1788037200,2451.46
1788040800,2452.34
1788044400,2457.68
1788048000,2459.05
1788051600,2456.76
1788055200,2455.08
1788058800,2457.35
1788062400,2456.19
1788066000,2456.14
1788069600,2461.19
1788073200,2455.23
1788076800,2456.96
1788080400,2453.23
1788084000,2459.30
1788087600,2460.01
1788091200,2469.00
1788094800,2475.81
1788098400,2477.03
1788102000,2481.02
1788105600,2529.10
1788109200,2505.48
1788112800,2510.65
1788116400,2503.39
1788120000,2490.43
1788123600,2481.70
1788127200,2470.68
1788130800,2417.34
1788134400,2428.13
1788138000,2412.68
1788141600,2407.45
1788145200,2420.81
1788148800,2417.15
1788152400,2435.77
1788156000,2438.34
1788159600,2440.61
1788163200,2446.18
1788166800,2446.14
1788170400,2454.68
1788174000,2445.75
1788177600,2450.82
1788181200,2439.37
1788184800,2466.29
1788188400,2467.22
1788192000,2468.87
1788195600,2475.04
1788199200,2477.37
1788202800,2482.13
1788206400,2472.48
1788210000,2478.09
1788213600,2468.92
1788217200,2467.29
1788220800,2471.22
1788224400,2462.29
1788228000,2464.33
1788231600,2471.61
1788235200,2469.53
1788238800,2484.07
1788242400,2471.14
1788246000,2472.02
1788249600,2447.61
1788253200,2451.61
1788256800,2456.24
1788260400,2458.32
1788264000,2445.85
1788267600,2443.23
1788271200,2448.77
1788274800,2448.02
1788278400,2431.92
1788282000,2417.30
1788285600,2412.42
1788289200,2417.63
1788292800,2419.94
1788296400,2414.26
1788300000,2411.74
1788303600,2417.19
1788307200,2407.90
1788310800,2398.73
1788314400,2408.45
1788318000,2413.20
1788321600,2413.95
1788325200,2421.41
1788328800,2419.50
1788332400,2416.53
1788336000,2391.84
1788339600,2375.52
1788343200,2371.80
1788346800,2380.52
1788350400,2376.60
1788354000,2401.72
1788357600,2393.65
1788361200,2389.52
1788364800,2384.80
1788368400,2392.54
1788372000,2394.03
1788375600,2392.49
1788379200,2392.77
1788382800,2389.65
1788386400,2378.84
1788390000,2391.04
1788393600,2378.80
1788397200,2385.71
1788400800,2405.19
1788404400,2402.30
1788408000,2407.19
1788411600,2403.53
1788415200,2407.43
1788418800,2397.34
1788422400,2402.32
1788426000,2392.48
1788429600,2395.64
1788433200,2405.77
1788436800,2422.41
1788440400,2429.39
1788444000,2489.50
1788447600,2516.98
1788451200,2494.13
1788454800,2500.46
1788458400,2513.22
1788462000,2518.26
1788465600,2505.30
1788469200,2511.56
1788472800,2496.94
1788476400,2507.74
1788480000,2501.31
1788483600,2506.64
1788487200,2507.65
1788490800,2504.84
1788494400,2509.06
1788498000,2508.88
1788501600,2507.72
1788505200,2504.18
1788508800,2526.88
1788512400,2520.69
1788516000,2526.14
1788519600,2522.98
1788523200,2451.35
1788526800,2451.86
1788530400,2439.74
1788534000,2451.98
1788537600,2460.43
1788541200,2445.48
1788544800,2450.68
1788548400,2456.16
1788552000,2451.49
1788555600,2452.43
1788559200,2451.54
1788562800,2456.08
1788566400,2452.32
1788570000,2452.16
1788573600,2453.30
1788577200,2452.84
1788580800,2449.20
1788584400,2451.12
1788588000,2453.74
1788591600,2457.82
1788595200,2456.92
1788598800,2458.44
1788602400,2454.22
1788606000,2453.70
1788609600,2458.82
1788613200,2454.53
1788616800,2457.40
1788620400,2460.41
1788624000,2471.50
1788627600,2481.31
1788631200,2480.86
1788634800,2477.68
1788638400,2477.86
1788642000,2488.88
1788645600,2481.17
1788649200,2480.61
1788652800,2490.42
1788656400,2505.77
1788660000,2503.48
1788663600,2509.66
1788667200,2504.69
1788670800,2513.59
1788674400,2506.11
1788678000,2497.52
1788681600,2495.83
1788685200,2499.31
1788688800,2501.97
1788692400,2502.24
1788696000,2500.71
1788699600,2494.75
1788703200,2478.36
1788706800,2479.85
1788710400,2484.47
1788714000,2491.25
1788717600,2494.30
1788721200,2490.53
1788724800,2498.84
1788728400,2507.38
1788732000,2507.96
1788735600,2514.60
1788739200,2511.14
1788742800,2503.77
1788746400,2510.50
1788750000,2497.40
1788753600,2497.89
1788757200,2504.54
1788760800,2498.00
1788764400,2489.17
1788768000,2491.20
1788771600,2484.21
1788775200,2488.77
1788778800,2488.94
1788782400,2505.42
1788786000,2498.61
1788789600,2489.82
1788793200,2470.03
1788796800,2482.60
1788800400,2495.09
1788804000,2491.20
1788807600,2495.82
1788811200,2494.16
1788814800,2490.34
1788818400,2482.32
1788822000,2489.57
1788825600,2495.31
1788829200,2503.49
1788832800,2484.04
1788836400,2485.29
1788840000,2478.23
1788843600,2472.66
1788847200,2467.78
1788850800,2478.93
1788854400,2476.48
1788858000,2491.32
1788861600,2479.27
1788865200,2473.73
1788868800,2471.79
1788872400,2458.36
1788876000,2485.07
1788879600,2498.40
1788883200,2496.59
1788886800,2487.88
1788890400,2486.74
1788894000,2482.23
1788897600,2483.02
1788901200,2482.55
1788904800,2488.58
1788908400,2484.96
1788912000,2496.28
1788915600,2497.45
1788919200,2494.28
1788922800,2488.72
1788926400,2508.81
1788930000,2496.26
1788933600,2500.88
1788937200,2510.21
1788940800,2519.71
1788944400,2490.02
1788948000,2487.14
1788951600,2500.15
1788955200,2511.10
1788958800,2502.06
1788962400,2498.78
1788966000,2489.85
1788969600,2495.48
1788973200,2493.25
1788976800,2481.04
1788980400,2465.00
1788984000,2471.12
1788987600,2461.20
1788991200,2449.50
1788994800,2467.56
1788998400,2464.04
1789002000,2462.92
1789005600,2474.17
1789009200,2474.50
1789012800,2477.49
1789016400,2481.23
1789020000,2479.60
1789023600,2472.22
1789027200,2470.62
1789030800,2467.50
1789034400,2463.36
1789038000,2461.70
1789041600,2413.47
1789045200,2434.52
1789048800,2443.23
1789052400,2440.59
1789056000,2447.66
1789059600,2465.71
1789063200,2467.07
1789066800,2461.44
1789070400,2460.78
1789074000,2459.42
1789077600,2444.31
1789081200,2437.21
1789084800,2455.99
1789088400,2453.64
1789092000,2446.22
1789095600,2446.19
1789099200,2458.27
1789102800,2467.47
1789106400,2466.16
1789110000,2466.04
1789113600,2475.71
1789117200,2468.31
1789120800,2461.01
1789124400,2457.61
1789128000,2510.17
1789131600,2627.98
1789135200,2607.48
1789138800,2559.32
1789142400,2577.44
1789146000,2566.41
1789149600,2536.43
1789153200,2538.97
1789156800,2530.28
1789160400,2516.06
1789164000,2511.42
1789167600,2516.10
1789171200,2510.38
1789174800,2513.34
1789178400,2514.39
1789182000,2512.89
1789185600,2512.43
1789189200,2511.46
1789192800,2519.05
1789196400,2523.63
1789200000,2533.05
1789203600,2530.54
1789207200,2533.09
1789210800,2536.09
1789214400,2535.22
1789218000,2543.97
1789221600,2539.10
1789225200,2534.51
1789228800,2531.34
1789232400,2525.35
1789236000,2522.01
1789239600,2518.92
1789243200,2520.04
1789246800,2523.36
1789250400,2522.64
1789254000,2525.35
1789257600,2524.42
1789261200,2525.24
1789264800,2521.09
1789268400,2520.16
1789272000,2519.70
1789275600,2522.02
1789279200,2512.37
1789282800,2517.02
1789286400,2493.33
1789290000,2484.27
1789293600,2471.03
1789297200,2480.79
1789300800,2476.59
1789304400,2478.37
1789308000,2491.93
1789311600,2490.20
1789315200,2504.00
1789318800,2504.10
1789322400,2508.50
1789326000,2505.22
1789329600,2511.94
1789333200,2507.82
1789336800,2474.57
1789340400,2475.88
1789344000,2483.13
1789347600,2492.20
1789351200,2510.31
1789354800,2511.76
1789358400,2513.85
1789362000,2515.49
1789365600,2513.37
1789369200,2521.75
1789372800,2517.50
1789376400,2522.91
1789380000,2512.00
1789383600,2508.06
1789387200,2504.19
1789390800,2499.17
1789394400,2500.60
1789398000,2507.57
1789401600,2528.62
1789405200,2533.43
1789408800,2539.05
1789412400,2539.52
1789416000,2570.45
1789419600,2546.53
1789423200,2532.87
1789426800,2515.78
1789430400,2515.65
1789434000,2515.03
1789437600,2511.71
1789441200,2498.21
1789444800,2490.29
1789448400,2495.97
1789452000,2485.52
1789455600,2473.09
1789459200,2476.23
1789462800,2473.43
1789466400,2482.67
1789470000,2475.35
1789473600,2478.71
1789477200,2452.32
1789480800,2405.41
1789484400,2423.20
1789488000,2420.88
1789491600,2439.61
1789495200,2401.26
1789498800,2414.33
1789502400,2405.86
1789506000,2390.17
1789509600,2395.16
1789513200,2396.14
1789516800,2397.74
1789520400,2389.09
1789524000,2401.16
1789527600,2400.09
1789531200,2401.99
1789534800,2405.33
1789538400,2404.73
1789542000,2394.76
1789545600,2400.77
1789549200,2403.90
1789552800,2403.00
1789556400,2420.36
1789560000,2404.76
1789563600,2392.07
1789567200,2388.60
1789570800,2390.57
1789574400,2389.93
1789578000,2387.20
1789581600,2394.95
1789585200,2406.79
1789588800,2408.79
1789592400,2402.85
1789596000,2390.48
1789599600,2416.57
1789603200,2416.70
1789606800,2425.40
1789610400,2426.93
1789614000,2433.42
1789617600,2439.99
1789621200,2434.69
1789624800,2438.92
1789628430,2438.97
