date,close
1726556400,58690.10
1726560000,58786.64
1726563600,58972.92
1726567200,59220.04
1726570800,59114.57
1726574400,59431.63
1726578000,58949.08
1726581600,60249.86
1726585200,61137.27
1726588800,60929.80
1726592400,60930.55
1726596000,60565.41
1726599600,60024.78
1726603200,60157.45
1726606800,60327.79
1726610400,60274.16
1726614000,60309.00
1726617600,60265.23
1726621200,60111.16
1726624800,60336.09
1726628400,60526.80
1726632000,60385.82
1726635600,60249.61
1726639200,60429.37
1726642800,60445.30
1726646400,60192.33
1726650000,59698.94
1726653600,59911.66
1726657200,59880.83
1726660800,59993.25
1726664400,59439.79
1726668000,59456.51
1726671600,59476.67
1726675200,59944.92
1726678800,60003.48
1726682400,60654.57
1726686000,60063.85
1726689600,60236.60
1726693200,60244.17
1726696800,60678.52
1726700400,61651.16
1726704000,62227.11
1726707600,62007.73
1726711200,62205.55
1726714800,62104.41
1726718400,62102.06
1726722000,62014.91
1726725600,62025.79
1726729200,62094.36
1726732800,61940.19
1726736400,62264.03
1726740000,62345.27
1726743600,62685.52
1726747200,62924.41
1726750800,63033.54
1726754400,62952.72
1726758000,63177.41
1726761600,63540.39
1726765200,63768.57
1726768800,63615.94
1726772400,63283.09
1726776000,63064.93
1726779600,62943.85
1726783200,62984.77
1726786800,62941.43
1726790400,62800.25
1726794000,63006.79
1726797600,63099.80
1726801200,63607.88
1726804800,63837.42
1726808400,63767.96
1726812000,63792.82
1726815600,63549.46
1726819200,63315.23
1726822800,63470.48
1726826400,63647.54
1726830000,63439.39
1726833600,63402.75
1726837200,62849.17
1726840800,63057.34
1726844400,63204.38
1726848000,62938.05
1726851600,62695.21
1726855200,62915.59
1726858800,62952.44
1726862400,62837.64
1726866000,63135.01
1726869600,63191.06
1726873200,63184.34
1726876800,63209.62
1726880400,62869.05
1726884000,62922.70
1726887600,62890.35
1726891200,62864.56
1726894800,62912.13
1726898400,63004.58
1726902000,63099.62
1726905600,63039.96
1726909200,63126.02
1726912800,62978.31
1726916400,63103.76
1726920000,63156.23
1726923600,63188.04
1726927200,63271.81
1726930800,63204.10
1726934400,63220.55
1726938000,63287.47
1726941600,63277.27
1726945200,63207.55
1726948800,63162.99
1726952400,63098.06
1726956000,63248.94
1726959600,63396.80
1726963200,63239.86
1726966800,63061.76
1726970400,62964.22
1726974000,63126.26
1726977600,63117.29
1726981200,62948.48
1726984800,62892.68
1726988400,62956.16
1726992000,63030.98
1726995600,62763.51
1726999200,62676.37
1727002800,62827.80
1727006400,62795.57
1727010000,62629.89
1727013600,62648.12
1727017200,62702.02
1727020800,62817.54
1727024400,63101.66
1727028000,63022.98
1727031600,63178.17
1727035200,63179.13
1727038800,62836.52
1727042400,63964.02
1727046000,63643.10
1727049600,63635.72
1727053200,63811.18
1727056800,63968.82
1727060400,64349.20
1727064000,63931.73
1727067600,63743.08
1727071200,63657.90
1727074800,63550.59
1727078400,63498.70
1727082000,63630.04
1727085600,63501.83
1727089200,63407.49
1727092800,63330.55
1727096400,63183.53
1727100000,63398.53
1727103600,63651.41
1727107200,63252.26
1727110800,63315.26
1727114400,63466.72
1727118000,63281.14
1727121600,63348.66
1727125200,63342.09
1727128800,63237.60
1727132400,63326.84
1727136000,62966.46
1727139600,62980.29
1727143200,63098.94
1727146800,63114.89
1727150400,63050.55
1727154000,63211.44
1727157600,63294.77
1727161200,63548.34
1727164800,63914.63
1727168400,63525.38
1727172000,63562.42
1727175600,63466.84
1727179200,63438.65
1727182800,63626.66
1727186400,63195.68
1727190000,63191.19
1727193600,63313.88
1727197200,63813.25
1727200800,63744.49
1727204400,64284.72
1727208000,64222.70
1727211600,64036.76
1727215200,64629.11
1727218800,64302.59
1727222400,64143.39
1727226000,64440.63
1727229600,64432.28
1727233200,64448.82
1727236800,64210.52
1727240400,64176.22
1727244000,63811.50
1727247600,63843.45
1727251200,63818.94
1727254800,63618.84
1727258400,63608.16
1727262000,63834.78
1727265600,63665.23
1727269200,63741.55
1727272800,63878.47
1727276400,63490.29
1727280000,63459.73
1727283600,63166.66
1727287200,63316.74
1727290800,63219.83
1727294400,63486.00
1727298000,63456.05
1727301600,63267.39
1727305200,63138.55
1727308800,62956.49
1727312400,63131.59
1727316000,63319.79
1727319600,63471.25
1727323200,63410.44
1727326800,63578.98
1727330400,63706.07
1727334000,63835.35
1727337600,63725.17
1727341200,63780.55
1727344800,64344.88
1727348400,64401.36
1727352000,64549.29
1727355600,64359.49
1727359200,64512.68
1727362800,65273.96
1727366400,65353.52
1727370000,65185.94
1727373600,65269.02
1727377200,64820.00
1727380800,64721.73
1727384400,65037.75
1727388000,65068.13
1727391600,65180.66
1727395200,65266.27
1727398800,65144.58
1727402400,64884.95
1727406000,65373.54
1727409600,65317.17
1727413200,65364.69
1727416800,65341.40
1727420400,65496.72
1727424000,65749.81
1727427600,65779.17
1727431200,65531.60
1727434800,65440.65
1727438400,65752.96
1727442000,65637.67
1727445600,66297.29
1727449200,66046.87
1727452800,66331.68
1727456400,65877.76
1727460000,65887.47
1727463600,65692.99
1727467200,65834.02
1727470800,65854.65
1727474400,65897.19
1727478000,65792.18
1727481600,65910.66
1727485200,65970.26
1727488800,66188.10
1727492400,66080.24
1727496000,66028.29
1727499600,65970.59
1727503200,65813.75
1727506800,65847.68
1727510400,65655.76
1727514000,65628.71
1727517600,65769.61
1727521200,65792.35
1727524800,65547.80
1727528400,65544.68
1727532000,65725.55
1727535600,65633.94
1727539200,65546.28
1727542800,65636.62
1727546400,65738.34
1727550000,65732.53
1727553600,65652.27
1727557200,65663.89
1727560800,65714.96
1727564400,65888.90
1727568000,65678.25
1727571600,65870.41
1727575200,65833.20
1727578800,65820.53
1727582400,65754.91
1727586000,65607.12
1727589600,65504.07
1727593200,65493.35
1727596800,65570.21
1727600400,65588.70
1727604000,65559.76
1727607600,65699.80
1727611200,65646.45
1727614800,65820.81
1727618400,65722.63
1727622000,65772.81
1727625600,65775.71
1727629200,65857.46
1727632800,65802.80
1727636400,65976.08
1727640000,65829.34
1727643600,65868.57
1727647200,65680.50
1727650800,65634.66
1727654400,65470.82
1727658000,64757.07
1727661600,64403.32
1727665200,64529.85
1727668800,64450.02
1727672400,64510.38
1727676000,64370.73
1727679600,64581.20
1727683200,64316.45
1727686800,63646.71
1727690400,63642.71
1727694000,63854.07
1727697600,64049.10
1727701200,63894.75
1727704800,63779.27
1727708400,63585.37
1727712000,63478.31
1727715600,63606.08
1727719200,63338.07
1727722800,63588.38
1727726400,63793.15
1727730000,63707.79
1727733600,63484.82
1727737200,63329.50
1727740800,63491.17
1727744400,63396.97
1727748000,63391.47
1727751600,63679.06
1727755200,63787.47
1727758800,63706.48
1727762400,64056.77
1727766000,64019.81
1727769600,63931.86
1727773200,63904.38
1727776800,63908.39
1727780400,63733.52
1727784000,63678.85
1727787600,62926.06
1727791200,62581.77
1727794800,62702.33
1727798400,62448.00
1727802000,62178.11
1727805600,61968.29
1727809200,61726.23
1727812800,60704.11
1727816400,61098.42
1727820000,60752.38
1727823600,60836.32
1727827200,61029.46
1727830800,61497.04
1727834400,61800.05
1727838000,61757.03
1727841600,61464.45
1727845200,61459.46
1727848800,61710.29
1727852400,61733.68
1727856000,61797.73
1727859600,61238.93
1727863200,61204.65
1727866800,61180.86
1727870400,60806.97
1727874000,61362.63
1727877600,61141.76
1727881200,61830.18
1727884800,61825.46
1727888400,61639.11
1727892000,60814.66
1727895600,60341.51
1727899200,60944.59
1727902800,60865.75
1727906400,60809.94
1727910000,60632.48
1727913600,60968.18
1727917200,60997.20
1727920800,61199.00
1727924400,61449.84
1727928000,61320.84
1727931600,61164.04
1727935200,61342.71
1727938800,60973.26
1727942400,60250.23
1727946000,60699.16
1727949600,60963.66
1727953200,60767.97
1727956800,60546.41
1727960400,60429.72
1727964000,60230.44
1727967600,60608.80
1727971200,60117.07
1727974800,60580.16
1727978400,60732.06
1727982000,60984.95
1727985600,60736.83
1727989200,60811.45
1727992800,60893.95
1727996400,60754.62
1728000000,60500.53
1728003600,61248.96
1728007200,61048.59
1728010800,60935.14
1728014400,60988.21
1728018000,61224.26
1728021600,61129.23
1728025200,61451.95
1728028800,61472.96
1728032400,61319.81
1728036000,61282.12
1728039600,61438.76
1728043200,61823.88
1728046800,61568.77
1728050400,61168.42
1728054000,61833.67
1728057600,62241.82
1728061200,62040.10
1728064800,62319.83
1728068400,62382.95
1728072000,62449.67
1728075600,62284.56
1728079200,62213.62
1728082800,62067.61
1728086400,62151.48
1728090000,62068.40
1728093600,61821.96
1728097200,61870.12
1728100800,61938.24
1728104400,62134.47
1728108000,62221.65
1728111600,62091.14
1728115200,62135.43
1728118800,62269.38
1728122400,62215.00
1728126000,62186.49
1728129600,62300.84
1728133200,62153.21
1728136800,62198.05
1728140400,62170.06
1728144000,61986.52
1728147600,62017.93
1728151200,61875.77
1728154800,61832.88
1728158400,61726.97
1728162000,61852.16
1728165600,62036.41
1728169200,62084.99
1728172800,61904.26
1728176400,62073.56
1728180000,61973.41
1728183600,61896.92
1728187200,61869.34
1728190800,61956.82
1728194400,61948.14
1728198000,61952.36
1728201600,61986.20
1728205200,62070.53
1728208800,62020.79
1728212400,62107.50
1728216000,62214.82
1728219600,62257.68
1728223200,62744.75
1728226800,62716.82
1728230400,62639.70
1728234000,62608.30
1728237600,62720.27
1728241200,62630.30
1728244800,62613.64
1728248400,62311.77
1728252000,62611.04
1728255600,62819.11
1728259200,63696.24
1728262800,63820.95
1728266400,63622.11
1728270000,63508.13
1728273600,63476.24
1728277200,63402.03
1728280800,63702.19
1728284400,63553.02
1728288000,63565.32
1728291600,63193.07
1728295200,62891.98
1728298800,63054.70
1728302400,62847.36
1728306000,63436.14
1728309600,64066.52
1728313200,63656.97
1728316800,63827.00
1728320400,63788.21
1728324000,62906.81
1728327600,63352.53
1728331200,62987.47
1728334800,63324.37
1728338400,62592.79
1728342000,62221.64
1728345600,62512.08
1728349200,62631.53
1728352800,62772.01
1728356400,62590.23
1728360000,62692.48
1728363600,62494.88
1728367200,62472.59
1728370800,62269.07
1728374400,62379.80
1728378000,62565.88
1728381600,62491.48
1728385200,62610.23
1728388800,62480.40
1728392400,62939.54
1728396000,62667.39
1728399600,62266.04
1728403200,62496.73
1728406800,62305.38
1728410400,62081.50
1728414000,62300.27
1728417600,62300.38
1728421200,62394.90
1728424800,62130.24
1728428400,62164.65
1728432000,62082.09
1728435600,62427.05
1728439200,62239.60
1728442800,62339.62
1728446400,62311.04
1728450000,62471.62
1728453600,62404.58
1728457200,62244.27
1728460800,62087.74
1728464400,62206.73
1728468000,62096.41
1728471600,62138.29
1728475200,61766.31
1728478800,61790.19
1728482400,61765.94
1728486000,62278.22
1728489600,61754.16
1728493200,61703.75
1728496800,61145.72
1728500400,61004.12
1728504000,60455.80
1728507600,60866.80
1728511200,60750.77
1728514800,60582.23
1728518400,60376.24
1728522000,60700.74
1728525600,60846.33
1728529200,60808.14
1728532800,60831.68
1728536400,60882.97
1728540000,61068.52
1728543600,60865.64
1728547200,60777.64
1728550800,60868.20
1728554400,61015.50
1728558000,61192.80
1728561600,60941.77
1728565200,60868.51
1728568800,60540.43
1728572400,60732.07
1728576000,60307.06
1728579600,59506.82
1728583200,59323.36
1728586800,59659.27
1728590400,59680.53
1728594000,60092.88
1728597600,60116.80
1728601200,60275.46
1728604800,60172.86
1728608400,60557.77
1728612000,60498.12
1728615600,60591.88
1728619200,60617.06
1728622800,60604.62
1728626400,60763.57
1728630000,60641.03
1728633600,60643.63
1728637200,61035.32
1728640800,61116.15
1728644400,61164.79
1728648000,61276.74
1728651600,61779.77
1728655200,61812.63
1728658800,62416.00
1728662400,62244.48
1728666000,62881.38
1728669600,62884.66
1728673200,63017.22
1728676800,63020.02
1728680400,62815.12
1728684000,62437.33
1728687600,62417.61
1728691200,62750.78
1728694800,62704.96
1728698400,62516.71
1728702000,62539.27
1728705600,62573.91
1728709200,62755.94
1728712800,62659.98
1728716400,62747.27
1728720000,62701.81
1728723600,62804.67
1728727200,63016.66
1728730800,62905.44
1728734400,63035.72
1728738000,63065.25
1728741600,63245.46
1728745200,63121.12
1728748800,63077.53
1728752400,63095.58
1728756000,62938.49
1728759600,63016.55
1728763200,63051.22
1728766800,63185.04
1728770400,63277.21
1728774000,63192.95
1728777600,63207.56
1728781200,62861.17
1728784800,62843.47
1728788400,62684.33
1728792000,62802.36
1728795600,62852.17
1728799200,62854.41
1728802800,62834.21
1728806400,62789.77
1728810000,62816.09
1728813600,62690.68
1728817200,62537.50
1728820800,62644.80
1728824400,62626.23
1728828000,62218.49
1728831600,62226.04
1728835200,62609.68
1728838800,62483.86
1728842400,62409.07
1728846000,62708.03
1728849600,62725.12
1728853200,62863.58
1728856800,62788.69
1728860400,62848.40
1728864000,62507.39
1728867600,62601.60
1728871200,62557.05
1728874800,64236.48
1728878400,64099.19
1728882000,63893.57
1728885600,64052.62
1728889200,64578.04
1728892800,64367.46
1728896400,64778.14
1728900000,64834.92
1728903600,64893.59
1728907200,64866.50
1728910800,65170.83
1728914400,65960.35
1728918000,65974.40
1728921600,65668.23
1728925200,65672.83
1728928800,65765.48
1728932400,65904.42
1728936000,65910.97
1728939600,65777.73
1728943200,66352.10
1728946800,66050.37
1728950400,65941.36
1728954000,65837.38
1728957600,65739.27
1728961200,65316.76
1728964800,65552.02
1728968400,65316.48
1728972000,65540.55
1728975600,65644.20
1728979200,65709.71
1728982800,65611.86
1728986400,65658.98
1728990000,65311.11
1728993600,65773.87
1728997200,67642.27
1729000800,65376.84
1729004400,65932.53
1729008000,66903.72
1729011600,66828.61
1729015200,66949.77
1729018800,66998.14
1729022400,66555.62
1729026000,66427.56
1729029600,66731.15
1729033200,67042.46
1729036800,66878.84
1729040400,67338.42
1729044000,67309.92
1729047600,67109.03
1729051200,67033.51
1729054800,67189.78
1729058400,67105.91
1729062000,66959.02
1729065600,67169.56
1729069200,67383.10
1729072800,67702.31
1729076400,68030.05
1729080000,67822.09
1729083600,67401.39
1729087200,67633.88
1729090800,67705.86
1729094400,67761.96
1729098000,67965.33
1729101600,67810.16
1729105200,67783.28
1729108800,67658.10
1729112400,67572.59
1729116000,67764.33
1729119600,67617.08
1729123200,67686.93
1729126800,67839.04
1729130400,67444.84
1729134000,67594.09
1729137600,67253.98
1729141200,67335.52
1729144800,67249.63
1729148400,67249.66
1729152000,67431.48
1729155600,67194.19
1729159200,67217.89
1729162800,66853.09
1729166400,67132.04
1729170000,67046.04
1729173600,67104.98
1729177200,67548.04
1729180800,67351.93
1729184400,67278.55
1729188000,66913.68
1729191600,66800.85
1729195200,66945.99
1729198800,67064.04
1729202400,67411.23
1729206000,67419.11
1729209600,67204.70
1729213200,68153.41
1729216800,68058.86
1729220400,67572.98
1729224000,67702.14
1729227600,67977.44
1729231200,68045.77
1729234800,67947.92
1729238400,67903.18
1729242000,67787.98
1729245600,67858.99
1729249200,67666.59
1729252800,67629.63
1729256400,68120.23
1729260000,68415.60
1729263600,68779.82
1729267200,68833.45
1729270800,68745.13
1729274400,68824.34
1729278000,68585.34
1729281600,68410.05
1729285200,68386.70
1729288800,68201.29
1729292400,68418.98
1729296000,68314.48
1729299600,68331.38
1729303200,68430.90
1729306800,68442.87
1729310400,68363.53
1729314000,68387.39
1729317600,68328.83
1729321200,68338.19
1729324800,68392.34
1729328400,68341.35
1729332000,68251.80
1729335600,68081.53
1729339200,68226.73
1729342800,68112.06
1729346400,68292.73
1729350000,68214.38
1729353600,68056.84
1729357200,68108.11
1729360800,68182.15
1729364400,68169.73
1729368000,68235.12
1729371600,68231.62
1729375200,68332.83
1729378800,68362.73
1729382400,68229.20
1729386000,68150.84
1729389600,68161.03
1729393200,68178.18
1729396800,68223.24
1729400400,68201.40
1729404000,68366.63
1729407600,68366.86
1729411200,68388.02
1729414800,68417.99
1729418400,68369.94
1729422000,68414.34
1729425600,68269.70
1729429200,68423.64
1729432800,68626.38
1729436400,68595.20
1729440000,68521.37
1729443600,68552.98
1729447200,68591.46
1729450800,68488.97
1729454400,68855.81
1729458000,68762.34
1729461600,69223.54
1729465200,68999.99
1729468800,69078.91
1729472400,69208.51
1729476000,68772.62
1729479600,68893.24
1729483200,68992.41
1729486800,69017.20
1729490400,68730.38
1729494000,68490.27
1729497600,68301.41
1729501200,68291.84
1729504800,68249.91
1729508400,68204.02
1729512000,68149.22
1729515600,67344.19
1729519200,67216.95
1729522800,67216.18
1729526400,67261.80
1729530000,67553.94
1729533600,67311.26
1729537200,67844.12
1729540800,67697.75
1729544400,67788.36
1729548000,67736.70
1729551600,67360.70
1729555200,67136.55
1729558800,67455.52
1729562400,67279.94
1729566000,67351.58
1729569600,67442.89
1729573200,67529.80
1729576800,67588.41
1729580400,67354.89
1729584000,66899.04
1729587600,66888.50
1729591200,67150.91
1729594800,67263.09
1729598400,66967.36
1729602000,66892.08
1729605600,67539.90
1729609200,67274.59
1729612800,66926.97
1729616400,67289.82
1729620000,67326.38
1729623600,67512.33
1729627200,67514.08
1729630800,67492.93
1729634400,67757.41
1729638000,67361.41
1729641600,67122.82
1729645200,67285.60
1729648800,67042.52
1729652400,67024.80
1729656000,67150.29
1729659600,67036.32
1729663200,66893.51
1729666800,66804.77
1729670400,66442.09
1729674000,66454.84
1729677600,66376.45
1729681200,66344.04
1729684800,66381.44
1729688400,66722.88
1729692000,66435.05
1729695600,66156.24
1729699200,65816.73
1729702800,65617.55
1729706400,65956.96
1729710000,66391.91
1729713600,66591.24
1729717200,66347.62
1729720800,66431.95
1729724400,66653.70
1729728000,67269.56
1729731600,67155.51
1729735200,67374.72
1729738800,67144.38
1729742400,67337.41
1729746000,67293.04
1729749600,67080.02
1729753200,67021.02
1729756800,66844.47
1729760400,66815.43
1729764000,66917.23
1729767600,67177.62
1729771200,67458.71
1729774800,67845.26
1729778400,67720.08
1729782000,67660.95
1729785600,67532.58
1729789200,67610.20
1729792800,67754.02
1729796400,68237.12
1729800000,68143.56
1729803600,68298.37
1729807200,68155.86
1729810800,68165.30
1729814400,67952.65
1729818000,67903.00
1729821600,68019.54
1729825200,67963.90
1729828800,67703.05
1729832400,67711.38
1729836000,67580.60
1729839600,67456.66
1729843200,67605.84
1729846800,67783.58
1729850400,67805.67
1729854000,68083.07
1729857600,68028.88
1729861200,68353.66
1729864800,68305.64
1729868400,67655.43
1729872000,67658.73
1729875600,66785.54
1729879200,66937.15
1729882800,66850.45
1729886400,66775.29
1729890000,67154.89
1729893600,66583.45
1729897200,66625.48
1729900800,66665.17
1729904400,66607.46
1729908000,66751.76
1729911600,66824.83
1729915200,66875.13
1729918800,67056.76
1729922400,67084.06
1729926000,66940.41
1729929600,67067.52
1729933200,66996.84
1729936800,66973.17
1729940400,67051.90
1729944000,66949.10
1729947600,66834.09
1729951200,66683.13
1729954800,66779.70
1729958400,66887.22
1729962000,66970.70
1729965600,66967.98
1729969200,67082.78
1729972800,67159.19
1729976400,67109.12
1729980000,67052.22
1729983600,67023.48
1729987200,66939.68
1729990800,66983.68
1729994400,66953.65
1729998000,67178.53
1730001600,67074.50
1730005200,67090.37
1730008800,67080.74
1730012400,67110.84
1730016000,67128.37
1730019600,67059.38
1730023200,67008.14
1730026800,67043.55
1730030400,67304.19
1730034000,67541.54
1730037600,67610.59
1730041200,67690.52
1730044800,67744.02
1730048400,67668.95
1730052000,67486.64
1730055600,67729.38
1730059200,67695.86
1730062800,67840.59
1730066400,68041.86
1730070000,67929.30
1730073600,67787.13
1730077200,67669.22
1730080800,67711.35
1730084400,67645.79
1730088000,67668.54
1730091600,67820.12
1730095200,67856.52
1730098800,68343.05
1730102400,68245.80
1730106000,68478.40
1730109600,68547.43
1730113200,68669.50
1730116800,68911.49
1730120400,68913.34
1730124000,68872.12
1730127600,68445.51
1730131200,68703.91
1730134800,68968.43
1730138400,69139.85
1730142000,69480.67
1730145600,69527.07
1730149200,69743.33
1730152800,69829.12
1730156400,69902.27
1730160000,69918.61
1730163600,70201.92
1730167200,71100.50
1730170800,70905.10
1730174400,71000.84
1730178000,70986.50
1730181600,71214.64
1730185200,70916.22
1730188800,71092.16
1730192400,71199.13
1730196000,71126.02
1730199600,71412.32
1730203200,71076.75
1730206800,71699.09
1730210400,71859.30
1730214000,72382.26
1730217600,72670.16
1730221200,72777.35
1730224800,73132.02
1730228400,72787.38
1730232000,72341.45
1730235600,72289.11
1730239200,72706.90
1730242800,72729.89
1730246400,72198.83
1730250000,72384.18
1730253600,72312.60
1730257200,72215.98
1730260800,72247.85
1730264400,72474.64
1730268000,72300.55
1730271600,72203.70
1730275200,72223.75
1730278800,72536.84
1730282400,72335.03
1730286000,71912.35
1730289600,71940.81
1730293200,71981.52
1730296800,72418.33
1730300400,72037.66
1730304000,72149.45
1730307600,71875.68
1730311200,71966.23
1730314800,71907.42
1730318400,72756.95
1730322000,72369.98
1730325600,72355.80
1730329200,72335.05
1730332800,72118.92
1730336400,72360.37
1730340000,72532.41
1730343600,72308.32
1730347200,72251.36
1730350800,72273.53
1730354400,72195.09
1730358000,72414.61
1730361600,72257.55
1730365200,72290.40
1730368800,72642.41
1730372400,72205.70
1730376000,72061.30
1730379600,71193.92
1730383200,70652.59
1730386800,70620.73
1730390400,70348.38
1730394000,70696.37
1730397600,70565.61
1730401200,70151.48
1730404800,69897.85
1730408400,70377.34
1730412000,70379.32
1730415600,70216.90
1730419200,70116.70
1730422800,69303.79
1730426400,69460.50
1730430000,69294.36
1730433600,69499.20
1730437200,69545.88
1730440800,69189.00
1730444400,69213.74
1730448000,69294.24
1730451600,69464.89
1730455200,69903.66
1730458800,69952.12
1730462400,70283.79
1730466000,71043.71
1730469600,71136.30
1730473200,69392.50
1730476800,69940.73
1730480400,69681.51
1730484000,69096.77
1730487600,69188.20
1730491200,69190.09
1730494800,69238.09
1730498400,69395.84
1730502000,69486.02
1730505600,69647.66
1730509200,69631.62
1730512800,69641.34
1730516400,69567.79
1730520000,69539.85
1730523600,69644.91
1730527200,69702.95
1730530800,69779.21
1730534400,69638.70
1730538000,69497.48
1730541600,69583.40
1730545200,69597.20
1730548800,69421.01
1730552400,69375.20
1730556000,69218.33
1730559600,69399.34
1730563200,69549.93
1730566800,69380.94
1730570400,69419.23
1730574000,69510.55
1730577600,69504.52
1730581200,69443.96
1730584800,69425.42
1730588400,69280.52
1730592000,69171.57
1730595600,69017.70
1730599200,68144.21
1730602800,68388.55
1730606400,68559.31
1730610000,68458.55
1730613600,68555.08
1730617200,68381.81
1730620800,68501.73
1730624400,68208.41
1730628000,68431.46
1730631600,68325.56
1730635200,68487.80
1730638800,68103.79
1730642400,67715.17
1730646000,68067.19
1730649600,68160.41
1730653200,68327.02
1730656800,67942.91
1730660400,68616.16
1730664000,68886.38
1730667600,69106.80
1730671200,68866.74
1730674800,68746.72
1730678400,68608.23
1730682000,68936.56
1730685600,69231.75
1730689200,69021.03
1730692800,69086.62
1730696400,68761.82
1730700000,69075.41
1730703600,68588.91
1730707200,68641.27
1730710800,68552.90
1730714400,68799.52
1730718000,68754.67
1730721600,68926.89
1730725200,68668.50
1730728800,68279.77
1730732400,68648.66
1730736000,67607.92
1730739600,67803.48
1730743200,67628.31
1730746800,67844.42
1730750400,67363.51
1730754000,67011.70
1730757600,68049.77
1730761200,67779.88
1730764800,67985.45
1730768400,67972.80
1730772000,67814.20
1730775600,68123.34
1730779200,68300.73
1730782800,68689.31
1730786400,68759.68
1730790000,68850.98
1730793600,68952.45
1730797200,68790.30
1730800800,68721.16
1730804400,68787.56
1730808000,68845.53
1730811600,68804.96
1730815200,69984.84
1730818800,69542.45
1730822400,70156.02
1730826000,70016.52
1730829600,70200.20
1730833200,68814.11
1730836800,69473.16
1730840400,69221.02
1730844000,69517.21
1730847600,69363.70
1730851200,71174.87
1730854800,71218.74
1730858400,73187.18
1730862000,74278.59
1730865600,74526.95
1730869200,74801.64
1730872800,74418.66
1730876400,73337.49
1730880000,73466.42
1730883600,73810.64
1730887200,73864.57
1730890800,74315.27
1730894400,74225.68
1730898000,74005.41
1730901600,73571.29
1730905200,74490.74
1730908800,74321.58
1730912400,74501.41
1730916000,75264.38
1730919600,75856.94
1730923200,76287.87
1730926800,75905.02
1730930400,75694.83
1730934000,75637.09
1730937600,75364.37
1730941200,75395.35
1730944800,75216.70
1730948400,75094.05
1730952000,74733.78
1730955600,74786.58
1730959200,74781.27
1730962800,74823.67
1730966400,75120.15
1730970000,74976.78
1730973600,74993.05
1730977200,74764.49
1730980800,75005.44
1730984400,74687.22
1730988000,74856.18
1730991600,75996.97
1730995200,75991.24
1730998800,76416.41
1731002400,76615.94
1731006000,76547.32
1731009600,76585.32
1731013200,75953.73
1731016800,75863.45
1731020400,75902.84
1731024000,76078.27
1731027600,76024.69
1731031200,75751.40
1731034800,75933.51
1731038400,75899.48
1731042000,76027.52
1731045600,75911.32
1731049200,76244.88
1731052800,75888.55
1731056400,76065.31
1731060000,76345.45
1731063600,76064.04
1731067200,76145.41
1731070800,76319.24
1731074400,75779.34
1731078000,76407.41
1731081600,75969.91
1731085200,76499.22
1731088800,76855.35
1731092400,77094.27
1731096000,76637.36
1731099600,76506.55
1731103200,76384.38
1731106800,76556.19
1731110400,76443.53
1731114000,76345.20
1731117600,76456.76
1731121200,76361.02
1731124800,76408.52
1731128400,76588.72
1731132000,76570.02
1731135600,76537.02
1731139200,76570.86
1731142800,76594.69
1731146400,76511.02
1731150000,76522.48
1731153600,76343.70
1731157200,76452.12
1731160800,76395.70
1731164400,76344.36
1731168000,76119.27
1731171600,76237.03
1731175200,76391.33
1731178800,76232.52
1731182400,76335.49
1731186000,76470.55
1731189600,76583.18
1731193200,76778.87
1731196800,77070.53
1731200400,76732.17
1731204000,77106.86
1731207600,77263.35
1731211200,79157.38
1731214800,79169.45
1731218400,78890.33
1731222000,78880.92
1731225600,79111.48
1731229200,79435.01
1731232800,79570.19
1731236400,79992.62
1731240000,79643.51
1731243600,79799.02
1731247200,79625.88
1731250800,79729.94
1731254400,79785.54
1731258000,80568.30
1731261600,80676.73
1731265200,79661.72
1731268800,79063.09
1731272400,79865.47
1731276000,80700.90
1731279600,80470.53
1731283200,80502.73
1731286800,81242.62
1731290400,81449.68
1731294000,81728.21
1731297600,81515.37
1731301200,80610.66
1731304800,80986.05
1731308400,81235.98
1731312000,81348.16
1731315600,81773.99
1731319200,82024.10
1731322800,82235.57
1731326400,82289.16
1731330000,81910.90
1731333600,82513.70
1731337200,84177.41
1731340800,84298.70
1731344400,84757.25
1731348000,85812.25
1731351600,86267.76
1731355200,86909.99
1731358800,87888.33
1731362400,87984.64
1731366000,88705.56
1731369600,88850.48
1731373200,88529.46
1731376800,87685.91
1731380400,88187.20
1731384000,88571.76
1731387600,88462.73
1731391200,89601.89
1731394800,89142.80
1731398400,89292.75
1731402000,87860.55
1731405600,87000.16
1731409200,87260.43
1731412800,86510.62
1731416400,86390.02
1731420000,87062.66
1731423600,86629.59
1731427200,87119.34
1731430800,86998.67
1731434400,88985.87
1731438000,88885.90
1731441600,89752.16
1731445200,88275.41
1731448800,88638.48
1731452400,87929.97
1731456000,88143.70
1731459600,88322.93
1731463200,87956.98
1731466800,87240.86
1731470400,87237.55
1731474000,86676.67
1731477600,86585.63
1731481200,87446.28
1731484800,87323.66
1731488400,87521.82
1731492000,87638.53
1731495600,87795.00
1731499200,87822.78
1731502800,89200.83
1731506400,91753.94
1731510000,92732.43
1731513600,92446.69
1731517200,92204.02
1731520800,92864.61
1731524400,90493.64
1731528000,89622.97
1731531600,88711.71
1731535200,89741.17
1731538800,90574.88
1731542400,90232.95
1731546000,90343.34
1731549600,90080.38
1731553200,90014.66
1731556800,90139.92
1731560400,89972.66
1731564000,89358.33
1731567600,90853.98
1731571200,90648.89
1731574800,90928.46
1731578400,91087.59
1731582000,91576.55
1731585600,91312.67
1731589200,90742.62
1731592800,89179.04
1731596400,88157.98
1731600000,89093.88
1731603600,89237.53
1731607200,89114.80
1731610800,89422.86
1731614400,87757.32
1731618000,88215.53
1731621600,87659.77
1731625200,87328.89
1731628800,87961.60
1731632400,88107.89
1731636000,88388.27
1731639600,88270.43
1731643200,87448.26
1731646800,87747.34
1731650400,88181.28
1731654000,87681.15
1731657600,88167.49
1731661200,89225.28
1731664800,89382.27
1731668400,89735.94
1731672000,89775.36
1731675600,90237.77
1731679200,89006.34
1731682800,88353.38
1731686400,89286.07
1731690000,89510.29
1731693600,89296.07
1731697200,90370.23
1731700800,91332.09
1731704400,91668.02
1731708000,91243.00
1731711600,91061.09
1731715200,91012.63
1731718800,91291.33
1731722400,91481.84
1731726000,91319.71
1731729600,91305.48
1731733200,91360.55
1731736800,91222.02
1731740400,91149.41
1731744000,91382.98
1731747600,91309.02
1731751200,91427.29
1731754800,91178.33
1731758400,90913.25
1731762000,90703.90
1731765600,91006.03
1731769200,90437.72
1731772800,90661.84
1731776400,90937.36
1731780000,91335.23
1731783600,91107.18
1731787200,90748.39
1731790800,91063.28
1731794400,90513.73
1731798000,90558.46
1731801600,90834.37
1731805200,90226.35
1731808800,90127.90
1731812400,90227.69
1731816000,90362.36
1731819600,90511.59
1731823200,90625.49
1731826800,90497.28
1731830400,91022.78
1731834000,91311.23
1731837600,91041.99
1731841200,90741.27
1731844800,91054.84
1731848400,90489.61
1731852000,90284.38
1731855600,90296.16
1731859200,90479.14
1731862800,90550.95
1731866400,89969.66
1731870000,90099.45
1731873600,89640.95
1731877200,89254.99
1731880800,89478.59
1731884400,89834.99
1731888000,89955.66
1731891600,90840.91
1731895200,90526.91
1731898800,90641.97
1731902400,90513.55
1731906000,90598.77
1731909600,91680.24
1731913200,91782.03
1731916800,91797.34
1731920400,91733.41
1731924000,91785.30
1731927600,90261.92
1731931200,90603.37
1731934800,89557.69
1731938400,90159.45
1731942000,92421.39
1731945600,91503.26
1731949200,91569.43
1731952800,90389.84
1731956400,90696.54
1731960000,91381.19
1731963600,91277.83
1731967200,91253.74
1731970800,90536.81
1731974400,91157.45
1731978000,90753.38
1731981600,91259.33
1731985200,91485.16
1731988800,91507.84
1731992400,91830.37
1731996000,92012.33
1731999600,91684.14
1732003200,91797.24
1732006800,91771.57
1732010400,91809.97
1732014000,91723.12
1732017600,92473.77
1732021200,91301.68
1732024800,91960.20
1732028400,92462.52
1732032000,92640.70
1732035600,92841.44
1732039200,93813.06
1732042800,93268.93
1732046400,92515.09
1732050000,92405.70
1732053600,91893.43
1732057200,92341.89
1732060800,92202.09
1732064400,92077.57
1732068000,91871.16
1732071600,92139.66
1732075200,92236.90
1732078800,92586.66
1732082400,92450.17
1732086000,92886.48
1732089600,93264.22
1732093200,93115.11
1732096800,93364.31
1732100400,93560.18
1732104000,93723.13
1732107600,94473.81
1732111200,94693.95
1732114800,94834.27
1732118400,94164.65
1732122000,94207.82
1732125600,93707.05
1732129200,94029.72
1732132800,94206.50
1732136400,94471.41
1732140000,94248.70
1732143600,94334.64
1732147200,94799.37
1732150800,94750.66
1732154400,94457.55
1732158000,95867.97
1732161600,97537.25
1732165200,97297.77
1732168800,97019.42
1732172400,97012.15
1732176000,97119.16
1732179600,97595.45
1732183200,97689.92
1732186800,97872.55
1732190400,97415.77
1732194000,97530.68
1732197600,97053.76
1732201200,96864.77
1732204800,97180.31
1732208400,97950.42
1732212000,98331.62
1732215600,98085.38
1732219200,98163.99
1732222800,98043.90
1732226400,98431.01
1732230000,98504.77
1732233600,98053.28
1732237200,98129.51
1732240800,98637.48
1732244400,98914.41
1732248000,98833.05
1732251600,98923.04
1732255200,99049.34
1732258800,99266.82
1732262400,98944.63
1732266000,98787.54
1732269600,98477.91
1732273200,98934.25
1732276800,98713.95
1732280400,97859.91
1732284000,97309.89
1732287600,98850.87
1732291200,99081.84
1732294800,98997.24
1732298400,99163.21
1732302000,99341.77
1732305600,99331.95
1732309200,99357.59
1732312800,98765.98
1732316400,99006.74
1732320000,98789.27
1732323600,98705.91
1732327200,98577.14
1732330800,98736.02
1732334400,98681.55
1732338000,98860.98
1732341600,98823.84
1732345200,98664.10
1732348800,98546.61
1732352400,98534.33
1732356000,98537.12
1732359600,98531.65
1732363200,98660.69
1732366800,98709.14
1732370400,98870.54
1732374000,98604.27
1732377600,97816.08
1732381200,98064.32
1732384800,97927.80
1732388400,97641.56
1732392000,97772.99
1732395600,98081.40
1732399200,97755.04
1732402800,97775.20
1732406400,98033.04
1732410000,98303.59
1732413600,98508.22
1732417200,98245.76
1732420800,98286.08
1732424400,98347.06
1732428000,98458.39
1732431600,98445.47
1732435200,98171.44
1732438800,98052.17
1732442400,97820.84
1732446000,97374.97
1732449600,96905.92
1732453200,97300.73
1732456800,97145.78
1732460400,96028.06
1732464000,96427.20
1732467600,95898.31
1732471200,96557.12
1732474800,96392.08
1732478400,96827.97
1732482000,97034.54
1732485600,98020.02
1732489200,97939.48
1732492800,97907.48
1732496400,97319.92
1732500000,97455.52
1732503600,97936.99
1732507200,97887.76
1732510800,98157.21
1732514400,98210.68
1732518000,98148.80
1732521600,98337.34
1732525200,98575.95
1732528800,98412.70
1732532400,98282.95
1732536000,97965.58
1732539600,97583.14
1732543200,95947.49
1732546800,96147.07
1732550400,95982.41
1732554000,95284.46
1732557600,95037.23
1732561200,94745.85
1732564800,94901.34
1732568400,93734.88
1732572000,94318.14
1732575600,93106.54
1732579200,93992.76
1732582800,94837.57
1732586400,94596.95
1732590000,94588.50
1732593600,94320.05
1732597200,94664.56
1732600800,94544.61
1732604400,93924.35
1732608000,93018.12
1732611600,93600.04
1732615200,92436.94
1732618800,92365.70
1732622400,92183.93
1732626000,92221.99
1732629600,93397.77
1732633200,92920.99
1732636800,94103.03
1732640400,93575.21
1732644000,92647.30
1732647600,91660.56
1732651200,91222.76
1732654800,91726.80
1732658400,91836.73
1732662000,91978.14
1732665600,91911.91
1732669200,92730.79
1732672800,92922.43
1732676400,92599.05
1732680000,92533.17
1732683600,92687.12
1732687200,93105.17
1732690800,93576.77
1732694400,93413.27
1732698000,93400.01
1732701600,93864.77
1732705200,93359.95
1732708800,93459.77
1732712400,94129.95
1732716000,94927.30
1732719600,95832.71
1732723200,95773.20
1732726800,96315.77
1732730400,96240.27
1732734000,96689.26
1732737600,96485.07
1732741200,96270.61
1732744800,96220.80
1732748400,95954.95
1732752000,96560.41
1732755600,96336.30
1732759200,95767.84
1732762800,95614.30
1732766400,95804.23
1732770000,95524.55
1732773600,95553.33
1732777200,95291.25
1732780800,95463.81
1732784400,95137.52
1732788000,95065.45
1732791600,95562.94
1732795200,95558.45
1732798800,95773.12
1732802400,95512.87
1732806000,95016.07
1732809600,94956.90
1732813200,94907.70
1732816800,95298.73
1732820400,95110.20
1732824000,94818.45
1732827600,95105.95
1732831200,95601.23
1732834800,95653.95
1732838400,95524.97
1732842000,95957.34
1732845600,96761.92
1732849200,96590.64
1732852800,96295.92
1732856400,96207.48
1732860000,96255.54
1732863600,95614.84
1732867200,95990.95
1732870800,96383.08
1732874400,96851.38
1732878000,97288.28
1732881600,97003.68
1732885200,97237.32
1732888800,98034.08
1732892400,98326.85
1732896000,97904.66
1732899600,97158.43
1732903200,97246.74
1732906800,97422.59
1732910400,97427.07
1732914000,97426.91
1732917600,97341.19
1732921200,97468.81
1732924800,97065.73
1732928400,96558.27
1732932000,96644.18
1732935600,96662.00
1732939200,96715.05
1732942800,97163.59
1732946400,96668.41
1732950000,96815.06
1732953600,96978.60
1732957200,96802.26
1732960800,96193.69
1732964400,96298.20
1732968000,96572.26
1732971600,96502.94
1732975200,96505.82
1732978800,96726.08
1732982400,96973.73
1732986000,96824.35
1732989600,97039.33
1732993200,97068.00
1732996800,97020.59
1733000400,96846.08
1733004000,96491.30
1733007600,96447.59
1733011200,96381.84
1733014800,96164.38
1733018400,95813.48
1733022000,96366.04
1733025600,96508.10
1733029200,96385.78
1733032800,96412.73
1733036400,96514.13
1733040000,97098.91
1733043600,97088.38
1733047200,96860.44
1733050800,97172.45
1733054400,96880.16
1733058000,97137.69
1733061600,97352.51
1733065200,97087.52
1733068800,97213.75
1733072400,97372.16
1733076000,97200.09
1733079600,97239.43
1733083200,97123.30
1733086800,97828.07
1733090400,97644.74
1733094000,97287.14
1733097600,97538.09
1733101200,98064.91
1733104800,97713.80
1733108400,96634.70
1733112000,96750.73
1733115600,96433.84
1733119200,96380.85
1733122800,96063.98
1733126400,95142.21
1733130000,95566.48
1733133600,94943.31
1733137200,95172.48
1733140800,94986.45
1733144400,95655.45
1733148000,96318.63
1733151600,97200.32
1733155200,96286.32
1733158800,94644.83
1733162400,95722.48
1733166000,95824.23
1733169600,95673.95
1733173200,95508.45
1733176800,95399.29
1733180400,95851.27
1733184000,95861.01
1733187600,95533.28
1733191200,96027.09
1733194800,96093.35
1733198400,95928.20
1733202000,96160.88
1733205600,95617.26
1733209200,95633.77
1733212800,95499.31
1733216400,95264.63
1733220000,94784.20
1733223600,95027.15
1733227200,94876.12
1733230800,93722.09
1733234400,95243.56
1733238000,95700.99
1733241600,95196.30
1733245200,95909.50
1733248800,95540.66
1733252400,95471.60
1733256000,95660.07
1733259600,96095.20
1733263200,96192.73
1733266800,95981.70
1733270400,95804.56
1733274000,96306.55
1733277600,95859.98
1733281200,95838.09
1733284800,95961.91
1733288400,96536.62
1733292000,96575.07
1733295600,96632.04
1733299200,96774.60
1733302800,96882.91
1733306400,96534.55
1733310000,96302.87
1733313600,95990.47
1733317200,95746.69
1733320800,96093.70
1733324400,95806.62
1733328000,94992.25
1733331600,95529.89
1733335200,96276.48
1733338800,97306.42
1733342400,98956.72
1733346000,97912.99
1733349600,98403.64
1733353200,98799.39
1733356800,98409.51
1733360400,98286.73
1733364000,101363.57
1733367600,103090.04
1733371200,103298.91
1733374800,102494.74
1733378400,101970.30
1733382000,102357.42
1733385600,102967.39
1733389200,102677.77
1733392800,102365.49
1733396400,102693.48
1733400000,103109.17
1733403600,103000.08
1733407200,103500.88
1733410800,101507.07
1733414400,101192.04
1733418000,101401.80
1733421600,100236.47
1733425200,98968.91
1733428800,99133.65
1733432400,99049.80
1733436000,96600.44
1733439600,97078.98
1733443200,97571.62
1733446800,98177.72
1733450400,97539.44
1733454000,97721.82
1733457600,97918.84
1733461200,97916.49
1733464800,98088.16
1733468400,98179.06
1733472000,98464.56
1733475600,98115.73
1733479200,98220.81
1733482800,98163.04
1733486400,97706.02
1733490000,98708.97
1733493600,99509.25
1733497200,99218.05
1733500800,99142.53
1733504400,100859.00
1733508000,101608.45
1733511600,101604.49
1733515200,101312.80
1733518800,100548.52
1733522400,100643.60
1733526000,99899.79
1733529600,100458.12
1733533200,100146.20
1733536800,100088.22
1733540400,99450.85
1733544000,99701.33
1733547600,99257.57
1733551200,99451.75
1733554800,99573.95
1733558400,99581.15
1733562000,99775.02
1733565600,99632.28
1733569200,99749.38
1733572800,99495.33
1733576400,99465.41
1733580000,99601.53
1733583600,99879.10
1733587200,99665.54
1733590800,99701.89
1733594400,100199.09
1733598000,100200.84
1733601600,100350.61
1733605200,99984.52
1733608800,99823.61
1733612400,99914.66
1733616000,100046.22
1733619600,99881.25
1733623200,100175.59
1733626800,100000.23
1733630400,99876.37
1733634000,99573.45
1733637600,99739.66
1733641200,99755.31
1733644800,99118.73
1733648400,98969.91
1733652000,99359.61
1733655600,99768.34
1733659200,100008.96
1733662800,100499.56
1733666400,99849.83
1733670000,99958.71
1733673600,99902.76
1733677200,100017.30
1733680800,99814.75
1733684400,99980.48
1733688000,99893.25
1733691600,100031.83
1733695200,100297.25
1733698800,101237.06
1733702400,99684.64
1733706000,99586.07
1733709600,99267.77
1733713200,99100.39
1733716800,99437.06
1733720400,99480.22
1733724000,99137.47
1733727600,99600.89
1733731200,98909.16
1733734800,98547.47
1733738400,98716.98
1733742000,98021.96
1733745600,98543.82
1733749200,99047.05
1733752800,100322.45
1733756400,97894.14
1733760000,97865.48
1733763600,97479.34
1733767200,97931.78
1733770800,97000.07
1733774400,96149.82
1733778000,97234.97
1733781600,96997.60
1733785200,97441.23
1733788800,97888.02
1733792400,98014.24
1733796000,96904.15
1733799600,96785.58
1733803200,97073.51
1733806800,96963.79
1733810400,97448.77
1733814000,97210.41
1733817600,97476.17
1733821200,97482.48
1733824800,97677.83
1733828400,97868.92
1733832000,97112.99
1733835600,97790.68
1733839200,97690.38
1733842800,95689.05
1733846400,96407.02
1733850000,94701.48
1733853600,95101.91
1733857200,95926.38
1733860800,96556.64
1733864400,96950.09
1733868000,96944.89
1733871600,96656.06
1733875200,96456.88
1733878800,95796.85
1733882400,97243.46
1733886000,97435.22
1733889600,97580.13
1733893200,97538.71
1733896800,97709.55
1733900400,97404.83
1733904000,98134.70
1733907600,97970.67
1733911200,98239.72
1733914800,98332.57
1733918400,98300.23
1733922000,98711.08
1733925600,99579.87
1733929200,100446.09
1733932800,100658.11
1733936400,99872.26
1733940000,100471.89
1733943600,101178.05
1733947200,101283.09
1733950800,101572.51
1733954400,101337.20
1733958000,101174.00
1733961600,100834.73
1733965200,100524.66
1733968800,101795.79
1733972400,100907.51
1733976000,100717.79
1733979600,100720.03
1733983200,100586.14
1733986800,100515.90
1733990400,100995.02
1733994000,100889.00
1733997600,100653.68
1734001200,100258.77
1734004800,100869.08
1734008400,100940.18
1734012000,101569.55
1734015600,101733.71
1734019200,101539.30
1734022800,101608.11
1734026400,100893.41
1734030000,99453.18
1734033600,100040.11
1734037200,99836.77
1734040800,100437.30
1734044400,100046.65
1734048000,100088.09
1734051600,99409.57
1734055200,99432.74
1734058800,99761.95
1734062400,100022.44
1734066000,99952.45
1734069600,99790.72
1734073200,100239.66
1734076800,100261.94
1734080400,100134.34
1734084000,100528.28
1734087600,100439.92
1734091200,100237.36
1734094800,100292.16
1734098400,100988.42
1734102000,99829.97
1734105600,100872.57
1734109200,101747.49
1734112800,101558.94
1734116400,101535.58
1734120000,101673.34
1734123600,101414.65
1734127200,101312.91
1734130800,101458.15
1734134400,101250.70
1734138000,102189.34
1734141600,102013.28
1734145200,102116.70
1734148800,101701.80
1734152400,101694.30
1734156000,101900.94
1734159600,101858.43
1734163200,101819.32
1734166800,101550.10
1734170400,101542.62
1734174000,101573.11
1734177600,101277.44
1734181200,101144.19
1734184800,101437.20
1734188400,101604.93
1734192000,101609.36
1734195600,100971.71
1734199200,100881.72
1734202800,101299.34
1734206400,100705.84
1734210000,101064.05
1734213600,101145.03
1734217200,101373.53
1734220800,101416.49
1734224400,102096.84
1734228000,101820.16
1734231600,101733.48
1734235200,102280.88
1734238800,102122.41
1734242400,101759.65
1734246000,101703.46
1734249600,101955.54
1734253200,102196.34
1734256800,102278.93
1734260400,102617.54
1734264000,102895.62
1734267600,102777.79
1734271200,102919.48
1734274800,102737.53
1734278400,102992.46
1734282000,103108.05
1734285600,103142.15
1734289200,103219.86
1734292800,103095.06
1734296400,102831.09
1734300000,103250.23
1734303600,104318.02
1734307200,105334.12
1734310800,105451.38
1734314400,104547.01
1734318000,104537.19
1734321600,104601.72
1734325200,104956.61
1734328800,105058.69
1734332400,104953.83
1734336000,104525.90
1734339600,104695.84
1734343200,104610.95
1734346800,103686.06
1734350400,103574.98
1734354000,103855.03
1734357600,105328.87
1734361200,106309.84
1734364800,106910.18
1734368400,107071.74
1734372000,106999.62
1734375600,106599.19
1734379200,105974.57
1734382800,106122.52
1734386400,105767.98
1734390000,106030.69
1734393600,106026.12
1734397200,106380.26
1734400800,106242.25
1734404400,106841.93
1734408000,106508.47
1734411600,106778.23
1734415200,106528.90
1734418800,106803.80
1734422400,107440.22
1734426000,107257.20
1734429600,107157.48
1734433200,106873.12
1734436800,107145.60
1734440400,107200.02
1734444000,108240.09
1734447600,106493.29
1734451200,106877.56
1734454800,107441.66
1734458400,106514.56
1734462000,106493.69
1734465600,106806.46
1734469200,106400.18
1734472800,105986.77
1734476400,106131.66
1734480000,106101.54
1734483600,105167.97
1734487200,105335.08
1734490800,104799.59
1734494400,103833.34
1734498000,103497.32
1734501600,103729.61
1734505200,104276.65
1734508800,103773.17
1734512400,104034.92
1734516000,104528.49
1734519600,104956.85
1734523200,104976.46
1734526800,104617.97
1734530400,103974.03
1734534000,104429.94
1734537600,104087.02
1734541200,104609.51
1734544800,104766.21
1734548400,102911.77
1734552000,100943.16
1734555600,101174.34
1734559200,101129.43
1734562800,100161.50
1734566400,100699.55
1734570000,99621.73
1734573600,100348.52
1734577200,101162.64
1734580800,100648.52
1734584400,101283.84
1734588000,101211.91
1734591600,101643.80
1734595200,101662.02
1734598800,101741.25
1734602400,102407.19
1734606000,102382.00
1734609600,101890.12
1734613200,101841.12
1734616800,100981.97
1734620400,100578.98
1734624000,100589.48
1734627600,98771.20
1734631200,98726.19
1734634800,97021.62
1734638400,96493.32
1734642000,97555.31
1734645600,98090.48
1734649200,97484.70
1734652800,97219.48
1734656400,96129.66
1734660000,97530.27
1734663600,97039.40
1734667200,97262.35
1734670800,96742.26
1734674400,96709.35
1734678000,97652.22
1734681600,95282.30
1734685200,94781.20
1734688800,94313.10
1734692400,92832.45
1734696000,93711.32
1734699600,95229.90
1734703200,95716.87
1734706800,97001.70
1734710400,96612.01
1734714000,97331.61
1734717600,97119.38
1734721200,97161.42
1734724800,96626.68
1734728400,96542.80
1734732000,97445.73
1734735600,97755.96
1734739200,97561.80
1734742800,97374.87
1734746400,97374.91
1734750000,97390.91
1734753600,97546.59
1734757200,98605.55
1734760800,98657.11
1734764400,99128.13
1734768000,98660.01
1734771600,98532.46
1734775200,98080.02
1734778800,98256.26
1734782400,97148.40
1734786000,97395.73
1734789600,97092.17
1734793200,97483.15
1734796800,97301.40
1734800400,97606.64
1734804000,97361.88
1734807600,97210.12
1734811200,97419.59
1734814800,96963.70
1734818400,97079.52
1734822000,97218.32
1734825600,97128.98
1734829200,97055.90
1734832800,96590.30
1734836400,96900.41
1734840000,96305.83
1734843600,96184.84
1734847200,96656.73
1734850800,96071.20
1734854400,96483.87
1734858000,96907.09
1734861600,96989.50
1734865200,97111.20
1734868800,96978.69
1734872400,96923.38
1734876000,95392.30
1734879600,95317.77
1734883200,95576.96
1734886800,95511.18
1734890400,95957.12
1734894000,94692.02
1734897600,95409.58
1734901200,95135.46
1734904800,95361.20
1734908400,95099.39
1734912000,94325.00
1734915600,94514.59
1734919200,94617.15
1734922800,95884.32
1734926400,95750.30
1734930000,95477.49
1734933600,94761.40
1734937200,95319.12
1734940800,95446.59
1734944400,95933.56
1734948000,96335.53
1734951600,95803.39
1734955200,96208.74
1734958800,94802.40
1734962400,94145.84
1734966000,93052.27
1734969600,93785.26
1734973200,93362.44
1734976800,92694.59
1734980400,92888.64
1734984000,93287.33
1734987600,93904.05
1734991200,94833.25
1734994800,94687.77
1734998400,94474.10
1735002000,94006.35
1735005600,93708.85
1735009200,94194.88
1735012800,94247.78
1735016400,94485.34
1735020000,93730.85
1735023600,94101.38
1735027200,94402.77
1735030800,94004.37
1735034400,93879.95
1735038000,94242.56
1735041600,94127.71
1735045200,95868.84
1735048800,97391.59
1735052400,98102.62
1735056000,98536.81
1735059600,98449.34
1735063200,98556.18
1735066800,97628.26
1735070400,97266.27
1735074000,98341.73
1735077600,98769.41
1735081200,98706.68
1735084800,98493.61
1735088400,97955.34
1735092000,98098.77
1735095600,97958.64
1735099200,98185.12
1735102800,98215.69
1735106400,97876.97
1735110000,98004.63
1735113600,97942.52
1735117200,98066.67
1735120800,98327.66
1735124400,97980.22
1735128000,98083.48
1735131600,98375.52
1735135200,98576.47
1735138800,98487.39
1735142400,98357.98
1735146000,98454.72
1735149600,98648.57
1735153200,98944.25
1735156800,99094.68
1735160400,98356.63
1735164000,98752.22
1735167600,99297.70
1735171200,98952.81
1735174800,99021.83
1735178400,98645.12
1735182000,98912.04
1735185600,98231.70
1735189200,98308.05
1735192800,98036.56
1735196400,97768.90
1735200000,95807.02
1735203600,95337.35
1735207200,95393.01
1735210800,95585.23
1735214400,95544.48
1735218000,95583.13
1735221600,95217.55
1735225200,95962.59
1735228800,96503.67
1735232400,95737.63
1735236000,95614.91
1735239600,96027.94
1735243200,95733.61
1735246800,95702.82
1735250400,95797.52
1735254000,95698.52
1735257600,95714.92
1735261200,95773.01
1735264800,95864.50
1735268400,96258.85
1735272000,96159.77
1735275600,96146.44
1735279200,96447.82
1735282800,94899.27
1735286400,95633.10
1735290000,96662.09
1735293600,96486.51
1735297200,96820.02
1735300800,96555.79
1735304400,96296.07
1735308000,95551.96
1735311600,94421.14
1735315200,94008.12
1735318800,94109.38
1735322400,94453.73
1735326000,94574.62
1735329600,94390.98
1735333200,94366.64
1735336800,94292.26
1735340400,94158.90
1735344000,94252.87
1735347600,94391.86
1735351200,94216.09
1735354800,94440.60
1735358400,94381.33
1735362000,94461.41
1735365600,94309.48
1735369200,94224.50
1735372800,94318.75
1735376400,94483.52
1735380000,94487.06
1735383600,94609.91
1735387200,94467.52
1735390800,94529.18
1735394400,94401.09
1735398000,94241.26
1735401600,94688.13
1735405200,94872.33
1735408800,94700.83
1735412400,94848.06
1735416000,94897.80
1735419600,94958.92
1735423200,95213.51
1735426800,95204.76
1735430400,94961.12
1735434000,94701.89
1735437600,94960.44
1735441200,95004.20
1735444800,94921.11
1735448400,94965.62
1735452000,95013.55
1735455600,95092.48
1735459200,94966.43
1735462800,95024.65
1735466400,95006.73
1735470000,94883.39
1735473600,94773.74
1735477200,94759.09
1735480800,94491.09
1735484400,94436.56
1735488000,93723.65
1735491600,93793.10
1735495200,93515.29
1735498800,93458.66
1735502400,93662.45
1735506000,93259.50
1735509600,92963.80
1735513200,93527.20
1735516800,93357.87
1735520400,93732.52
1735524000,93692.29
1735527600,93487.31
1735531200,93116.10
1735534800,93339.48
1735538400,93666.20
1735542000,93569.62
1735545600,93711.99
1735549200,93708.51
1735552800,93651.75
1735556400,93741.49
1735560000,93618.26
1735563600,92457.23
1735567200,91863.74
1735570800,91911.45
1735574400,91917.96
1735578000,93578.20
1735581600,94442.63
1735585200,94291.05
1735588800,94189.80
1735592400,92078.10
1735596000,92658.45
1735599600,92642.41
1735603200,92269.56
1735606800,92234.16
1735610400,92350.89
1735614000,92352.62
1735617600,92304.93
1735621200,92468.92
1735624800,92640.70
1735628400,92738.18
1735632000,93845.25
1735635600,93854.23
1735639200,93981.19
1735642800,94083.51
1735646400,94414.59
1735650000,95458.95
1735653600,95560.61
1735657200,95301.51
1735660800,94695.70
1735664400,93978.90
1735668000,93758.20
1735671600,93972.99
1735675200,93337.49
1735678800,93746.24
1735682400,93254.06
1735686000,93425.10
1735689600,94256.05
1735693200,93429.91
1735696800,93849.25
1735700400,93614.74
1735704000,93465.99
1735707600,93588.91
1735711200,93526.90
1735714800,93509.32
1735718400,93259.99
1735722000,93202.76
1735725600,93111.77
1735729200,93267.12
1735732800,93618.37
1735736400,93785.86
1735740000,93964.80
1735743600,94211.06
1735747200,93863.23
1735750800,93914.92
1735754400,94121.23
1735758000,94427.88
1735761600,94603.49
1735765200,94691.77
1735768800,94622.27
1735772400,94416.29
1735776000,94888.75
1735779600,94690.98
1735783200,94989.60
1735786800,94851.81
1735790400,95519.77
1735794000,95406.14
1735797600,95419.86
1735801200,95696.81
1735804800,96006.98
1735808400,96575.53
1735812000,96609.04
1735815600,96619.88
1735819200,96775.16
1735822800,96568.43
1735830000,96414.73
1735833600,97162.82
1735837200,96535.56
1735840800,97160.09
1735844400,97246.36
1735848000,97290.29
1735851600,97119.18
1735855200,96845.93
1735858800,96876.24
1735862400,96764.82
1735866000,96892.86
1735869600,96938.01
1735873200,96948.35
1735876800,96724.88
1735880400,96672.33
1735884000,96498.98
1735887600,96270.57
1735891200,96057.69
1735894800,96527.80
1735898400,96425.11
1735902000,96720.28
1735905600,96602.80
1735909200,96469.64
1735912800,96973.12
1735916400,97528.33
1735920000,97813.88
1735923600,97985.18
1735927200,98460.97
1735930800,98535.62
1735934400,98351.06
1735938000,98252.52
1735941600,98270.50
1735945200,98116.23
1735948800,97915.70
1735952400,98001.75
1735956000,98221.45
1735959600,98197.26
1735963200,97940.38
1735966800,98099.11
1735970400,98086.85
1735974000,98209.87
1735977600,97913.05
1735981200,97653.55
1735984800,97761.04
1735988400,97864.30
1735992000,97855.61
1735995600,97961.48
1735999200,98025.88
1736002800,97659.48
1736006400,97690.08
1736010000,98029.88
1736013600,97937.87
1736017200,98186.70
1736020800,98584.47
1736024400,98341.53
1736028000,98446.54
1736031600,98236.74
1736035200,98221.91
1736038800,98077.84
1736042400,98186.05
1736046000,98134.30
1736049600,98332.76
1736053200,98339.25
1736056800,98445.27
1736060400,98270.06
1736064000,97807.65
1736067600,97675.57
1736071200,97706.41
1736074800,97628.16
1736078400,97807.70
1736082000,97708.75
1736085600,97835.70
1736089200,98006.15
1736092800,98010.08
1736096400,97690.55
1736100000,97899.23
1736103600,98029.26
1736107200,98235.41
1736110800,98501.03
1736114400,98661.17
1736118000,98319.66
1736121600,98218.19
1736125200,98650.72
1736128800,98780.54
1736132400,99005.16
1736136000,99435.41
1736139600,99609.35
1736143200,99537.57
1736146800,99292.62
1736150400,99060.22
1736154000,98956.34
1736157600,98721.34
1736161200,99218.11
1736164800,99127.05
1736168400,99478.17
1736172000,100921.55
1736175600,102174.23
1736179200,102157.24
1736182800,101832.23
1736186400,101884.00
1736190000,101854.24
1736193600,102102.73
1736197200,101639.06
1736200800,102077.37
1736204400,102255.22
1736208000,102081.64
1736211600,101947.42
1736215200,101724.95
1736218800,101742.04
1736222400,101742.27
1736226000,101750.33
1736229600,101826.76
1736233200,101686.38
1736236800,101906.23
1736240400,101755.05
1736244000,101430.98
1736247600,100897.82
1736251200,100747.62
1736254800,100655.07
1736258400,99929.65
1736262000,97960.39
1736265600,97800.84
1736269200,97262.22
1736272800,96701.29
1736276400,96496.67
1736280000,96440.13
1736283600,96613.10
1736287200,97092.27
1736290800,96936.19
1736294400,97216.32
1736298000,96858.09
1736301600,96920.13
1736305200,96480.57
1736308800,96214.90
1736312400,96483.86
1736316000,95294.07
1736319600,95692.39
1736323200,95939.73
1736326800,95549.52
1736330400,95919.73
1736334000,95161.72
1736337600,94857.25
1736341200,95385.06
1736344800,95245.23
1736348400,95359.90
1736352000,94741.96
1736355600,93927.95
1736359200,94212.68
1736362800,94258.36
1736366400,93937.09
1736370000,94468.34
1736373600,95233.44
1736377200,95043.48
1736380800,95094.16
1736384400,94951.86
1736388000,94650.48
1736391600,94026.61
1736395200,94443.27
1736398800,94431.60
1736402400,94059.27
1736406000,93219.72
1736409600,92945.71
1736413200,93497.99
1736416800,93391.91
1736420400,93409.71
1736424000,93349.70
1736427600,92103.41
1736431200,92699.45
1736434800,94250.75
1736438400,94192.74
1736442000,92792.54
1736445600,93066.91
1736449200,92068.38
1736452800,92116.29
1736456400,92068.66
1736460000,92511.66
1736463600,92480.14
1736467200,92773.16
1736470800,93083.65
1736474400,93378.05
1736478000,93696.38
1736481600,93791.88
1736485200,93934.23
1736488800,94279.78
1736492400,94527.30
1736496000,94676.39
1736499600,94794.05
1736503200,95208.70
1736506800,94957.40
1736510400,95039.09
1736514000,93644.75
1736517600,94111.41
1736521200,93852.59
1736524800,93699.99
1736528400,95742.30
1736532000,94941.74
1736535600,95342.27
1736539200,94811.14
1736542800,94697.41
1736546400,94735.59
1736550000,94701.45
1736553600,94566.56
1736557200,94406.31
1736560800,94430.20
1736564400,94167.42
1736568000,94029.14
1736571600,94336.76
1736575200,94248.01
1736578800,94189.19
1736582400,94083.28
1736586000,94289.34
1736589600,94446.03
1736593200,94586.98
1736596800,94526.44
1736600400,94375.65
1736604000,94590.22
1736607600,94373.16
1736611200,94431.81
1736614800,94073.33
1736618400,94230.24
1736622000,94193.12
1736625600,94557.98
1736629200,94906.08
1736632800,94617.94
1736636400,94555.15
1736640000,94400.30
1736643600,94477.61
1736647200,94572.55
1736650800,94566.05
1736654400,94501.16
1736658000,94512.98
1736661600,94363.84
1736665200,94265.03
1736668800,94112.20
1736672400,93860.25
1736676000,93955.01
1736679600,94231.12
1736683200,94290.54
1736686800,94618.09
1736690400,94741.98
1736694000,95017.21
1736697600,94991.10
1736701200,95113.62
1736704800,94935.62
1736708400,94604.16
1736712000,94628.98
1736715600,94294.03
1736719200,93840.34
1736722800,94488.89
1736726400,95349.04
1736730000,94184.20
1736733600,94167.98
1736737200,94130.37
1736740800,94495.40
1736744400,94143.52
1736748000,93541.05
1736751600,93547.88
1736755200,92975.27
1736758800,92846.87
1736762400,91626.85
1736766000,90930.45
1736769600,90764.22
1736773200,91013.59
1736776800,91915.48
1736780400,92209.29
1736784000,91279.71
1736787600,91897.01
1736791200,92106.47
1736794800,92248.50
1736798400,93656.79
1736802000,94160.92
1736805600,94269.10
1736809200,94519.01
1736812800,94445.85
1736816400,94783.37
1736820000,94902.92
1736823600,94827.80
1736827200,95077.16
1736830800,94867.03
1736834400,94934.45
1736838000,94863.59
1736841600,95488.56
1736845200,97101.98
1736848800,96602.59
1736852400,96520.75
1736856000,96008.73
1736859600,96304.81
1736863200,96163.87
1736866800,96567.40
1736870400,95719.72
1736874000,96374.92
1736877600,96775.80
1736881200,96489.52
1736884800,96357.70
1736888400,96388.63
1736892000,96697.16
1736895600,96539.68
1736899200,96883.20
1736902800,97411.42
1736906400,96837.91
1736910000,97264.48
1736913600,97147.44
1736917200,96982.82
1736920800,97049.90
1736924400,97255.41
1736928000,97187.83
1736931600,96771.42
1736935200,96868.62
1736938800,96696.96
1736942400,96880.18
1736946000,98893.39
1736949600,99493.66
1736953200,99209.42
1736956800,99035.37
1736960400,98652.55
1736964000,99386.25
1736967600,99854.84
1736971200,99537.14
1736974800,99648.23
1736978400,99742.40
1736982000,100507.03
1736985600,99857.67
1736989200,100086.23
1736992800,99612.59
1736996400,99471.20
1737000000,99571.52
1737003600,99376.86
1737007200,99765.15
1737010800,99728.88
1737014400,98934.17
1737018000,99113.09
1737021600,99205.44
1737025200,99184.44
1737028800,99370.45
1737032400,99055.83
1737036000,97605.29
1737039600,99146.98
1737043200,99314.10
1737046800,99938.90
1737050400,99542.27
1737054000,100412.47
1737057600,100488.18
1737061200,100133.76
1737064800,99739.23
1737068400,99999.57
1737072000,100122.98
1737075600,101656.50
1737079200,101033.92
1737082800,101007.40
1737086400,101343.46
1737090000,101316.02
1737093600,101341.06
1737097200,101450.94
1737100800,102112.85
1737104400,101795.07
1737108000,102268.83
1737111600,102235.34
1737115200,102739.98
1737118800,102440.09
1737122400,103226.09
1737126000,103926.44
1737129600,104966.40
1737133200,104122.97
1737136800,104857.48
1737140400,105844.76
1737144000,104661.84
1737147600,104668.98
1737151200,104451.50
1737154800,104124.95
1737158400,104600.20
1737162000,104273.70
1737165600,104288.03
1737169200,103564.01
1737172800,103510.85
1737176400,102874.64
1737180000,103429.62
1737183600,102774.02
1737187200,103208.45
1737190800,103099.07
1737194400,103186.34
1737198000,103525.59
1737201600,103442.32
1737205200,104212.42
1737208800,103957.78
1737212400,104723.70
1737216000,103278.83
1737219600,103801.17
1737223200,104006.52
1737226800,104281.59
1737230400,103881.62
1737234000,103785.00
1737237600,104181.18
1737241200,104410.74
1737244800,104068.33
1737248400,104391.56
1737252000,104780.17
1737255600,104940.76
1737259200,104875.01
1737262800,104976.90
1737266400,105367.30
1737270000,105045.54
1737273600,104229.42
1737277200,105110.12
1737280800,104700.59
1737284400,104220.94
1737288000,104803.85
1737291600,104919.74
1737295200,105025.31
1737298800,104767.34
1737302400,104825.38
1737306000,104944.19
1737309600,104838.55
1737313200,105955.20
1737316800,106209.32
1737320400,103580.72
1737324000,103094.63
1737327600,101083.75
1737331200,99771.75
1737334800,100463.08
1737338400,101797.66
1737342000,101674.66
1737345600,102159.34
1737349200,102232.46
1737352800,107157.21
1737356400,107023.79
1737360000,108181.09
1737363600,108018.80
1737367200,107810.41
1737370800,108097.44
1737374400,106841.95
1737378000,107791.05
1737381600,107769.45
1737385200,104849.10
1737388800,106671.54
1737392400,102875.95
1737396000,104016.88
1737399600,103685.23
1737403200,103739.00
1737406800,102695.25
1737410400,103548.73
1737414000,102052.58
1737417600,101252.34
1737421200,101432.72
1737424800,102435.65
1737428400,102892.57
1737432000,102118.53
1737435600,101279.37
1737439200,101962.83
1737442800,101834.88
1737446400,102272.61
1737450000,102555.80
1737453600,103060.05
1737457200,103665.42
1737460800,104366.02
1737464400,104327.24
1737468000,102967.67
1737471600,103862.48
1737475200,104911.26
1737478800,106106.23
1737482400,106913.40
1737486000,107096.11
1737489600,106168.48
1737493200,106760.96
1737496800,106036.78
1737500400,106136.38
1737504000,105926.64
1737507600,105727.66
1737511200,105728.47
1737514800,105647.40
1737518400,105484.15
1737522000,105703.95
1737525600,105364.16
1737529200,105113.15
1737532800,105247.27
1737536400,104958.33
1737540000,105086.23
1737543600,105291.17
1737547200,105309.30
1737550800,104068.54
1737554400,104500.13
1737558000,104398.23
1737561600,103699.27
1737565200,104290.57
1737568800,103921.26
1737572400,104611.34
1737576000,104391.62
1737579600,104071.30
1737583200,104029.34
1737586800,103670.31
1737590400,103312.18
1737594000,102839.57
1737597600,102645.41
1737601200,102320.22
1737604800,102008.60
1737608400,102386.55
1737612000,102205.68
1737615600,102654.49
1737619200,102169.45
1737622800,101663.45
1737626400,101611.20
1737630000,101931.97
1737633600,101606.22
1737637200,102563.70
1737640800,104813.50
1737644400,105050.22
1737648000,105175.95
1737651600,105912.91
1737655200,105548.78
1737658800,103811.00
1737662400,103547.24
1737666000,103189.12
1737669600,103909.81
1737673200,103956.52
1737676800,103470.09
1737680400,103118.18
1737684000,103023.95
1737687600,103895.84
1737691200,104653.60
1737694800,105206.69
1737698400,104950.78
1737702000,105000.68
1737705600,105499.27
1737709200,105152.52
1737712800,105372.92
1737716400,105441.67
1737720000,105486.23
1737723600,105135.94
1737727200,105850.41
1737730800,105906.90
1737734400,105790.49
1737738000,106437.45
1737741600,106176.88
1737745200,105853.03
1737748800,105250.43
1737752400,105082.62
1737756000,104861.65
1737759600,104819.48
1737763200,104415.69
1737766800,104719.09
1737770400,104501.38
1737774000,105169.00
1737777600,104632.55
1737781200,104305.54
1737784800,104270.45
1737788400,104345.33
1737792000,104281.88
1737795600,104350.60
1737799200,104531.29
1737802800,104650.49
1737806400,104729.06
1737810000,104694.34
1737813600,104585.80
1737817200,104913.48
1737820800,104629.88
1737824400,104777.15
1737828000,104942.30
1737831600,105052.14
1737835200,104953.76
1737838800,105077.09
1737842400,105068.95
1737846000,104696.20
1737849600,104586.59
1737853200,104597.06
1737856800,104630.68
1737860400,104985.09
1737864000,105147.51
1737867600,105078.93
1737871200,104961.40
1737874800,104971.08
1737878400,105010.66
1737882000,104611.77
1737885600,104662.75
1737889200,104809.24
1737892800,104828.27
1737896400,104940.76
1737900000,104949.39
1737903600,104976.48
1737907200,104933.89
1737910800,104960.42
1737914400,105129.77
1737918000,105065.93
1737921600,104905.52
1737925200,104713.56
1737928800,104312.36
1737932400,102682.50
1737936000,101615.48
1737939600,101345.82
1737943200,100905.17
1737946800,101343.93
1737950400,100370.75
1737954000,100339.55
1737957600,98859.17
1737961200,99010.27
1737964800,98964.07
1737968400,99352.88
1737972000,98325.73
1737975600,98816.92
1737979200,100622.76
1737982800,100558.46
1737986400,102057.05
1737990000,101333.48
1737993600,99639.59
1737997200,99204.65
1738000800,99047.52
1738004400,99603.04
1738008000,101646.88
1738011600,101373.22
1738015200,101685.49
1738018800,102092.17
1738022400,101935.22
1738026000,101472.61
1738029600,102319.28
1738033200,102624.16
1738036800,102930.10
1738040400,102981.29
1738044000,102746.09
1738047600,102731.33
1738051200,102807.88
1738054800,102897.96
1738058400,102726.80
1738062000,102774.96
1738065600,102579.81
1738069200,102597.10
1738072800,102725.49
1738076400,102661.82
1738080000,102166.45
1738083600,102669.59
1738087200,102183.15
1738090800,102446.23
1738094400,101185.91
1738098000,100285.88
1738101600,101137.12
1738105200,101327.41
1738108800,101642.27
1738112400,101779.86
1738116000,101733.28
1738119600,102027.85
1738123200,101973.09
1738126800,102202.08
1738130400,102702.55
1738134000,102663.05
1738137600,102675.33
1738141200,102304.07
1738144800,102509.93
1738148400,102541.50
1738152000,102202.76
1738155600,101741.51
1738159200,102004.39
1738162800,101957.06
1738166400,101994.89
1738170000,102530.14
1738173600,102956.61
1738177200,103615.12
1738180800,104304.02
1738184400,103826.35
1738188000,103569.09
1738191600,103736.01
1738195200,104037.98
1738198800,104262.98
1738202400,104486.07
1738206000,105099.74
1738209600,105505.59
1738213200,105311.16
1738216800,105186.69
1738220400,105124.46
1738224000,105115.92
1738227600,105445.70
1738231200,105312.27
1738234800,105330.85
1738238400,105043.57
1738242000,104866.68
1738245600,105820.55
1738249200,105574.79
1738252800,105770.91
1738256400,105281.77
1738260000,105560.48
1738263600,105766.17
1738267200,105103.59
1738270800,105093.71
1738274400,105096.41
1738278000,104739.05
1738281600,104893.09
1738285200,104733.45
1738288800,104419.28
1738292400,104320.01
1738296000,104002.55
1738299600,104267.21
1738303200,104517.73
1738306800,104223.88
1738310400,104056.55
1738314000,104220.05
1738317600,104293.48
1738321200,104751.85
1738324800,104692.05
1738328400,104618.09
1738332000,104414.38
1738335600,105502.82
1738339200,105050.84
1738342800,104669.66
1738346400,102670.09
1738350000,102305.52
1738353600,101603.88
1738357200,102110.60
1738360800,102198.47
1738364400,102404.50
1738368000,102466.01
1738371600,102553.60
1738375200,102448.18
1738378800,102246.77
1738382400,102313.74
1738386000,102484.05
1738389600,102383.10
1738393200,102166.99
1738396800,102008.09
1738400400,101613.18
1738404000,101645.84
1738407600,101978.84
1738411200,102264.28
1738414800,101830.94
1738418400,101817.04
1738422000,102069.80
1738425600,101868.68
1738429200,102238.73
1738432800,101987.94
1738436400,101632.17
1738440000,101377.69
1738443600,101292.29
1738447200,100604.02
1738450800,100661.54
1738454400,101240.39
1738458000,101233.12
1738461600,100527.88
1738465200,99195.28
1738468800,99591.56
1738472400,100304.87
1738476000,100268.38
1738479600,99687.97
1738483200,99820.59
1738486800,99655.76
1738490400,99389.65
1738494000,98986.85
1738497600,98228.62
1738501200,98749.20
1738504800,99215.03
1738508400,99272.99
1738512000,98135.94
1738515600,97080.88
1738519200,96952.51
1738522800,98197.55
1738526400,97771.31
1738530000,96831.40
1738533600,97948.38
1738537200,97671.85
1738540800,96686.70
1738544400,93261.23
1738548000,93667.09
1738551600,94098.05
1738555200,92996.28
1738558800,94274.98
1738562400,93900.83
1738566000,95407.02
1738569600,95417.09
1738573200,95421.43
1738576800,95755.89
1738580400,95160.70
1738584000,94854.84
1738587600,94947.70
1738591200,96702.84
1738594800,99271.71
1738598400,98696.18
1738602000,99010.74
1738605600,99995.41
1738609200,102005.89
1738612800,101230.27
1738616400,101937.14
1738620000,101774.71
1738623600,101394.44
1738627200,101181.91
1738630800,101462.70
1738634400,100919.26
1738638000,100684.98
1738641600,100134.90
1738645200,99007.70
1738648800,99426.48
1738652400,98556.34
1738656000,98269.23
1738659600,98442.41
1738663200,98861.32
1738666800,99059.79
1738670400,99528.18
1738674000,99167.20
1738677600,100056.97
1738681200,99442.08
1738684800,99140.27
1738688400,99237.45
1738692000,99453.82
1738695600,99188.71
1738699200,98747.21
1738702800,96732.29
1738706400,97602.99
1738710000,97844.07
1738713600,98336.55
1738717200,97801.55
1738720800,98043.02
1738724400,98079.82
1738728000,98029.55
1738731600,98166.97
1738735200,97655.80
1738738800,97920.80
1738742400,97661.11
1738746000,97460.27
1738749600,97863.09
1738753200,98232.23
1738756800,98053.09
1738760400,98594.34
1738764000,98219.38
1738767600,98071.87
1738771200,98053.69
1738774800,97633.55
1738778400,96674.14
1738782000,97390.77
1738785600,97493.89
1738789200,96880.28
1738792800,96426.51
1738796400,96619.32
1738800000,96854.92
1738803600,97187.73
1738807200,97388.24
1738810800,97363.19
1738814400,97633.65
1738818000,97845.89
1738821600,98414.23
1738825200,98219.30
1738828800,98185.73
1738832400,98682.84
1738836000,98959.66
1738839600,98930.51
1738843200,98365.48
1738846800,98683.71
1738850400,97908.11
1738854000,97276.69
1738857600,96486.61
1738861200,96834.62
1738864800,96334.78
1738868400,96043.45
1738872000,96842.25
1738875600,96750.49
1738879200,96857.75
1738882800,96583.54
1738886400,96553.25
1738890000,97477.91
1738893600,97516.82
1738897200,97454.28
1738900800,97486.16
1738904400,97315.95
1738908000,96734.85
1738911600,96743.65
1738915200,97048.46
1738918800,97349.15
1738922400,97320.38
1738926000,97755.17
1738929600,97949.13
1738933200,98851.05
1738936800,99764.68
1738940400,98169.38
1738944000,97905.24
1738947600,97483.71
1738951200,97769.46
1738954800,96981.55
1738958400,95800.64
1738962000,95993.84
1738965600,96061.51
1738969200,96533.26
1738972800,96686.40
1738976400,96536.80
1738980000,96781.95
1738983600,96728.47
1738987200,96333.94
1738990800,96196.51
1738994400,95972.50
1738998000,96238.40
1739001600,95928.78
1739005200,96148.26
1739008800,96056.01
1739012400,96086.25
1739016000,96070.72
1739019600,96221.47
1739023200,96067.46
1739026800,95823.43
1739030400,96119.00
1739034000,96357.59
1739037600,96490.54
1739041200,96567.38
1739044800,96478.31
1739048400,96517.80
1739052000,96488.86
1739055600,96504.96
1739059200,96583.59
1739062800,96982.41
1739066400,96782.12
1739070000,97245.04
1739073600,97239.08
1739077200,97056.51
1739080800,97029.42
1739084400,97082.80
1739088000,97175.73
1739091600,96966.52
1739095200,96807.58
1739098800,96664.27
1739102400,96526.67
1739106000,95922.47
1739109600,96130.88
1739113200,96479.46
1739116800,96517.70
1739120400,96205.80
1739124000,96223.27
1739127600,96072.52
1739131200,96263.52
1739134800,95246.85
1739138400,95875.61
1739142000,96499.46
1739145600,96743.81
1739149200,95521.49
1739152800,95813.84
1739156400,96770.85
1739160000,96911.33
1739163600,97005.68
1739167200,97148.75
1739170800,97453.52
1739174400,97727.54
1739178000,97679.53
1739181600,97764.02
1739185200,97691.33
1739188800,97348.17
1739192400,98311.41
1739196000,97347.20
1739199600,97230.66
1739203200,97366.66
1739206800,97479.95
1739210400,97506.82
1739214000,97417.19
1739217600,97362.62
1739221200,97375.49
1739224800,97375.26
1739228400,97451.41
1739232000,97843.37
1739235600,98063.08
1739239200,97788.66
1739242800,97622.28
1739246400,98095.43
1739250000,98457.29
1739253600,98450.60
1739257200,98307.63
1739260800,98236.52
1739264400,98072.11
1739268000,98005.55
1739271600,98164.16
1739275200,97827.50
1739278800,96896.23
1739282400,96998.94
1739286000,97030.47
1739289600,96344.03
1739293200,96099.77
1739296800,95507.02
1739300400,95099.53
1739304000,95241.06
1739307600,96247.80
1739311200,95506.30
1739314800,95745.70
1739318400,96075.57
1739322000,96161.03
1739325600,95481.81
1739329200,95355.51
1739332800,95496.15
1739336400,95867.57
1739340000,95806.00
1739343600,96051.98
1739347200,96325.35
1739350800,96167.14
1739354400,95962.48
1739358000,96065.94
1739361600,96090.09
1739365200,95096.52
1739368800,95572.62
1739372400,95778.69
1739376000,96952.41
1739379600,97347.07
1739383200,96930.75
1739386800,97193.65
1739390400,97034.89
1739394000,97695.61
1739397600,97900.73
1739401200,97876.37
1739404800,97810.34
1739408400,98020.32
1739412000,97478.36
1739415600,97502.54
1739419200,96862.84
1739422800,96679.18
1739426400,95980.69
1739430000,96034.56
1739433600,95942.09
1739437200,96243.48
1739440800,96152.91
1739444400,95910.92
1739448000,95818.52
1739451600,96139.50
1739455200,95906.03
1739458800,95925.87
1739462400,95294.98
1739466000,95708.21
1739469600,95927.18
1739473200,95656.73
1739476800,96261.84
1739480400,96459.54
1739484000,96426.03
1739487600,96623.37
1739491200,96768.05
1739494800,96528.99
1739498400,96611.66
1739502000,97135.30
1739505600,96777.74
1739509200,96718.59
1739512800,96852.77
1739516400,96987.06
1739520000,96881.63
1739523600,97125.24
1739527200,97033.71
1739530800,96908.15
1739534400,96649.34
1739538000,96816.40
1739541600,97286.31
1739545200,96957.04
1739548800,97517.94
1739552400,98700.95
1739556000,98278.98
1739559600,97927.00
1739563200,97062.30
1739566800,97487.79
1739570400,97098.17
1739574000,97503.71
1739577600,97457.21
1739581200,97812.97
1739584800,97839.38
1739588400,97699.73
1739592000,97509.30
1739595600,97602.20
1739599200,97488.20
1739602800,97391.67
1739606400,97521.62
1739610000,97559.70
1739613600,97694.23
1739617200,97623.08
1739620800,97779.93
1739624400,97758.67
1739628000,97621.98
1739631600,97640.99
1739635200,97533.25
1739638800,97403.12
1739642400,97554.23
1739646000,97574.12
1739649600,97521.48
1739653200,97673.30
1739656800,97531.11
1739660400,97580.49
1739664000,97626.84
1739667600,97659.62
1739671200,97534.62
1739674800,97558.05
1739678400,97536.16
1739682000,97618.99
1739685600,97500.89
1739689200,97243.62
1739692800,97176.92
1739696400,97370.49
1739700000,97200.03
1739703600,97338.57
1739707200,97133.28
1739710800,96888.47
1739714400,96975.27
1739718000,96984.80
1739721600,97050.19
1739725200,96954.63
1739728800,96919.52
1739732400,97065.01
1739736000,96927.67
1739739600,97159.88
1739743200,96878.74
1739746800,96179.01
1739750400,96289.29
1739754000,96508.51
1739757600,96187.44
1739761200,96230.05
1739764800,96094.66
1739768400,96241.78
1739772000,96371.05
1739775600,96078.16
1739779200,96156.56
1739782800,96198.50
1739786400,96137.05
1739790000,96065.36
1739793600,96451.76
1739797200,96390.59
1739800800,96767.38
1739804400,95600.35
1739808000,95394.64
1739811600,95580.14
1739815200,95334.55
1739818800,95568.09
1739822400,96026.60
1739826000,96386.98
1739829600,95936.94
1739833200,95774.10
1739836800,95595.16
1739840400,96265.68
1739844000,96054.39
1739847600,96192.22
1739851200,96056.08
1739854800,95592.45
1739858400,95306.87
1739862000,95475.22
1739865600,95228.65
1739869200,95702.38
1739872800,95733.40
1739876400,95607.73
1739880000,96193.44
1739883600,96216.23
1739887200,95646.02
1739890800,95501.64
1739894400,94643.40
1739898000,94095.66
1739901600,93873.12
1739905200,94083.20
1739908800,94214.45
1739912400,94915.55
1739916000,95234.38
1739919600,95534.81
1739923200,95269.75
1739926800,95403.40
1739930400,95735.45
1739934000,95655.01
1739937600,95249.12
1739941200,95238.70
1739944800,95576.34
1739948400,95731.96
1739952000,95621.49
1739955600,95947.80
1739959200,96304.67
1739962800,96359.79
1739966400,96187.52
1739970000,96303.85
1739973600,95855.47
1739977200,95955.59
1739980800,96245.84
1739984400,96432.16
1739988000,95661.72
1739991600,96116.90
1739995200,96208.54
1739998800,96292.77
1740002400,96537.16
1740006000,96632.68
1740009600,96837.08
1740013200,96720.01
1740016800,97201.87
1740020400,97083.52
1740024000,97218.12
1740027600,96919.11
1740031200,96907.96
1740034800,96971.84
1740038400,97174.85
1740042000,97177.80
1740045600,97372.98
1740049200,97206.40
1740052800,97430.51
1740056400,97546.59
1740060000,97054.98
1740063600,96919.66
1740067200,97556.77
1740070800,98005.62
1740074400,98337.13
1740078000,98443.16
1740081600,98423.50
1740085200,98136.08
1740088800,98201.84
1740092400,98337.09
1740096000,98252.29
1740099600,98369.38
1740103200,98160.89
1740106800,98177.39
1740110400,98228.59
1740114000,98361.61
1740117600,98412.41
1740121200,98206.95
1740124800,98243.52
1740128400,98355.35
1740132000,98603.62
1740135600,98658.14
1740139200,98944.73
1740142800,99392.00
1740146400,98839.72
1740150000,98071.10
1740153600,98245.66
1740157200,97009.53
1740160800,96547.62
1740164400,95375.41
1740168000,94966.31
1740171600,95339.37
1740175200,95803.28
1740178800,96121.21
1740182400,96161.02
1740186000,96223.53
1740189600,96315.79
1740193200,96290.86
1740196800,96402.30
1740200400,96491.34
1740204000,96399.23
1740207600,96344.38
1740211200,96214.17
1740214800,96468.94
1740218400,96488.84
1740222000,96590.45
1740225600,96856.45
1740229200,96558.01
1740232800,96557.21
1740236400,96638.54
1740240000,96537.10
1740243600,96629.77
1740247200,96442.30
1740250800,96627.07
1740254400,96585.56
1740258000,96677.33
1740261600,96638.10
1740265200,96577.80
1740268800,96648.23
1740272400,96484.46
1740276000,96428.85
1740279600,96453.94
1740283200,96418.38
1740286800,96239.49
1740290400,96351.59
1740294000,96557.98
1740297600,96375.43
1740301200,96320.22
1740304800,96177.21
1740308400,96135.63
1740312000,95727.05
1740315600,95948.71
1740319200,95696.21
1740322800,95469.65
1740326400,95500.34
1740330000,95665.65
1740333600,95745.34
1740337200,95751.16
1740340800,95787.87
1740344400,95768.49
1740348000,95865.23
1740351600,96277.96
1740355200,96296.41
1740358800,95980.05
1740362400,95807.92
1740366000,95527.70
1740369600,95288.12
1740373200,95730.82
1740376800,95800.05
1740380400,95889.68
1740384000,95504.32
1740387600,95790.73
1740391200,95649.98
1740394800,95831.73
1740398400,95774.62
1740402000,95601.73
1740405600,94637.49
1740409200,94246.83
1740412800,94355.07
1740416400,94658.19
1740420000,94135.82
1740423600,93894.87
1740427200,94042.59
1740430800,93997.89
1740434400,92523.18
1740438000,91425.15
1740441600,91813.98
1740445200,91970.92
1740448800,92326.17
1740452400,92197.30
1740456000,91987.85
1740459600,92003.67
1740463200,91227.82
1740466800,89398.48
1740470400,89376.82
1740474000,88284.18
1740477600,88192.28
1740481200,89198.63
1740484800,89261.98
1740488400,88818.21
1740492000,87084.98
1740495600,87301.04
1740499200,87449.52
1740502800,87117.86
1740506400,86978.69
1740510000,87863.09
1740513600,88076.65
1740517200,88598.21
1740520800,88737.20
1740524400,88638.89
1740528000,88059.80
1740531600,88691.55
1740535200,88931.64
1740538800,88822.10
1740542400,88737.63
1740546000,88421.05
1740549600,88800.77
1740553200,88659.97
1740556800,88450.04
1740560400,89055.55
1740564000,89222.54
1740567600,88611.85
1740571200,87811.65
1740574800,87053.23
1740578400,87432.48
1740582000,87413.84
1740585600,86805.04
1740589200,85626.46
1740592800,83982.59
1740596400,83755.37
1740600000,84382.95
1740603600,84336.38
1740607200,84275.34
1740610800,84070.85
1740614400,84642.91
1740618000,84706.55
1740621600,84233.27
1740625200,85164.99
1740628800,85017.71
1740632400,85825.98
1740636000,86169.81
1740639600,86256.14
1740643200,85981.30
1740646800,86044.62
1740650400,86892.77
1740654000,86640.77
1740657600,86222.94
1740661200,86042.07
1740664800,84982.12
1740668400,85580.43
1740672000,84347.98
1740675600,84459.46
1740679200,84702.92
1740682800,84054.69
1740686400,83613.76
1740690000,84168.38
1740693600,84515.70
1740697200,84705.62
1740700800,84250.69
1740704400,82081.19
1740708000,80687.60
1740711600,80283.32
1740715200,80266.17
1740718800,79616.38
1740722400,79398.23
1740726000,79049.07
1740729600,78942.57
1740733200,80267.11
1740736800,79929.07
1740740400,80416.67
1740744000,80705.63
1740747600,81466.13
1740751200,81949.62
1740754800,83971.32
1740758400,84407.16
1740762000,83610.41
1740765600,84385.39
1740769200,84374.55
1740772800,84320.76
1740776400,84189.39
1740780000,84134.27
1740783600,84374.02
1740787200,83832.05
1740790800,84626.72
1740794400,85215.45
1740798000,85235.55
1740801600,86208.70
1740805200,85599.20
1740808800,85017.72
1740812400,84726.09
1740816000,85285.70
1740819600,85324.27
1740823200,84791.41
1740826800,84591.55
1740830400,84754.96
1740834000,84457.32
1740837600,84664.78
1740841200,84757.49
1740844800,85178.41
1740848400,85179.88
1740852000,85269.26
1740855600,85425.27
1740859200,85453.60
1740862800,85966.15
1740866400,86079.55
1740870000,86035.16
1740873600,85988.09
1740877200,86305.27
1740880800,85671.16
1740884400,85876.81
1740888000,85680.70
1740891600,85900.98
1740895200,86237.95
1740898800,86202.18
1740902400,85747.68
1740906000,85966.28
1740909600,85953.05
1740913200,86088.30
1740916800,85935.67
1740920400,85609.31
1740924000,85058.88
1740927600,87533.59
1740931200,91515.85
1740934800,94013.33
1740938400,92928.20
1740942000,93525.10
1740945600,94421.73
1740949200,94161.79
1740952800,94450.45
1740956400,94260.56
1740960000,93371.13
1740963600,93088.61
1740967200,93272.41
1740970800,92698.84
1740974400,92818.95
1740978000,93231.82
1740981600,91387.09
1740985200,92395.46
1740988800,91341.07
1740992400,91879.14
1740996000,92493.39
1740999600,92667.03
1741003200,92971.62
1741006800,93450.30
1741010400,89657.68
1741014000,90045.55
1741017600,90150.11
1741021200,90238.27
1741024800,87175.28
1741028400,85657.05
1741032000,85929.88
1741035600,85105.41
1741039200,86709.21
1741042800,86079.82
1741046400,86025.73
1741050000,83278.04
1741053600,83974.60
1741057200,84031.19
1741060800,83537.59
1741064400,84237.30
1741068000,83824.10
1741071600,83106.38
1741075200,83836.31
1741078800,83712.28
1741082400,83910.58
1741086000,83919.59
1741089600,83773.77
1741093200,82667.49
1741096800,83668.91
1741100400,82764.75
1741104000,83612.58
1741107600,85285.95
1741111200,86832.34
1741114800,88205.21
1741118400,86717.05
1741122000,87414.58
1741125600,87487.88
1741129200,87214.70
1741132800,86752.53
1741136400,87596.60
1741140000,87499.79
1741143600,87157.25
1741147200,86871.11
1741150800,87125.47
1741154400,87489.71
1741158000,87645.97
1741161600,87704.90
1741165200,88472.46
1741168800,89995.80
1741172400,89764.77
1741176000,90336.71
1741179600,89484.78
1741183200,88451.25
1741186800,88401.65
1741190400,89027.86
1741194000,89736.67
1741197600,89727.02
1741201200,89806.30
1741204800,90299.54
1741208400,90385.63
1741212000,90503.26
1741215600,90622.36
1741219200,90014.41
1741222800,91088.45
1741226400,91830.12
1741230000,91573.26
1741233600,92298.12
1741237200,92790.70
1741240800,91927.28
1741244400,91348.20
1741248000,91263.92
1741251600,90729.60
1741255200,91305.64
1741258800,91345.91
1741262400,90213.73
1741266000,89744.91
1741269600,89676.44
1741273200,90799.77
1741276800,89384.55
1741280400,88692.00
1741284000,88398.90
1741287600,88649.78
1741291200,89151.09
1741294800,89535.14
1741298400,90371.93
1741302000,89939.70
1741305600,85555.57
1741309200,88077.88
1741312800,87352.16
1741316400,87044.49
1741320000,87725.75
1741323600,88194.04
1741327200,88185.34
1741330800,88309.77
1741334400,88398.95
1741338000,88965.38
1741341600,89211.19
1741345200,88943.45
1741348800,89111.41
1741352400,89316.96
1741356000,90461.63
1741359600,88445.31
1741363200,87027.67
1741366800,87475.84
1741370400,88522.32
1741374000,87831.13
1741377600,87073.09
1741381200,86367.45
1741384800,86755.34
1741388400,86735.10
1741392000,86751.82
1741395600,86018.59
1741399200,86179.61
1741402800,85973.91
1741406400,86432.28
1741410000,86260.09
1741413600,86439.42
1741417200,86158.44
1741420800,86055.07
1741424400,85883.77
1741428000,86113.27
1741431600,85908.18
1741435200,86201.09
1741438800,86302.43
1741442400,86320.02
1741446000,86357.77
1741449600,86081.62
1741453200,85918.03
1741456800,86011.63
1741460400,86203.95
1741464000,86266.25
1741467600,86204.21
1741471200,86190.88
1741474800,86153.03
1741478400,86417.12
1741482000,86154.48
1741485600,85995.41
1741489200,86132.70
1741492800,86056.70
1741496400,86008.63
1741500000,85871.87
1741503600,85966.08
1741507200,85802.27
1741510800,85505.16
1741514400,84854.59
1741518000,85021.28
1741521600,84537.21
1741525200,83788.20
1741528800,83594.88
1741532400,83052.21
1741536000,82535.22
1741539600,82289.16
1741543200,82697.81
1741546800,82561.70
1741550400,83050.17
1741554000,81810.59
1741557600,80552.41
1741561200,80576.41
1741564800,81258.70
1741568400,81737.18
1741572000,82169.42
1741575600,82018.34
1741579200,82623.59
1741582800,82306.62
1741586400,82358.85
1741590000,82315.02
1741593600,81329.36
1741597200,82369.44
1741600800,82315.11
1741604400,83615.34
1741608000,83314.44
1741611600,81565.68
1741615200,79592.96
1741618800,80071.05
1741622400,79143.33
1741626000,78535.38
1741629600,77535.16
1741633200,78910.55
1741636800,79364.01
1741640400,79573.91
1741644000,79502.74
1741647600,78569.91
1741651200,77467.64
1741654800,78985.45
1741658400,79343.05
1741662000,79451.77
1741665600,79742.40
1741669200,80213.36
1741672800,80145.77
1741676400,80423.31
1741680000,81117.48
1741683600,81494.08
1741687200,81781.62
1741690800,81693.25
1741694400,81272.60
1741698000,81030.82
1741701600,79742.00
1741705200,81285.91
1741708800,81315.66
1741712400,81263.27
1741716000,83191.73
1741719600,82996.88
1741723200,82848.08
1741726800,83045.48
1741730400,83200.32
1741734000,82843.73
1741737600,82737.02
1741741200,83278.80
1741744800,82378.82
1741748400,82135.20
1741752000,81761.10
1741755600,81972.27
1741759200,81459.24
1741762800,82402.37
1741766400,82666.53
1741770000,82632.77
1741773600,82461.54
1741777200,82992.48
1741780800,83981.49
1741784400,82637.35
1741788000,81583.14
1741791600,81690.68
1741795200,82039.33
1741798800,81872.83
1741802400,82514.02
1741806000,83055.47
1741809600,83108.71
1741813200,82980.18
1741816800,83653.95
1741820400,83691.94
1741824000,83463.97
1741827600,83950.23
1741831200,83776.18
1741834800,83572.59
1741838400,83270.68
1741842000,83152.88
1741845600,83294.52
1741849200,83177.56
1741852800,83020.74
1741856400,83399.92
1741860000,83138.27
1741863600,82837.33
1741867200,82444.09
1741870800,81725.84
1741874400,81962.23
1741878000,81059.44
1741881600,80760.91
1741885200,79976.37
1741888800,80788.43
1741892400,80251.23
1741896000,80332.52
1741899600,80737.26
1741903200,81337.15
1741906800,81099.38
1741910400,81578.80
1741914000,81566.78
1741917600,82075.72
1741921200,81852.27
1741924800,81944.30
1741928400,82131.67
1741932000,82012.12
1741935600,82242.91
1741939200,82581.18
1741942800,82778.73
1741946400,83024.88
1741950000,83294.70
1741953600,83407.58
1741957200,83581.60
1741960800,83446.10
1741964400,84746.73
1741968000,84779.88
1741971600,84346.99
1741975200,84600.01
1741978800,84609.84
1741982400,84184.98
1741986000,84204.20
1741989600,84438.44
1741993200,83977.38
1741996800,84326.98
1742000400,84352.74
1742004000,84567.48
1742007600,84468.11
1742011200,84505.23
1742014800,84297.69
1742018400,84188.58
1742022000,83839.52
1742025600,83888.18
1742029200,83947.30
1742032800,83917.50
1742036400,84126.56
1742040000,84139.55
1742043600,84463.76
1742047200,84151.04
1742050800,84352.66
1742054400,84346.27
1742058000,84414.06
1742061600,84214.16
1742065200,84284.96
1742068800,84367.41
1742072400,84398.96
1742076000,84397.53
1742079600,84343.45
1742083200,84268.41
1742086800,83923.20
1742090400,83972.44
1742094000,84315.40
1742097600,84402.91
1742101200,84370.25
1742104800,84248.82
1742108400,84268.85
1742112000,84269.40
1742115600,83906.24
1742119200,83695.00
1742122800,82430.28
1742126400,82785.96
1742130000,82571.04
1742133600,83325.10
1742137200,83346.25
1742140800,83537.89
1742144400,83886.93
1742148000,83656.34
1742151600,83061.34
1742155200,83151.44
1742158800,82736.70
1742162400,82135.68
1742166000,82576.34
1742169600,83053.02
1742173200,83217.63
1742176800,83271.91
1742180400,83700.81
1742184000,83582.81
1742187600,83154.73
1742191200,83217.13
1742194800,83521.33
1742198400,83583.27
1742202000,83634.95
1742205600,83315.68
1742209200,83574.89
1742212800,83112.50
1742216400,83026.09
1742220000,82930.12
1742223600,83540.58
1742227200,83452.49
1742230800,84228.18
1742234400,84517.34
1742238000,84482.70
1742241600,83887.92
1742245200,84076.07
1742248800,84107.63
1742252400,84075.72
1742256000,83786.70
1742259600,83083.73
1742263200,83445.50
1742266800,83120.52
1742270400,82965.60
1742274000,82981.37
1742277600,82469.52
1742281200,83156.27
1742284800,83248.20
1742288400,82831.62
1742292000,82744.73
1742295600,82590.12
1742299200,82376.73
1742302800,81241.86
1742306400,81799.00
1742310000,81558.83
1742313600,81846.12
1742317200,81379.77
1742320800,81820.42
1742324400,82428.35
1742328000,81996.44
1742331600,81987.93
1742335200,82436.16
1742338800,82718.80
1742342400,82977.68
1742346000,82708.38
1742349600,82858.41
1742353200,83053.91
1742356800,82957.09
1742360400,83239.02
1742364000,83190.68
1742367600,83184.43
1742371200,83419.56
1742374800,83528.38
1742378400,83490.31
1742382000,83870.39
1742385600,83773.19
1742389200,84198.30
1742392800,84285.23
1742396400,84726.92
1742400000,84595.00
1742403600,84153.84
1742407200,85773.84
1742410800,85317.53
1742414400,85309.16
1742418000,85585.97
1742421600,86191.58
1742425200,86872.95
1742428800,86173.66
1742432400,85861.00
1742436000,86084.16
1742439600,85890.87
1742443200,85656.37
1742446800,85831.93
1742450400,85810.80
1742454000,85840.36
1742457600,86277.97
1742461200,85850.39
1742464800,85197.85
1742468400,85451.21
1742472000,85324.84
1742475600,85414.21
1742479200,86020.23
1742482800,84720.15
1742486400,83713.73
1742490000,84018.68
1742493600,83976.66
1742497200,84188.12
1742500800,84499.80
1742504400,84311.04
1742508000,84097.50
1742511600,84164.54
1742515200,84428.00
1742518800,84726.24
1742522400,84637.21
1742526000,84417.54
1742529600,84647.57
1742533200,84367.34
1742536800,84150.03
1742540400,83877.89
1742544000,83972.30
1742547600,84069.89
1742551200,84155.74
1742554800,84026.79
1742558400,83387.72
1742562000,83999.95
1742565600,84093.97
1742569200,83559.28
1742572800,84062.72
1742576400,83973.16
1742580000,84111.45
1742583600,83962.18
1742587200,84184.14
1742590800,84267.17
1742594400,84156.26
1742598000,84032.30
1742601600,84174.43
1742605200,84048.12
1742608800,84159.41
1742612400,84231.30
1742616000,84342.10
1742619600,84274.30
1742623200,84296.05
1742626800,84237.85
1742630400,84203.76
1742634000,84372.50
1742637600,84398.34
1742641200,84221.41
1742644800,84212.99
1742648400,84144.58
1742652000,84001.36
1742655600,84091.95
1742659200,84128.85
1742662800,84248.77
1742666400,84255.74
1742670000,84174.27
1742673600,84009.47
1742677200,84030.81
1742680800,83952.34
1742684400,83829.96
1742688000,84001.81
1742691600,84054.37
1742695200,84237.62
1742698800,84203.99
1742702400,84094.27
1742706000,84223.27
1742709600,84241.20
1742713200,84279.07
1742716800,84327.77
1742720400,84320.29
1742724000,84446.93
1742727600,84657.63
1742731200,84716.34
1742734800,85010.86
1742738400,84944.02
1742742000,85162.82
1742745600,85271.14
1742749200,84984.20
1742752800,84988.03
1742756400,85016.38
1742760000,85139.91
1742763600,85163.95
1742767200,85383.02
1742770800,86049.70
1742774400,86008.27
1742778000,85555.76
1742781600,85956.24
1742785200,86461.73
1742788800,86864.21
1742792400,86892.96
1742796000,87119.66
1742799600,86898.84
1742803200,87451.52
1742806800,87161.92
1742810400,87788.13
1742814000,87699.48
1742817600,87303.81
1742821200,87659.22
1742824800,87949.91
1742828400,88324.60
1742832000,88002.88
1742835600,88429.62
1742839200,88538.65
1742842800,88243.69
1742846400,87913.14
1742850000,88157.94
1742853600,87398.43
1742857200,87518.58
1742860800,87640.02
1742864400,87076.02
1742868000,86871.74
1742871600,86508.72
1742875200,86520.88
1742878800,86696.52
1742882400,86592.95
1742886000,86449.32
1742889600,86722.45
1742893200,87244.70
1742896800,87137.13
1742900400,87411.88
1742904000,87069.41
1742907600,87625.77
1742911200,87945.42
1742914800,87877.50
1742918400,87822.28
1742922000,87990.75
1742925600,87867.48
1742929200,88272.27
1742932800,87874.76
1742936400,87779.19
1742940000,87545.06
1742943600,87460.23
1742947200,87677.73
1742950800,87854.82
1742954400,87377.35
1742958000,87159.25
1742961600,87323.48
1742965200,87536.50
1742968800,87921.60
1742972400,88172.16
1742976000,87992.78
1742979600,87908.01
1742983200,88247.39
1742986800,88017.37
1742990400,87799.16
1742994000,86875.43
1742997600,86828.59
1743001200,86724.77
1743004800,86498.75
1743008400,86526.06
1743012000,86214.20
1743015600,86650.89
1743019200,87169.66
1743022800,87185.81
1743026400,86845.81
1743030000,86896.26
1743033600,87254.89
1743037200,87386.78
1743040800,87599.98
1743044400,87692.80
1743048000,87508.26
1743051600,87313.09
1743055200,87325.91
1743058800,87425.88
1743062400,87444.66
1743066000,87492.55
1743069600,87216.55
1743073200,86971.62
1743076800,86759.58
1743080400,86437.39
1743084000,87265.64
1743087600,86969.80
1743091200,86813.34
1743094800,86942.48
1743098400,87248.74
1743102000,87150.84
1743105600,87306.96
1743109200,87500.79
1743112800,87355.88
1743116400,87185.23
1743120000,87333.40
1743123600,87228.79
1743127200,86926.92
1743130800,86820.49
1743134400,86183.07
1743138000,86046.04
1743141600,85748.47
1743145200,85196.10
1743148800,85212.05
1743152400,85112.97
1743156000,84893.56
1743159600,85199.30
1743163200,85070.39
1743166800,84992.05
1743170400,84176.02
1743174000,84025.62
1743177600,83779.33
1743181200,83907.96
1743184800,83796.45
1743188400,83789.86
1743192000,83762.68
1743195600,83947.09
1743199200,84404.38
1743202800,84352.07
1743206400,84355.78
1743210000,84254.45
1743213600,83826.17
1743217200,84140.62
1743220800,84019.26
1743224400,83981.41
1743228000,83756.21
1743231600,83715.76
1743235200,83885.60
1743238800,83517.91
1743242400,82790.01
1743246000,82248.49
1743249600,82403.22
1743253200,82790.36
1743256800,82522.77
1743260400,82383.37
1743264000,82159.80
1743267600,82299.70
1743271200,82351.02
1743274800,82454.16
1743278400,82511.44
1743282000,82547.03
1743285600,82371.51
1743289200,82596.98
1743292800,82764.91
1743296400,82907.81
1743300000,83287.25
1743303600,83045.81
1743307200,83084.21
1743310800,82934.78
1743314400,83130.41
1743318000,83063.26
1743321600,83376.54
1743325200,83474.77
1743328800,83102.58
1743332400,83089.59
1743336000,83013.98
1743339600,82692.96
1743343200,82757.56
1743346800,82716.06
1743350400,82263.73
1743354000,82362.20
1743357600,82689.59
1743361200,82528.14
1743364800,82517.58
1743368400,82142.30
1743372000,82336.84
1743375600,82336.06
1743379200,81624.62
1743382800,81976.95
1743386400,81923.94
1743390000,81503.34
1743393600,81819.29
1743397200,82115.76
1743400800,82019.16
1743404400,81849.05
1743408000,81911.09
1743411600,81478.21
1743415200,82128.25
1743418800,82138.82
1743422400,82813.46
1743426000,82607.13
1743429600,83497.83
1743433200,83500.62
1743436800,83293.38
1743440400,82687.05
1743444000,83372.79
1743447600,82571.01
1743451200,82413.95
1743454800,82563.48
1743458400,82376.84
1743462000,82551.92
1743465600,82639.52
1743469200,82688.30
1743472800,83042.41
1743476400,82928.47
1743480000,83063.46
1743483600,83000.97
1743487200,83441.77
1743490800,83456.80
1743494400,84112.79
1743498000,84357.85
1743501600,84186.52
1743505200,83928.71
1743508800,83652.77
1743512400,83608.62
1743516000,84152.42
1743519600,85272.90
1743523200,85198.52
1743526800,85142.11
1743530400,85124.20
1743534000,84829.52
1743537600,85274.41
1743541200,85259.28
1743544800,85131.86
1743548400,85180.61
1743552000,84956.38
1743555600,85159.95
1743559200,84744.09
1743562800,84590.54
1743566400,84555.05
1743570000,84145.13
1743573600,84139.21
1743577200,84431.30
1743580800,84646.89
1743584400,85007.20
1743588000,84848.22
1743591600,84545.71
1743595200,85001.08
1743598800,85468.51
1743602400,85882.12
1743606000,86824.47
1743609600,86981.83
1743613200,86601.22
1743616800,86317.66
1743620400,86891.46
1743624000,85651.55
1743627600,84802.32
1743631200,82825.47
1743634800,82487.48
1743638400,83144.14
1743642000,83801.37
1743645600,83729.32
1743649200,83483.14
1743652800,83586.02
1743656400,83401.62
1743660000,83014.34
1743663600,83466.23
1743667200,83685.72
1743670800,83457.89
1743674400,83265.23
1743678000,83040.91
1743681600,82035.78
1743685200,82280.16
1743688800,81496.02
1743692400,82032.52
1743696000,81752.62
1743699600,81817.70
1743703200,82004.57
1743706800,82066.60
1743710400,82284.91
1743714000,82809.62
1743717600,82674.91
1743721200,83100.25
1743724800,83018.52
1743728400,82590.45
1743732000,82849.52
1743735600,82782.63
1743739200,82697.43
1743742800,83173.12
1743746400,83032.85
1743750000,83951.19
1743753600,84376.12
1743757200,84644.95
1743760800,82521.54
1743764400,82632.36
1743768000,82783.46
1743771600,83290.84
1743775200,82693.91
1743778800,82845.37
1743782400,83362.60
1743786000,84344.46
1743789600,83895.47
1743793200,83918.00
1743796800,84154.28
1743800400,84184.05
1743804000,84029.25
1743807600,83844.70
1743811200,83752.63
1743814800,83950.75
1743818400,83937.61
1743822000,83630.87
1743825600,83637.09
1743829200,83673.02
1743832800,83446.76
1743836400,83486.17
1743840000,83497.57
1743843600,83812.39
1743847200,83620.39
1743850800,83435.47
1743854400,83226.79
1743858000,82702.97
1743861600,82933.86
1743865200,82566.14
1743868800,82714.96
1743872400,82846.68
1743876000,83046.54
1743879600,82787.00
1743883200,83039.45
1743886800,82919.49
1743890400,83149.06
1743894000,83504.80
1743897600,83479.31
1743901200,83411.13
1743904800,83268.77
1743908400,83312.64
1743912000,83453.10
1743915600,83413.17
1743919200,83125.67
1743922800,82996.96
1743926400,82990.66
1743930000,83011.80
1743933600,82803.72
1743937200,82799.05
1743940800,82651.03
1743944400,82264.37
1743948000,82555.71
1743951600,82554.34
1743955200,81963.02
1743958800,80709.66
1743962400,78934.62
1743966000,79597.07
1743969600,78802.15
1743973200,78929.84
1743976800,77911.90
1743980400,78221.34
1743984000,78291.72
1743987600,79159.70
1743991200,78381.87
1743994800,77584.98
1743998400,76992.41
1744002000,76824.09
1744005600,74830.30
1744009200,75091.95
1744012800,76201.40
1744016400,76193.96
1744020000,76874.67
1744023600,76615.10
1744027200,77292.45
1744030800,78259.16
1744034400,78982.77
1744038000,78540.28
1744041600,77345.27
1744045200,79064.86
1744048800,78321.78
1744052400,78234.47
1744056000,78801.33
1744059600,79300.49
1744063200,79993.53
1744066800,79218.48
1744070400,78990.57
1744074000,80670.87
1744077600,79911.47
1744081200,79824.20
1744084800,80279.21
1744088400,79820.36
1744092000,79451.96
1744095600,79475.49
1744099200,79131.95
1744102800,78946.41
1744106400,78966.89
1744110000,79980.86
1744113600,79842.17
1744117200,79938.78
1744120800,78530.48
1744124400,78486.21
1744128000,77427.80
1744131600,77295.17
1744135200,77226.83
1744138800,76786.72
1744142400,77014.82
1744146000,77004.37
1744149600,76697.05
1744153200,76273.56
1744156800,76443.74
1744160400,75992.84
1744164000,75568.71
1744167600,75003.03
1744171200,76316.87
1744174800,76621.65
1744178400,76756.55
1744182000,77739.62
1744185600,77310.10
1744189200,77472.48
1744192800,77440.68
1744196400,76133.12
1744200000,76803.23
1744203600,77719.21
1744207200,76968.98
1744210800,77112.64
1744214400,78161.06
1744218000,82134.93
1744221600,81820.41
1744225200,82227.61
1744228800,83112.91
1744232400,83268.91
1744236000,83020.63
1744239600,82565.98
1744243200,82318.63
1744246800,82207.55
1744250400,82190.19
1744254000,81660.93
1744257600,81964.61
1744261200,82140.81
1744264800,82095.39
1744268400,81566.05
1744272000,81499.44
1744275600,82011.41
1744279200,81698.38
1744282800,81824.62
1744286400,81632.07
1744290000,80862.58
1744293600,81234.60
1744297200,78640.95
1744300800,79403.69
1744304400,79343.81
1744308000,79499.98
1744311600,79790.33
1744315200,79811.55
1744318800,79672.05
1744322400,79664.31
1744326000,79625.05
1744329600,79042.34
1744333200,80377.79
1744336800,80246.23
1744340400,80762.49
1744344000,80839.16
1744347600,80766.96
1744351200,81031.23
1744354800,81211.65
1744358400,81517.90
1744362000,82296.14
1744365600,82587.23
1744369200,82134.59
1744372800,82004.32
1744376400,82794.69
1744380000,81887.59
1744383600,82480.06
1744387200,82785.44
1744390800,83846.59
1744394400,83574.90
1744398000,83853.39
1744401600,83822.80
1744405200,83678.45
1744408800,83399.35
1744412400,83404.52
1744416000,83324.34
1744419600,83152.86
1744423200,82903.98
1744426800,82927.84
1744430400,83252.79
1744434000,83296.09
1744437600,83541.44
1744441200,83667.41
1744444800,83572.69
1744448400,83499.55
1744452000,83385.48
1744455600,83494.91
1744459200,83764.79
1744462800,84445.95
1744466400,84888.98
1744470000,85001.02
1744473600,84637.59
1744477200,84733.36
1744480800,85144.72
1744484400,84894.37
1744488000,85564.95
1744491600,85374.14
1744495200,85344.44
1744498800,85279.47
1744502400,85527.34
1744506000,85231.51
1744509600,85373.52
1744513200,85383.82
1744516800,84523.82
1744520400,84484.65
1744524000,84596.16
1744527600,84448.85
1744531200,84620.80
1744534800,84883.38
1744538400,84667.48
1744542000,84445.34
1744545600,84387.29
1744549200,83510.00
1744552800,84047.20
1744556400,83793.86
1744560000,84220.19
1744563600,84791.57
1744567200,84683.45
1744570800,83916.59
1744574400,83457.80
1744578000,83598.81
1744581600,83304.41
1744585200,83694.52
1744588800,84258.57
1744592400,84093.17
1744596000,85077.82
1744599600,84494.98
1744603200,84903.89
1744606800,84511.09
1744610400,84565.27
1744614000,84559.59
1744617600,84717.20
1744621200,84421.19
1744624800,84680.02
1744628400,84902.25
1744632000,85057.36
1744635600,84460.98
1744639200,85450.15
1744642800,84114.81
1744646400,84367.97
1744650000,84874.98
1744653600,84941.09
1744657200,84881.81
1744660800,84891.40
1744664400,84709.93
1744668000,84491.57
1744671600,84539.70
1744675200,84813.12
1744678800,84973.41
1744682400,85110.50
1744686000,85353.80
1744689600,85473.65
1744693200,85557.04
1744696800,85369.62
1744700400,85661.09
1744704000,85770.78
1744707600,85940.52
1744711200,85612.02
1744714800,85554.70
1744718400,85771.12
1744722000,85642.75
1744725600,85171.94
1744729200,84793.17
1744732800,84817.34
1744736400,84512.10
1744740000,84194.03
1744743600,84010.52
1744747200,83947.07
1744750800,84188.26
1744754400,83793.53
1744758000,83674.51
1744761600,83152.83
1744765200,83613.24
1744768800,83876.21
1744772400,83704.73
1744776000,83540.19
1744779600,83435.27
1744783200,83655.54
1744786800,83325.66
1744790400,83662.05
1744794000,83608.58
1744797600,83942.90
1744801200,84029.80
1744804800,83770.18
1744808400,83806.12
1744812000,84550.80
1744815600,84879.24
1744819200,85063.45
1744822800,83360.21
1744826400,84036.10
1744830000,84382.40
1744833600,84275.66
1744837200,84572.30
1744840800,84491.29
1744844400,84030.67
1744848000,84188.33
1744851600,84307.51
1744855200,84247.84
1744858800,83994.88
1744862400,84140.59
1744866000,84381.14
1744869600,84808.01
1744873200,84622.70
1744876800,84433.29
1744880400,84462.07
1744884000,84340.12
1744887600,84553.98
1744891200,84754.71
1744894800,84406.19
1744898400,84074.16
1744902000,84502.73
1744905600,84929.88
1744909200,85147.12
1744912800,85098.75
1744916400,84896.44
1744920000,85121.49
1744923600,85067.66
1744927200,84750.12
1744930800,84900.19
1744934400,84772.90
1744938000,84937.54
1744941600,84899.59
1744945200,84816.99
1744948800,84670.26
1744952400,84729.23
1744956000,84710.98
1744959600,84624.23
1744963200,84615.41
1744966800,84549.55
1744970400,84509.95
1744974000,84607.31
1744977600,84648.55
1744981200,84542.71
1744984800,84536.61
1744988400,84359.82
1744992000,84449.81
1744995600,84542.41
1744999200,84593.59
1745002800,84522.26
1745006400,84485.38
1745010000,84594.66
1745013600,84515.98
1745017200,84450.87
1745020800,84444.53
1745024400,84541.59
1745028000,84750.42
1745031600,84887.95
1745035200,85010.05
1745038800,85070.67
1745042400,84933.20
1745046000,85202.80
1745049600,85297.45
1745053200,85355.90
1745056800,85229.88
1745060400,85216.39
1745064000,85289.19
1745067600,85463.93
1745071200,85378.70
1745074800,85185.27
1745078400,84830.26
1745082000,85210.27
1745085600,85128.33
1745089200,85087.84
1745092800,85200.62
1745096400,85317.47
1745100000,85245.79
1745103600,85066.07
1745107200,85168.63
1745110800,85274.54
1745114400,85224.23
1745118000,85151.69
1745121600,85175.59
1745125200,85096.34
1745128800,84946.89
1745132400,84786.05
1745136000,84642.27
1745139600,84521.52
1745143200,84165.12
1745146800,84126.89
1745150400,84364.59
1745154000,84366.55
1745157600,84633.24
1745161200,84359.37
1745164800,84606.50
1745168400,84568.92
1745172000,84573.40
1745175600,84644.20
1745179200,85047.11
1745182800,84994.24
1745186400,84817.93
1745190000,85171.54
1745193600,86634.29
1745197200,87289.03
1745200800,87361.02
1745204400,87203.05
1745208000,87332.19
1745211600,87541.49
1745215200,87496.59
1745218800,87435.68
1745222400,87595.41
1745226000,87493.81
1745229600,87355.26
1745233200,86966.72
1745236800,87066.62
1745240400,87080.61
1745244000,88168.60
1745247600,88072.88
1745251200,87082.06
1745254800,86798.79
1745258400,86825.55
1745262000,87380.06
1745265600,87254.29
1745269200,87295.85
1745272800,87130.35
1745276400,87521.88
1745280000,87596.93
1745283600,88420.23
1745287200,88144.66
1745290800,88116.86
1745294400,88051.45
1745298000,88380.70
1745301600,88183.70
1745305200,88456.23
1745308800,88398.93
1745312400,88511.13
1745316000,88530.02
1745319600,88618.60
1745323200,89049.62
1745326800,90104.27
1745330400,90839.11
1745334000,90849.25
1745337600,90711.45
1745341200,91491.87
1745344800,91533.45
1745348400,91399.73
1745352000,91145.79
1745355600,92927.24
1745359200,92836.30
1745362800,93477.90
1745366400,92886.91
1745370000,92651.68
1745373600,92897.21
1745377200,93178.55
1745380800,93665.40
1745384400,93493.82
1745388000,93719.34
1745391600,93890.59
1745395200,94301.22
1745398800,93950.18
1745402400,93725.97
1745406000,93437.26
1745409600,93787.54
1745413200,93019.70
1745416800,92952.62
1745420400,93091.96
1745424000,93665.23
1745427600,93922.23
1745431200,93701.74
1745434800,93603.54
1745438400,93748.82
1745442000,93422.52
1745445600,93786.23
1745449200,93692.40
1745452800,93409.57
1745456400,93620.33
1745460000,93132.78
1745463600,92711.70
1745467200,92765.75
1745470800,92603.73
1745474400,92354.20
1745478000,92212.97
1745481600,92018.95
1745485200,92464.17
1745488800,92631.16
1745492400,92606.16
1745496000,92755.10
1745499600,92711.30
1745503200,93094.26
1745506800,93279.38
1745510400,93498.36
1745514000,93019.11
1745517600,93411.22
1745521200,93678.23
1745524800,93498.46
1745528400,93380.34
1745532000,93450.43
1745535600,93907.77
1745539200,93926.96
1745542800,93695.92
1745546400,93008.41
1745550000,93310.95
1745553600,93114.15
1745557200,93258.80
1745560800,93579.42
1745564400,93797.21
1745568000,93720.84
1745571600,93845.62
1745575200,93672.40
1745578800,94618.30
1745582400,94498.08
1745586000,94497.06
1745589600,95521.48
1745593200,95161.77
1745596800,95290.96
1745600400,94567.23
1745604000,95025.11
1745607600,95300.02
1745611200,94968.81
1745614800,94571.05
1745618400,94912.23
1745622000,94720.50
1745625600,94942.02
1745629200,95058.38
1745632800,95090.98
1745636400,94787.98
1745640000,94573.69
1745643600,94693.06
1745647200,94685.02
1745650800,94683.55
1745654400,94379.00
1745658000,94291.88
1745661600,94280.35
1745665200,94195.66
1745668800,94281.12
1745672400,94073.58
1745676000,94284.21
1745679600,94417.97
1745683200,94324.76
1745686800,94349.19
1745690400,94206.08
1745694000,94277.05
1745697600,94200.52
1745701200,94370.54
1745704800,94702.54
1745708400,94660.91
1745712000,94932.50
1745715600,94179.91
1745719200,94346.57
1745722800,94188.04
1745726400,94085.42
1745730000,93936.79
1745733600,94042.94
1745737200,94105.10
1745740800,94249.98
1745744400,94195.00
1745748000,94042.48
1745751600,93996.94
1745755200,93812.45
1745758800,94103.02
1745762400,94002.56
1745766000,93959.16
1745769600,93801.23
1745773200,94089.17
1745776800,94317.48
1745780400,94436.81
1745784000,94340.16
1745787600,94400.08
1745791200,93987.50
1745794800,93755.30
1745798400,93453.45
1745802000,92955.26
1745805600,93606.50
1745809200,93895.17
1745812800,94037.54
1745816400,94260.28
1745820000,94636.72
1745823600,94730.00
1745827200,94719.82
1745830800,94766.05
1745834400,95083.24
1745838000,95274.97
1745841600,95406.77
1745845200,94109.79
1745848800,94440.30
1745852400,93787.67
1745856000,93721.51
1745859600,94114.92
1745863200,94239.54
1745866800,94834.17
1745870400,94516.52
1745874000,94542.06
1745877600,94852.49
1745881200,94981.86
1745884800,95065.81
1745888400,94989.76
1745892000,94667.70
1745895600,94695.65
1745899200,94361.67
1745902800,94310.88
1745906400,94833.59
1745910000,94963.58
1745913600,95033.22
1745917200,95026.38
1745920800,94832.48
1745924400,95171.17
1745928000,94853.29
1745931600,94962.27
1745935200,95083.45
1745938800,94846.79
1745942400,95004.30
1745946000,95308.47
1745949600,95433.96
1745953200,95372.06
1745956800,94874.94
1745960400,94780.71
1745964000,94217.54
1745967600,94286.47
1745971200,94496.87
1745974800,94544.48
1745978400,94657.36
1745982000,95023.67
1745985600,95065.86
1745989200,94913.09
1745992800,94779.72
1745996400,94621.26
1746000000,94725.25
1746003600,94989.52
1746007200,94950.91
1746010800,95223.54
1746014400,94641.78
1746018000,93088.82
1746021600,93829.09
1746025200,94036.45
1746028800,93956.87
1746032400,94110.48
1746036000,94103.21
1746039600,94237.24
1746043200,94653.37
1746046800,94419.12
1746050400,94120.55
1746054000,94212.86
1746057600,94372.29
1746061200,94610.82
1746064800,94833.17
1746068400,94788.67
1746072000,94882.95
1746075600,95156.18
1746079200,94888.28
1746082800,95050.15
1746086400,95212.51
1746090000,95627.06
1746093600,96192.14
1746097200,96214.00
1746100800,96388.40
1746104400,95895.87
1746108000,96862.96
1746111600,96926.36
1746115200,97106.92
1746118800,96807.95
1746122400,96891.04
1746126000,96538.30
1746129600,96457.73
1746133200,96523.43
1746136800,96399.59
1746140400,96494.97
1746144000,97038.01
1746147600,97018.62
1746151200,96996.35
1746154800,97134.02
1746158400,96959.63
1746162000,96720.58
1746165600,96714.05
1746169200,96419.16
1746172800,96639.68
1746176400,96660.80
1746180000,96871.33
1746183600,96969.28
1746187200,97179.12
1746190800,96776.30
1746194400,97788.73
1746198000,97394.17
1746201600,97398.41
1746205200,97458.58
1746208800,97212.94
1746212400,96983.07
1746216000,97043.50
1746219600,96804.67
1746223200,96661.35
1746226800,96904.63
1746230400,96707.80
1746234000,96499.90
1746237600,96573.48
1746241200,96389.13
1746244800,96534.84
1746248400,96478.23
1746252000,96235.04
1746255600,96375.80
1746259200,96328.59
1746262800,96266.05
1746266400,95914.94
1746270000,95955.53
1746273600,96145.00
1746277200,96321.05
1746280800,96389.72
1746284400,96442.16
1746288000,96237.73
1746291600,96208.14
1746295200,96151.66
1746298800,96383.20
1746302400,96345.01
1746306000,96282.50
1746309600,96201.07
1746313200,95877.19
1746316800,95897.77
1746320400,96127.54
1746324000,95926.16
1746327600,95811.62
1746331200,95760.77
1746334800,96061.73
1746338400,95928.81
1746342000,95886.19
1746345600,95664.97
1746349200,95512.41
1746352800,95449.36
1746356400,95418.09
1746360000,95486.70
1746363600,95387.53
1746367200,95642.43
1746370800,95474.78
1746374400,95339.75
1746378000,95428.85
1746381600,95418.20
1746385200,95571.00
1746388800,95705.95
1746392400,95702.85
1746396000,95021.29
1746399600,94319.56
1746403200,94733.76
1746406800,93939.50
1746410400,94248.45
1746414000,94055.66
1746417600,94422.72
1746421200,94656.11
1746424800,94767.70
1746428400,94732.92
1746432000,94562.08
1746435600,94572.10
1746439200,94135.97
1746442800,94098.95
1746446400,94336.34
1746450000,94121.01
1746453600,93890.40
1746457200,93708.77
1746460800,94197.84
1746464400,94509.41
1746468000,94726.62
1746471600,94367.77
1746475200,94236.14
1746478800,94692.59
1746482400,95044.61
1746486000,94748.38
1746489600,94566.03
1746493200,94352.17
1746496800,94297.11
1746500400,94459.70
1746504000,94552.62
1746507600,94321.64
1746511200,94446.53
1746514800,94414.46
1746518400,94312.06
1746522000,94186.25
1746525600,93908.15
1746529200,93799.73
1746532800,93934.95
1746536400,93625.70
1746540000,94158.70
1746543600,94558.67
1746547200,94264.33
1746550800,94531.78
1746554400,95049.27
1746558000,94948.09
1746561600,94718.89
1746565200,94670.89
1746568800,96279.99
1746572400,96800.20
1746576000,97344.59
1746579600,97220.31
1746583200,96625.65
1746586800,96498.41
1746590400,96548.11
1746594000,96377.67
1746597600,96550.00
1746601200,97023.50
1746604800,97009.53
1746608400,96970.48
1746612000,97039.23
1746615600,97007.83
1746619200,96960.55
1746622800,97014.66
1746626400,96938.17
1746630000,96970.70
1746633600,96880.88
1746637200,96284.98
1746640800,96554.27
1746644400,96197.09
1746648000,96727.28
1746651600,97146.86
1746655200,97248.90
1746658800,97034.25
1746662400,97621.19
1746666000,97800.93
1746669600,98683.12
1746673200,99143.99
1746676800,98968.37
1746680400,98761.02
1746684000,99021.84
1746687600,99259.61
1746691200,99718.34
1746694800,99769.85
1746698400,99860.50
1746702000,99445.68
1746705600,99307.01
1746709200,99293.35
1746712800,99494.28
1746716400,100842.92
1746720000,101323.05
1746723600,101029.63
1746727200,101381.86
1746730800,101135.89
1746734400,102553.38
1746738000,102775.49
1746741600,102914.45
1746745200,103239.12
1746748800,102757.45
1746752400,103076.30
1746756000,102526.64
1746759600,102404.17
1746763200,102781.34
1746766800,102936.30
1746770400,103194.92
1746774000,103727.41
1746777600,102924.23
1746781200,102919.92
1746784800,103404.55
1746788400,103010.38
1746792000,102890.37
1746795600,103717.92
1746799200,103136.19
1746802800,102872.55
1746806400,102377.69
1746810000,103199.72
1746813600,103248.22
1746817200,103134.66
1746820800,103185.57
1746824400,102957.00
1746828000,102793.54
1746831600,102974.26
1746835200,102862.19
1746838800,103004.63
1746842400,103135.16
1746846000,103196.57
1746849600,103160.44
1746853200,103332.51
1746856800,103691.87
1746860400,103817.41
1746864000,103605.01
1746867600,103813.70
1746871200,103646.07
1746874800,103415.79
1746878400,103652.36
1746882000,103627.74
1746885600,103536.16
1746889200,103176.05
1746892800,103406.35
1746896400,103223.50
1746900000,103266.58
1746903600,103207.45
1746907200,103186.77
1746910800,103756.36
1746914400,103638.35
1746918000,104701.07
1746921600,104408.38
1746925200,104077.71
1746928800,103757.66
1746932400,104055.68
1746936000,104153.91
1746939600,103834.76
1746943200,103860.48
1746946800,103425.83
1746950400,103864.23
1746954000,104353.44
1746957600,104535.66
1746961200,104674.38
1746964800,104636.79
1746968400,104085.58
1746972000,104244.98
1746975600,104156.54
1746979200,103981.62
1746982800,104071.47
1746986400,104554.00
1746990000,104438.79
1746993600,104306.34
1746997200,104320.81
1747000800,103798.93
1747004400,104106.96
1747008000,104592.68
1747011600,104025.30
1747015200,103885.73
1747018800,104078.93
1747022400,104079.26
1747026000,103933.30
1747029600,104376.62
1747033200,104466.97
1747036800,104622.99
1747040400,104440.48
1747044000,104507.01
1747047600,103747.55
1747051200,103934.92
1747054800,104282.02
1747058400,102823.66
1747062000,102535.01
1747065600,102840.45
1747069200,102569.45
1747072800,101717.50
1747076400,101806.84
1747080000,102715.29
1747083600,102545.79
1747087200,102864.38
1747090800,102812.49
1747094400,102290.55
1747098000,102486.00
1747101600,102054.34
1747105200,101756.93
1747108800,102729.24
1747112400,102453.66
1747116000,102547.78
1747119600,102644.20
1747123200,102746.55
1747126800,103485.58
1747130400,103609.73
1747134000,103687.08
1747137600,103703.51
1747141200,103782.72
1747144800,103191.16
1747148400,103656.70
1747152000,103784.72
1747155600,104288.93
1747159200,104372.96
1747162800,104718.34
1747166400,104629.62
1747170000,104366.69
1747173600,104163.52
1747177200,104167.33
1747180800,103921.66
1747184400,103767.52
1747188000,103718.52
1747191600,103570.00
1747195200,103717.42
1747198800,103857.30
1747202400,103761.59
1747206000,103775.37
1747209600,103482.81
1747213200,103488.52
1747216800,103752.28
1747220400,103917.23
1747224000,104011.21
1747227600,103871.55
1747231200,103276.15
1747234800,103488.70
1747238400,103384.62
1747242000,103248.88
1747245600,103406.95
1747249200,103299.30
1747252800,103564.73
1747256400,103629.22
1747260000,103511.51
1747263600,103538.83
1747267200,103806.55
1747270800,103062.69
1747274400,103073.84
1747278000,102780.81
1747281600,102903.89
1747285200,102388.45
1747288800,102233.94
1747292400,101819.85
1747296000,102325.13
1747299600,101898.34
1747303200,101754.71
1747306800,102374.32
1747310400,102535.33
1747314000,102146.30
1747317600,101945.05
1747321200,103227.48
1747324800,103783.05
1747328400,103981.28
1747332000,102679.71
1747335600,103219.03
1747339200,103468.41
1747342800,103267.34
1747346400,103521.23
1747350000,103735.66
1747353600,103732.16
1747357200,104028.90
1747360800,104182.00
1747364400,104033.74
1747368000,103916.52
1747371600,103933.50
1747375200,103987.68
1747378800,103732.05
1747382400,103421.02
1747386000,103808.70
1747389600,103857.41
1747393200,103676.66
1747396800,103547.80
1747400400,104081.20
1747404000,103583.45
1747407600,104135.72
1747411200,104216.53
1747414800,103865.80
1747418400,103770.15
1747422000,104017.13
1747425600,103622.41
1747429200,103608.70
1747432800,103504.62
1747436400,103489.29
1747440000,103385.11
1747443600,102819.81
1747447200,103274.34
1747450800,103541.19
1747454400,103652.36
1747458000,103361.21
1747461600,103489.52
1747465200,103450.33
1747468800,103430.13
1747472400,102946.67
1747476000,102880.95
1747479600,103014.32
1747483200,102951.20
1747486800,102698.83
1747490400,103150.37
1747494000,102985.51
1747497600,102900.95
1747501200,103165.06
1747504800,103003.97
1747508400,103207.41
1747512000,103404.64
1747515600,103270.00
1747519200,103103.30
1747522800,103186.95
1747526400,103399.96
1747530000,103274.50
1747533600,103355.41
1747537200,103300.54
1747540800,103368.54
1747544400,103651.66
1747548000,103440.86
1747551600,103925.91
1747555200,103921.03
1747558800,103854.64
1747562400,103856.31
1747566000,103826.76
1747569600,103952.25
1747573200,104713.10
1747576800,105268.40
1747580400,105519.20
1747584000,105896.24
1747587600,104985.59
1747591200,104397.53
1747594800,103907.02
1747598400,104162.27
1747602000,104250.77
1747605600,105810.62
1747609200,106430.53
1747612800,105256.93
1747616400,105068.89
1747620000,104627.81
1747623600,103606.62
1747627200,102977.15
1747630800,103023.06
1747634400,102267.30
1747638000,103232.52
1747641600,103191.45
1747645200,103081.27
1747648800,102973.38
1747652400,102980.20
1747656000,102406.98
1747659600,103407.67
1747663200,104290.45
1747666800,104832.32
1747670400,105357.73
1747674000,105401.85
1747677600,104755.36
1747681200,105494.43
1747684800,105450.17
1747688400,105480.55
1747692000,105572.04
1747695600,105605.41
1747699200,105731.23
1747702800,106639.94
1747706400,106082.28
1747710000,105751.53
1747713600,106209.63
1747717200,106140.92
1747720800,105543.27
1747724400,105084.95
1747728000,105193.57
1747731600,105302.23
1747735200,105062.77
1747738800,105222.51
1747742400,104814.05
1747746000,104472.15
1747749600,104564.71
1747753200,105382.18
1747756800,105231.08
1747760400,106229.73
1747764000,105297.04
1747767600,107051.09
1747771200,106928.62
1747774800,106693.29
1747778400,106836.06
1747782000,106791.31
1747785600,106765.20
1747789200,106534.54
1747792800,106899.94
1747796400,106904.73
1747800000,107400.07
1747803600,107633.64
1747807200,107842.64
1747810800,106600.35
1747814400,106423.52
1747818000,106228.02
1747821600,106362.15
1747825200,106571.19
1747828800,106539.84
1747832400,107465.40
1747836000,108884.99
1747839600,109026.04
1747843200,109274.70
1747846800,106395.48
1747850400,107047.77
1747854000,108799.63
1747857600,108218.23
1747861200,108494.31
1747864800,108804.27
1747868400,109673.49
1747872000,109864.11
1747875600,109893.36
1747879200,110505.96
1747882800,111804.11
1747886400,111487.76
1747890000,110906.14
1747893600,110499.01
1747897200,111099.52
1747900800,110425.05
1747904400,110781.59
1747908000,110772.42
1747911600,111036.17
1747915200,111555.64
1747918800,111179.68
1747922400,110731.12
1747926000,111236.67
1747929600,111191.98
1747933200,111539.71
1747936800,111805.67
1747940400,111056.42
1747944000,111068.10
1747947600,110910.34
1747951200,111045.02
1747954800,111679.36
1747958400,111617.31
1747962000,111308.16
1747965600,111228.23
1747969200,111129.17
1747972800,110730.60
1747976400,110828.13
1747980000,110514.36
1747983600,110746.87
1747987200,110894.73
1747990800,111312.86
1747994400,111039.09
1747998000,109068.38
1748001600,108533.75
1748005200,109665.46
1748008800,109755.49
1748012400,109137.84
1748016000,109016.51
1748019600,109482.54
1748023200,108783.62
1748026800,108866.16
1748030400,108216.42
1748034000,108149.48
1748037600,107818.40
1748041200,107278.51
1748044800,107375.98
1748048400,107501.87
1748052000,107744.69
1748055600,108297.60
1748059200,108522.95
1748062800,108240.66
1748066400,107935.04
1748070000,107683.02
1748073600,108260.24
1748077200,108207.09
1748080800,109105.75
1748084400,109175.64
1748088000,108812.92
1748091600,108609.27
1748095200,109019.93
1748098800,108936.24
1748102400,109021.29
1748106000,108990.13
1748109600,108816.46
1748113200,108977.30
1748116800,108889.73
1748120400,108862.95
1748124000,108075.88
1748127600,107802.27
1748131200,107457.78
1748134800,107694.92
1748138400,107990.27
1748142000,108152.68
1748145600,108272.55
1748149200,108112.24
1748152800,107883.31
1748156400,107681.32
1748160000,107103.45
1748163600,107100.86
1748167200,106952.44
1748170800,107272.38
1748174400,107530.35
1748178000,107624.25
1748181600,107362.99
1748185200,106982.84
1748188800,107170.70
1748192400,107387.10
1748196000,107438.72
1748199600,107779.94
1748203200,107679.39
1748206800,107580.71
1748210400,109163.23
1748214000,109023.78
1748217600,109490.80
1748221200,109528.62
1748224800,109426.27
1748228400,109657.28
1748232000,109588.55
1748235600,109692.96
1748239200,109975.25
1748242800,110074.95
1748246400,109711.55
1748250000,109694.25
1748253600,109635.20
1748257200,109754.93
1748260800,109944.59
1748264400,109605.42
1748268000,109674.09
1748271600,110030.41
1748275200,109385.38
1748278800,109159.55
1748282400,109111.73
1748286000,109144.56
1748289600,109554.88
1748293200,109383.48
1748296800,109236.43
1748300400,109440.41
1748304000,109173.09
1748307600,108389.38
1748311200,108309.72
1748314800,108921.57
1748318400,108947.15
1748322000,108937.58
1748325600,108881.18
1748329200,109485.79
1748332800,109658.47
1748336400,109864.35
1748340000,109722.77
1748343600,109569.96
1748347200,109616.23
1748350800,109915.84
1748354400,109330.87
1748358000,110124.95
1748361600,110256.05
1748365200,110352.23
1748368800,109912.71
1748372400,109877.84
1748376000,109634.78
1748379600,108887.84
1748383200,109096.28
1748386800,108992.17
1748390400,109233.48
1748394000,108830.98
1748397600,108702.20
1748401200,108919.76
1748404800,109004.89
1748408400,109050.21
1748412000,108761.11
1748415600,108853.15
1748419200,109047.75
1748422800,108793.30
1748426400,108901.52
1748430000,108902.12
1748433600,108914.52
1748437200,108085.83
1748440800,107550.10
1748444400,107127.67
1748448000,107386.70
1748451600,107716.05
1748455200,107483.67
1748458800,107142.99
1748462400,107350.00
1748466000,107441.19
1748469600,107460.86
1748473200,107795.57
1748476800,108141.16
1748480400,108237.42
1748484000,108425.13
1748487600,108042.45
1748491200,107603.85
1748494800,107692.27
1748498400,107855.12
1748502000,107865.30
1748505600,108488.73
1748509200,108573.32
1748512800,108843.72
1748516400,108751.72
1748520000,108483.84
1748523600,107577.12
1748527200,107789.46
1748530800,107053.93
1748534400,106819.11
1748538000,106313.73
1748541600,105939.45
1748545200,105747.90
1748548800,106143.79
1748552400,106444.99
1748556000,105961.07
1748559600,105646.21
1748563200,104832.38
1748566800,105690.15
1748570400,105998.98
1748574000,105985.22
1748577600,106137.41
1748581200,106102.73
1748584800,105719.45
1748588400,104966.64
1748592000,105268.59
1748595600,105641.78
1748599200,105907.20
1748602800,105956.58
1748606400,105738.05
1748610000,105535.02
1748613600,105411.60
1748617200,105571.36
1748620800,103865.62
1748624400,104148.86
1748628000,104884.77
1748631600,104706.25
1748635200,104558.39
1748638800,104652.12
1748642400,104061.66
1748646000,103994.72
1748649600,103969.02
1748653200,103458.61
1748656800,103251.91
1748660400,103673.43
1748664000,103849.38
1748667600,103587.92
1748671200,103899.98
1748674800,103804.97
1748678400,103751.88
1748682000,103590.34
1748685600,103414.59
1748689200,103510.41
1748692800,104023.48
1748696400,104120.05
1748700000,104554.30
1748703600,104596.91
1748707200,104571.59
1748710800,104391.72
1748714400,104528.76
1748718000,104736.58
1748721600,104817.98
1748725200,104842.92
1748728800,104691.88
1748732400,104637.30
1748736000,104459.82
1748739600,104115.18
1748743200,104264.49
1748746800,104448.66
1748750400,104699.77
1748754000,104577.66
1748757600,104298.45
1748761200,104314.85
1748764800,104344.25
1748768400,103858.09
1748772000,103929.50
1748775600,104125.95
1748779200,103990.01
1748782800,104295.20
1748786400,104657.48
1748790000,104745.35
1748793600,105229.24
1748797200,105116.31
1748800800,104870.02
1748804400,105155.98
1748808000,104994.30
1748811600,105497.54
1748815200,105536.95
1748818800,105649.81
1748822400,105486.02
1748826000,105459.08
1748829600,105070.34
1748833200,104907.14
1748836800,104771.95
1748840400,104845.44
1748844000,105193.91
1748847600,105392.66
1748851200,105398.46
1748854800,104618.12
1748858400,104412.77
1748862000,104065.52
1748865600,104172.66
1748869200,103806.98
1748872800,104160.82
1748876400,104426.84
1748880000,104359.64
1748883600,104441.58
1748887200,104347.75
1748890800,104489.35
1748894400,104902.99
1748898000,104935.86
1748901600,105714.27
1748905200,105885.80
1748908800,106297.79
1748912400,106477.08
1748916000,105749.87
1748919600,105528.22
1748923200,105210.41
1748926800,105485.10
1748930400,105365.52
1748934000,105230.41
1748937600,105120.80
1748941200,105238.97
1748944800,105320.38
1748948400,105319.84
1748952000,105392.48
1748955600,105571.84
1748959200,106613.22
1748962800,106691.71
1748966400,105881.91
1748970000,105982.45
1748973600,106055.77
1748977200,106208.68
1748980800,105772.52
1748984400,105429.82
1748988000,105804.94
1748991600,105434.37
1748995200,105536.98
1748998800,105614.35
1749002400,105546.24
1749006000,105581.59
1749009600,105490.89
1749013200,105457.62
1749016800,105382.64
1749020400,105397.31
1749024000,105535.30
1749027600,105876.09
1749031200,105728.49
1749034800,105155.36
1749038400,105099.11
1749042000,104792.68
1749045600,105015.72
1749049200,105398.48
1749052800,105483.09
1749056400,105090.02
1749060000,105001.97
1749063600,105065.26
1749067200,104618.29
1749070800,104997.48
1749074400,104858.32
1749078000,104750.78
1749081600,104999.12
1749085200,104800.54
1749088800,105061.19
1749092400,105074.80
1749096000,105215.05
1749099600,104675.42
1749103200,104497.16
1749106800,104553.08
1749110400,104697.12
1749114000,104954.74
1749117600,104700.69
1749121200,104880.49
1749124800,105723.62
1749128400,104432.77
1749132000,104598.79
1749135600,104708.05
1749139200,103426.60
1749142800,103260.83
1749146400,103051.45
1749150000,102017.56
1749153600,100587.24
1749157200,101624.26
1749160800,101565.27
1749164400,101574.37
1749168000,101938.40
1749171600,101896.62
1749175200,102144.09
1749178800,102546.70
1749182400,102817.23
1749186000,103012.98
1749189600,103220.32
1749193200,103198.10
1749196800,103584.48
1749200400,103717.70
1749204000,103771.67
1749207600,104004.33
1749211200,103887.17
1749214800,104158.91
1749218400,104826.99
1749222000,105098.60
1749225600,104838.75
1749229200,104994.86
1749232800,104581.62
1749236400,104228.10
1749240000,104568.29
1749243600,104483.25
1749247200,104568.50
1749250800,104390.65
1749254400,104581.32
1749258000,104568.35
1749261600,104649.12
1749265200,104958.99
1749268800,104896.30
1749272400,104984.05
1749276000,105350.88
1749279600,104946.49
1749283200,104831.19
1749286800,104909.70
1749290400,105208.94
1749294000,105133.97
1749297600,105501.48
1749301200,105710.07
1749304800,105519.56
1749308400,105616.11
1749312000,105402.34
1749315600,105446.64
1749319200,105658.55
1749322800,105771.53
1749326400,105912.94
1749330000,105876.54
1749333600,105881.52
1749337200,105617.51
1749340800,105521.32
1749344400,105768.54
1749348000,105540.98
1749351600,105543.21
1749355200,105651.52
1749358800,105490.12
1749362400,105527.52
1749366000,105473.51
1749369600,105413.93
1749373200,105231.43
1749376800,105413.77
1749380400,105706.32
1749384000,105757.33
1749387600,105734.33
1749391200,105884.32
1749394800,106040.95
1749398400,106242.30
1749402000,106195.12
1749405600,106365.07
1749409200,106338.09
1749412800,106200.34
1749416400,106381.98
1749420000,105820.59
1749423600,105793.02
1749427200,105745.45
1749430800,105574.31
1749434400,105664.24
1749438000,105691.33
1749441600,105541.86
1749445200,105494.10
1749448800,105736.31
1749452400,105640.01
1749456000,106003.61
1749459600,106713.30
1749463200,107242.89
1749466800,107774.46
1749470400,107834.65
1749474000,107159.19
1749477600,107630.54
1749481200,107748.68
1749484800,107773.02
1749488400,108397.20
1749492000,108499.47
1749495600,108602.94
1749499200,108753.60
1749502800,110035.60
1749506400,110192.80
1749510000,110295.69
1749513600,109971.02
1749517200,109815.76
1749520800,109690.02
1749524400,109569.84
1749528000,109552.34
1749531600,109378.30
1749535200,109547.22
1749538800,109268.70
1749542400,109102.07
1749546000,109524.05
1749549600,109325.95
1749553200,109551.45
1749556800,109696.92
1749560400,109290.72
1749564000,108635.96
1749567600,109028.98
1749571200,108698.12
1749574800,108736.86
1749578400,109378.18
1749582000,109439.39
1749585600,109977.26
1749589200,109839.54
1749592800,109742.70
1749596400,110261.80
1749600000,109818.02
1749603600,109612.80
1749607200,109691.45
1749610800,109733.73
1749614400,109582.71
1749618000,109527.51
1749621600,109611.77
1749625200,109456.35
1749628800,109597.23
1749632400,109253.62
1749636000,109359.21
1749639600,109241.62
1749643200,109624.56
1749646800,109640.39
1749650400,109864.54
1749654000,109709.27
1749657600,109439.16
1749661200,109120.08
1749664800,108862.14
1749668400,108727.84
1749672000,108913.38
1749675600,108516.91
1749679200,108439.66
1749682800,108685.91
1749686400,108724.73
1749690000,108487.76
1749693600,108452.05
1749697200,107871.35
1749700800,107735.18
1749704400,107740.91
1749708000,107927.97
1749711600,107611.70
1749715200,107724.86
1749718800,107529.99
1749722400,107310.18
1749726000,106926.75
1749729600,106977.47
1749733200,106952.66
1749736800,107591.74
1749740400,107038.27
1749744000,107686.27
1749747600,108291.41
1749751200,107499.31
1749754800,106767.78
1749758400,106032.44
1749762000,106039.79
1749765600,105914.19
1749769200,105924.59
1749772800,103938.21
1749776400,103822.38
1749780000,103693.36
1749783600,104419.16
1749787200,104493.47
1749790800,104097.52
1749794400,104669.30
1749798000,104945.41
1749801600,104830.22
1749805200,104892.20
1749808800,104925.75
1749812400,105022.05
1749816000,104874.91
1749819600,104727.36
1749823200,104970.59
1749826800,105454.79
1749830400,105813.76
1749834000,105451.61
1749837600,105100.70
1749841200,105108.06
1749844800,105452.43
1749848400,105676.03
1749852000,105799.85
1749855600,106108.09
1749859200,105807.64
1749862800,105544.59
1749866400,105420.62
1749870000,105298.62
1749873600,105410.13
1749877200,105354.50
1749880800,105184.83
1749884400,105136.23
1749888000,105171.20
1749891600,104919.87
1749895200,105056.87
1749898800,105146.56
1749902400,105066.59
1749906000,105068.93
1749909600,104967.00
1749913200,104866.84
1749916800,104494.41
1749920400,104657.30
1749924000,104915.70
1749927600,104736.45
1749931200,104908.32
1749934800,105445.16
1749938400,105417.49
1749942000,105464.84
1749945600,105707.38
1749949200,105475.30
1749952800,105538.20
1749956400,105531.84
1749960000,105606.69
1749963600,106047.52
1749967200,105514.90
1749970800,105487.62
1749974400,105193.85
1749978000,104975.20
1749981600,105144.47
1749985200,104985.62
1749988800,105298.88
1749992400,105562.29
1749996000,105730.77
1749999600,105582.20
1750003200,105560.12
1750006800,105711.93
1750010400,105531.19
1750014000,105300.01
1750017600,104704.67
1750021200,104788.01
1750024800,105290.23
1750028400,105555.59
1750032000,105445.39
1750035600,105842.15
1750039200,105829.66
1750042800,105940.21
1750046400,106349.41
1750050000,106552.81
1750053600,106593.55
1750057200,107042.75
1750060800,107164.80
1750064400,106939.04
1750068000,106818.23
1750071600,106875.27
1750075200,106709.20
1750078800,107096.04
1750082400,107539.73
1750086000,107417.16
1750089600,107837.90
1750093200,107713.23
1750096800,108269.60
1750100400,108497.36
1750104000,108822.15
1750107600,108562.65
1750111200,107787.72
1750114800,106794.12
1750118400,107254.23
1750122000,107266.30
1750125600,107522.43
1750129200,107628.98
1750132800,107366.06
1750136400,107140.72
1750140000,106847.61
1750143600,106788.08
1750147200,106596.39
1750150800,106154.62
1750154400,105980.78
1750158000,105674.62
1750161600,105537.69
1750165200,105428.59
1750168800,104966.62
1750172400,104269.55
1750176000,103595.93
1750179600,103907.23
1750183200,104426.35
1750186800,104829.18
1750190400,104427.14
1750194000,104612.77
1750197600,104273.34
1750201200,104602.07
1750204800,104842.84
1750208400,104796.72
1750212000,104952.95
1750215600,105189.99
1750219200,105455.44
1750222800,105453.82
1750226400,105024.25
1750230000,104975.83
1750233600,105003.41
1750237200,104724.36
1750240800,104256.38
1750244400,104860.69
1750248000,104526.95
1750251600,104493.95
1750255200,104659.51
1750258800,104841.52
1750262400,104517.16
1750266000,104348.29
1750269600,103684.20
1750273200,103935.15
1750276800,104855.99
1750280400,104999.32
1750284000,104848.61
1750287600,104886.77
1750291200,104990.32
1750294800,104628.14
1750298400,104786.54
1750302000,105133.33
1750305600,105097.05
1750309200,104933.55
1750312800,104742.13
1750316400,104670.41
1750320000,104768.24
1750323600,105026.07
1750327200,104944.00
1750330800,104807.67
1750334400,104781.65
1750338000,104343.12
1750341600,104169.76
1750345200,104158.46
1750348800,103962.42
1750352400,104550.85
1750356000,104368.09
1750359600,104317.66
1750363200,104285.05
1750366800,104322.03
1750370400,104641.88
1750374000,104681.03
1750377600,104723.13
1750381200,104797.38
1750384800,104633.95
1750388400,104643.55
1750392000,104276.16
1750395600,104592.64
1750399200,104742.09
1750402800,105840.84
1750406400,106013.64
1750410000,106009.83
1750413600,105975.85
1750417200,106016.11
1750420800,105990.38
1750424400,105732.88
1750428000,104069.02
1750431600,104257.95
1750435200,103778.61
1750438800,103201.91
1750442400,103252.90
1750446000,103485.45
1750449600,103734.40
1750453200,103564.11
1750456800,103118.67
1750460400,103315.08
1750464000,103266.77
1750467600,103514.11
1750471200,103508.88
1750474800,103554.39
1750478400,103417.36
1750482000,103439.51
1750485600,103624.30
1750489200,103471.65
1750492800,103790.89
1750496400,103872.88
1750500000,103852.04
1750503600,103895.76
1750507200,103826.73
1750510800,103594.07
1750514400,103528.04
1750518000,103602.33
1750521600,103571.52
1750525200,103218.05
1750528800,102703.76
1750532400,102276.65
1750536000,102852.41
1750539600,101604.41
1750543200,101821.95
1750546800,102212.03
1750550400,102907.67
1750554000,102409.46
1750557600,102459.12
1750561200,102403.30
1750564800,102675.69
1750568400,102880.40
1750572000,102751.38
1750575600,102491.32
1750579200,102726.93
1750582800,102205.05
1750586400,102520.11
1750590000,102781.76
1750593600,102766.83
1750597200,100866.98
1750600800,99529.51
1750604400,99182.05
1750608000,99408.81
1750611600,99566.68
1750615200,99488.34
1750618800,98914.84
1750622400,99740.66
1750626000,99235.08
1750629600,100956.48
1750633200,100987.48
1750636800,101042.84
1750640400,101130.34
1750644000,101353.34
1750647600,101157.53
1750651200,101188.47
1750654800,101841.09
1750658400,101976.61
1750662000,101967.27
1750665600,101925.40
1750669200,101610.29
1750672800,101536.20
1750676400,101354.23
1750680000,101638.31
1750683600,102433.80
1750687200,101607.55
1750690800,101502.34
1750694400,100640.49
1750698000,102472.11
1750701600,103055.16
1750705200,103298.17
1750708800,103785.77
1750712400,103789.20
1750716000,105721.00
1750719600,105571.52
1750723200,105202.18
1750726800,105539.69
1750730400,104840.80
1750734000,105031.11
1750737600,104892.16
1750741200,105455.71
1750744800,105785.64
1750748400,105005.82
1750752000,105080.72
1750755600,105285.76
1750759200,105358.80
1750762800,105248.36
1750766400,105254.16
1750770000,105129.00
1750773600,105553.95
1750777200,105276.11
1750780800,106071.42
1750784400,106089.73
1750788000,105636.11
1750791600,105605.29
1750795200,106142.59
1750798800,106049.64
1750802400,106072.52
1750806000,106047.41
1750809600,106420.14
1750813200,106405.58
1750816800,106554.02
1750820400,106313.66
1750824000,106257.78
1750827600,106294.00
1750831200,106459.53
1750834800,106673.75
1750838400,106609.55
1750842000,106675.84
1750845600,107064.80
1750849200,107233.09
1750852800,107250.20
1750856400,108018.98
1750860000,107698.02
1750863600,107046.51
1750867200,107206.61
1750870800,107409.88
1750874400,107408.55
1750878000,107737.52
1750881600,107840.58
1750885200,107503.82
1750888800,107338.05
1750892400,107375.07
1750896000,107359.14
1750899600,107669.30
1750903200,107985.33
1750906800,107899.04
1750910400,107878.82
1750914000,107659.53
1750917600,107780.12
1750921200,107866.88
1750924800,107843.62
1750928400,107389.30
1750932000,107425.26
1750935600,107365.13
1750939200,107192.16
1750942800,106938.88
1750946400,107492.78
1750950000,107252.61
1750953600,107168.02
1750957200,107222.36
1750960800,107407.88
1750964400,107669.48
1750968000,107769.12
1750971600,107027.63
1750975200,107030.10
1750978800,106954.92
1750982400,106727.00
1750986000,107170.45
1750989600,107308.01
1750993200,107524.91
1750996800,107567.50
1751000400,107335.38
1751004000,107373.61
1751007600,106959.15
1751011200,107057.34
1751014800,107140.49
1751018400,107042.11
1751022000,107021.65
1751025600,106694.37
1751029200,106830.24
1751032800,106538.23
1751036400,107394.01
1751040000,107545.24
1751043600,106878.52
1751047200,106675.13
1751050800,106976.11
1751054400,107134.33
1751058000,107136.02
1751061600,107156.31
1751065200,107090.55
1751068800,107113.13
1751072400,107124.39
1751076000,107160.50
1751079600,107341.84
1751083200,107252.09
1751086800,107348.66
1751090400,107458.41
1751094000,107519.49
1751097600,107434.62
1751101200,107358.74
1751104800,107314.84
1751108400,107400.93
1751112000,107376.95
1751115600,107138.66
1751119200,107257.98
1751122800,107546.12
1751126400,107319.74
1751130000,107499.11
1751133600,107359.34
1751137200,107275.74
1751140800,107233.37
1751144400,107326.54
1751148000,107390.87
1751151600,107327.82
1751155200,107501.03
1751158800,107375.59
1751162400,107344.38
1751166000,107251.68
1751169600,107295.48
1751173200,107342.07
1751176800,107394.81
1751180400,107377.07
1751184000,107708.45
1751187600,107900.46
1751191200,108177.01
1751194800,108460.78
1751198400,108209.96
1751202000,108080.49
1751205600,107969.15
1751209200,107790.54
1751212800,107570.94
1751216400,107537.46
1751220000,107700.90
1751223600,107456.20
1751227200,107439.06
1751230800,107536.39
1751234400,108131.70
1751238000,108388.98
1751241600,108726.06
1751245200,108560.80
1751248800,108501.23
1751252400,108551.08
1751256000,108359.12
1751259600,108311.27
1751263200,107625.30
1751266800,107655.22
1751270400,107514.18
1751274000,107520.62
1751277600,107648.05
1751281200,107674.06
1751284800,107611.80
1751288400,107520.66
1751292000,106958.11
1751295600,107571.43
1751299200,107705.74
1751302800,107540.61
1751306400,107285.12
1751310000,107750.11
1751313600,107576.16
1751317200,107179.05
1751320800,107149.52
1751324400,107144.38
1751328000,107375.35
1751331600,107255.73
1751335200,107140.38
1751338800,107240.25
1751342400,106943.10
1751346000,106971.12
1751349600,106917.41
1751353200,107179.03
1751356800,106739.76
1751360400,106587.57
1751364000,106475.36
1751367600,106611.40
1751371200,106463.10
1751374800,106844.46
1751378400,105939.23
1751382000,106043.78
1751385600,106075.53
1751389200,106288.03
1751392800,105740.15
1751396400,105486.40
1751400000,106001.01
1751403600,105812.62
1751407200,105705.91
1751410800,105703.10
1751414400,105404.99
1751418000,105733.59
1751421600,105934.41
1751425200,106196.67
1751428800,106379.01
1751432400,106646.62
1751436000,107023.67
1751439600,107175.73
1751443200,107768.84
1751446800,107663.05
1751450400,107827.81
1751454000,107506.99
1751457600,107442.13
1751461200,107783.55
1751464800,108195.69
1751468400,108795.27
1751472000,109483.18
1751475600,109113.49
1751479200,109567.36
1751482800,109681.97
1751486400,109219.17
1751490000,109495.54
1751493600,109186.37
1751497200,108845.02
1751500800,108969.18
1751504400,109074.48
1751508000,108779.42
1751511600,108692.97
1751515200,108824.29
1751518800,109386.99
1751522400,109517.41
1751526000,109320.95
1751529600,109419.52
1751533200,109988.81
1751536800,109873.10
1751540400,109649.38
1751544000,109182.38
1751547600,110462.32
1751551200,109764.96
1751554800,109162.96
1751558400,109487.86
1751562000,109583.16
1751565600,109685.45
1751569200,109820.35
1751572800,109946.92
1751576400,109842.91
1751580000,109749.50
1751583600,109635.66
1751587200,109521.16
1751590800,109550.42
1751594400,109255.95
1751598000,109299.89
1751601600,109029.20
1751605200,109062.95
1751608800,109057.14
1751612400,108754.36
1751616000,108799.54
1751619600,109038.20
1751623200,108948.88
1751626800,108921.50
1751630400,108779.05
1751634000,108082.89
1751637600,107858.16
1751641200,107681.70
1751644800,107652.27
1751648400,107918.89
1751652000,107569.96
1751655600,107492.01
1751659200,107743.63
1751662800,107935.43
1751666400,108283.57
1751670000,108015.84
1751673600,108235.88
1751677200,108013.58
1751680800,108114.13
1751684400,108207.59
1751688000,108187.56
1751691600,108178.69
1751695200,108300.81
1751698800,108066.16
1751702400,108057.93
1751706000,108120.42
1751709600,108161.25
1751713200,108182.53
1751716800,108181.48
1751720400,108169.80
1751724000,108232.97
1751727600,108095.36
1751731200,108131.82
1751734800,108125.38
1751738400,108029.11
1751742000,108174.77
1751745600,108133.92
1751749200,108120.91
1751752800,108227.26
1751756400,108231.19
1751760000,108238.18
1751763600,108239.97
1751767200,108166.23
1751770800,108088.85
1751774400,108025.80
1751778000,108036.50
1751781600,108179.55
1751785200,108082.54
1751788800,108033.88
1751792400,107890.59
1751796000,108022.41
1751799600,108095.28
1751803200,108225.54
1751806800,108894.35
1751810400,108923.33
1751814000,108918.49
1751817600,108863.35
1751821200,108930.96
1751824800,108477.45
1751828400,108527.13
1751832000,108747.06
1751835600,109176.34
1751839200,109257.20
1751842800,109235.33
1751846400,108868.80
1751850000,109048.80
1751853600,109408.09
1751857200,109393.22
1751860800,109144.88
1751864400,109094.75
1751868000,108789.84
1751871600,109075.92
1751875200,109033.66
1751878800,108836.52
1751882400,108700.98
1751886000,108690.28
1751889600,108353.95
1751893200,108545.16
1751896800,108258.04
1751900400,108305.91
1751904000,107984.18
1751907600,107928.16
1751911200,108008.72
1751914800,108141.42
1751918400,107892.27
1751922000,108209.51
1751925600,108028.41
1751929200,108298.23
1751932800,108305.88
1751936400,107746.16
1751940000,107748.19
1751943600,107906.48
1751947200,108007.29
1751950800,108212.98
1751954400,108297.78
1751958000,108475.89
1751961600,108294.87
1751965200,108453.90
1751968800,108840.91
1751972400,108778.95
1751976000,108930.33
1751979600,109106.54
1751983200,108387.33
1751986800,108281.64
1751990400,108476.78
1751994000,109035.00
1751997600,109185.12
1752001200,108777.41
1752004800,108693.17
1752008400,108897.66
1752012000,108931.64
1752015600,108965.18
1752019200,108967.05
1752022800,108798.32
1752026400,108637.73
1752030000,108413.10
1752033600,108576.48
1752037200,108789.27
1752040800,108857.44
1752044400,108732.05
1752048000,108702.70
1752051600,108772.26
1752055200,108898.61
1752058800,109083.70
1752062400,109362.32
1752066000,109194.11
1752069600,109006.38
1752073200,109095.49
1752076800,109428.41
1752080400,109210.40
1752084000,109545.45
1752087600,111779.75
1752091200,110735.82
1752094800,110968.49
1752098400,111428.20
1752102000,111329.20
1752105600,110969.50
1752109200,111350.42
1752112800,111254.32
1752116400,111118.08
1752120000,111187.98
1752123600,111149.37
1752127200,111321.46
1752130800,111270.60
1752134400,111288.58
1752138000,111109.38
1752141600,111138.01
1752145200,111068.45
1752148800,110904.95
1752152400,110758.15
1752156000,111266.18
1752159600,111454.23
1752163200,112700.91
1752166800,113822.91
1752170400,113468.08
1752174000,113436.83
1752177600,113615.40
1752181200,116458.03
1752184800,116049.70
1752188400,115986.23
1752192000,115724.81
1752195600,115946.54
1752199200,116686.59
1752202800,116842.98
1752206400,116887.44
1752210000,117886.61
1752213600,117683.52
1752217200,117629.59
1752220800,117986.45
1752224400,118498.96
1752228000,117994.60
1752231600,117918.17
1752235200,117911.07
1752238800,118125.18
1752242400,117695.44
1752246000,116967.61
1752249600,117439.77
1752253200,117649.69
1752256800,117715.65
1752260400,118029.49
1752264000,117766.22
1752267600,117625.34
1752271200,117616.59
1752274800,117530.71
1752278400,117340.73
1752282000,117675.41
1752285600,117648.65
1752289200,117715.08
1752292800,117673.56
1752296400,117730.79
1752300000,117956.45
1752303600,117760.82
1752307200,117905.30
1752310800,118180.81
1752314400,118122.88
1752318000,117825.77
1752321600,117501.70
1752325200,117492.23
1752328800,117399.95
1752332400,117161.11
1752336000,117223.59
1752339600,117488.34
1752343200,117484.48
1752346800,117565.29
1752350400,117120.52
1752354000,117492.43
1752357600,117414.00
1752361200,117432.20
1752364800,117353.12
1752368400,117589.05
1752372000,117662.59
1752375600,117792.78
1752379200,117917.75
1752382800,117780.71
1752386400,117941.84
1752390000,117986.41
1752393600,117830.81
1752397200,117778.43
1752400800,117790.43
1752404400,118038.76
1752408000,118472.89
1752411600,118667.13
1752415200,118753.61
1752418800,118731.77
1752422400,118657.12
1752426000,118719.38
1752429600,119012.98
1752433200,119088.79
1752436800,119162.33
1752440400,118671.25
1752444000,118659.32
1752447600,119115.79
1752451200,119118.91
1752454800,119135.04
1752458400,119702.20
1752462000,120785.57
1752465600,121369.86
1752469200,122454.95
1752472800,122091.02
1752476400,122776.27
1752480000,122566.45
1752483600,121969.55
1752487200,121918.61
1752490800,121487.48
1752494400,121863.00
1752498000,121618.05
1752501600,121127.67
1752505200,119827.23
1752508800,120258.16
1752512400,119805.57
1752516000,119644.44
1752519600,119836.31
1752523200,120363.05
1752526800,120234.41
1752530400,120076.74
1752534000,119853.85
1752537600,119553.11
1752541200,118664.74
1752544800,118308.35
1752548400,117261.60
1752552000,117475.27
1752555600,117382.12
1752559200,117017.91
1752562800,116904.07
1752566400,116777.91
1752570000,116748.39
1752573600,117023.93
1752577200,117140.04
1752580800,117188.51
1752584400,118169.81
1752588000,116077.62
1752591600,116382.27
1752595200,117137.05
1752598800,117387.28
1752602400,116792.70
1752606000,116526.48
1752609600,116556.33
1752613200,117520.17
1752616800,117845.09
1752620400,117777.19
1752624000,118115.32
1752627600,117748.48
1752631200,117289.07
1752634800,117493.41
1752638400,117624.40
1752642000,117879.76
1752645600,118279.68
1752649200,118178.35
1752652800,118709.17
1752656400,119121.05
1752660000,118762.88
1752663600,118765.26
1752667200,118659.73
1752670800,118732.84
1752674400,119061.12
1752678000,119096.15
1752681600,119312.91
1752685200,119129.31
1752688800,119634.79
1752692400,119255.75
1752696000,119877.88
1752699600,119434.31
1752703200,118705.64
1752706800,118738.51
1752710400,118975.86
1752714000,118028.28
1752717600,118353.74
1752721200,118144.69
1752724800,118510.56
1752728400,118620.12
1752732000,118450.80
1752735600,118404.81
1752739200,118295.55
1752742800,118863.43
1752746400,118471.01
1752750000,118031.36
1752753600,117992.21
1752757200,118419.02
1752760800,118724.52
1752764400,118933.63
1752768000,118513.14
1752771600,119237.34
1752775200,119633.65
1752778800,118958.12
1752782400,119225.77
1752786000,120373.93
1752789600,119812.89
1752793200,119284.11
1752796800,119850.25
1752800400,120422.13
1752804000,120192.86
1752807600,120309.98
1752811200,120531.29
1752814800,120652.06
1752818400,120367.94
1752822000,119531.04
1752825600,118716.06
1752829200,118951.84
1752832800,119241.27
1752836400,119234.77
1752840000,119520.92
1752843600,118822.48
1752847200,118242.84
1752850800,117913.41
1752854400,117653.68
1752858000,117703.74
1752861600,117437.16
1752865200,117454.31
1752868800,117548.95
1752872400,117691.26
1752876000,117769.78
1752879600,117998.12
1752883200,117838.84
1752886800,118118.95
1752890400,118279.17
1752894000,118357.15
1752897600,118223.05
1752901200,118312.53
1752904800,118231.69
1752908400,118250.86
1752912000,118219.36
1752915600,118287.60
1752919200,118455.05
1752922800,118371.66
1752926400,118271.49
1752930000,118146.12
1752933600,117744.02
1752937200,118124.73
1752940800,118043.02
1752944400,117839.06
1752948000,117902.67
1752951600,118064.98
1752955200,117802.30
1752958800,117760.27
1752962400,117859.22
1752966000,117944.11
1752969600,117998.77
1752973200,118002.02
1752976800,118003.41
1752980400,118028.15
1752984000,118018.00
1752987600,117915.82
1752991200,117871.96
1752994800,118073.68
1752998400,118211.69
1753002000,118048.18
1753005600,117940.98
1753009200,117866.75
1753012800,118103.73
1753016400,118366.83
1753020000,118497.39
1753023600,118729.44
1753027200,118594.52
1753030800,118056.05
1753034400,118391.13
1753038000,118253.33
1753041600,118151.84
1753045200,118062.32
1753048800,117602.59
1753052400,117306.47
1753056000,117347.24
1753059600,117343.64
1753063200,118058.00
1753066800,118434.76
1753070400,118381.07
1753074000,118427.16
1753077600,119205.52
1753081200,119341.58
1753084800,119021.60
1753088400,118730.80
1753092000,118615.08
1753095600,118191.42
1753099200,118225.06
1753102800,118851.84
1753106400,118864.82
1753110000,118360.54
1753113600,117839.28
1753117200,117906.92
1753120800,117209.32
1753124400,116856.49
1753128000,117016.59
1753131600,117278.26
1753135200,117439.58
1753138800,117426.50
1753142400,117171.05
1753146000,117838.84
1753149600,117041.95
1753153200,117207.90
1753156800,116747.53
1753160400,117328.23
1753164000,117827.48
1753167600,117924.30
1753171200,118308.35
1753174800,118453.53
1753178400,118922.27
1753182000,119199.29
1753185600,119357.41
1753189200,118292.70
1753192800,119043.41
1753196400,118934.04
1753200000,118715.75
1753203600,119222.64
1753207200,119942.93
1753210800,119278.30
1753214400,119822.10
1753218000,119520.05
1753221600,119877.09
1753225200,119997.45
1753228800,119590.41
1753232400,119565.02
1753236000,119104.04
1753239600,118624.83
1753243200,118999.57
1753246800,118675.62
1753250400,118463.37
1753254000,118406.83
1753257600,118465.62
1753261200,118147.54
1753264800,118430.07
1753268400,118597.55
1753272000,118019.06
1753275600,117521.95
1753279200,118052.31
1753282800,118567.09
1753286400,117795.71
1753290000,118118.59
1753293600,118396.33
1753297200,118449.79
1753300800,118016.73
1753304400,118157.11
1753308000,118618.52
1753311600,118770.98
1753315200,119081.66
1753318800,119168.20
1753322400,119012.27
1753326000,118572.49
1753329600,118049.87
1753333200,117632.69
1753336800,117535.91
1753340400,118509.77
1753344000,118825.03
1753347600,118539.09
1753351200,118472.05
1753354800,118711.39
1753358400,118609.52
1753362000,118331.43
1753365600,119072.32
1753369200,119151.99
1753372800,118580.53
1753376400,119200.41
1753380000,119116.59
1753383600,119071.09
1753387200,118789.63
1753390800,118635.28
1753394400,118413.08
1753398000,118368.00
1753401600,117779.95
1753405200,117503.88
1753408800,116533.93
1753412400,115427.60
1753416000,116128.72
1753419600,115604.83
1753423200,115384.50
1753426800,115151.24
1753430400,115270.93
1753434000,115946.41
1753437600,116291.23
1753441200,116600.15
1753444800,116073.41
1753448400,116148.73
1753452000,114983.98
1753455600,115787.05
1753459200,116182.70
1753462800,116189.21
1753466400,116562.61
1753470000,116763.94
1753473600,117080.91
1753477200,117195.22
1753480800,117303.27
1753484400,117644.84
1753488000,117496.64
1753491600,117201.16
1753495200,117535.47
1753498800,117553.80
1753502400,117529.96
1753506000,117498.92
1753509600,117382.44
1753513200,117360.02
1753516800,117611.19
1753520400,117626.30
1753524000,118038.52
1753527600,117827.98
1753531200,117974.94
1753534800,118170.47
1753538400,118135.65
1753542000,118185.64
1753545600,118107.97
1753549200,118068.56
1753552800,118124.91
1753556400,118274.27
1753560000,118029.87
1753563600,118096.74
1753567200,118096.65
1753570800,117944.73
1753574400,117958.88
1753578000,118149.21
1753581600,118343.54
1753585200,118230.52
1753588800,118236.56
1753592400,118334.05
1753596000,118312.28
1753599600,118154.29
1753603200,117994.98
1753606800,117965.07
1753610400,118264.48
1753614000,118092.28
1753617600,118142.70
1753621200,118260.90
1753624800,118455.16
1753628400,118623.58
1753632000,119075.20
1753635600,119217.05
1753639200,119106.10
1753642800,119014.08
1753646400,118780.62
1753650000,119254.29
1753653600,119547.59
1753657200,119457.52
1753660800,119329.55
1753664400,119043.18
1753668000,119433.70
1753671600,119302.20
1753675200,119237.85
1753678800,119613.80
1753682400,119479.84
1753686000,118903.45
1753689600,119103.72
1753693200,118958.21
1753696800,118774.88
1753700400,118807.05
1753704000,118850.66
1753707600,118422.59
1753711200,117992.28
1753714800,118196.23
1753718400,118032.81
1753722000,117679.98
1753725600,117794.83
1753729200,118000.24
1753732800,118014.59
1753736400,118059.61
1753740000,117853.24
1753743600,117938.59
1753747200,117964.18
1753750800,117877.61
1753754400,118078.69
1753758000,118799.25
1753761600,118542.38
1753765200,118824.03
1753768800,118832.34
1753772400,118862.73
1753776000,118854.84
1753779600,118784.36
1753783200,118342.59
1753786800,118592.30
1753790400,118916.67
1753794000,118606.16
1753797600,117777.81
1753801200,117416.23
1753804800,117675.15
1753808400,117772.66
1753812000,117535.33
1753815600,117571.40
1753819200,117329.80
1753822800,117597.91
1753826400,117821.46
1753830000,117909.74
1753833600,117708.40
1753837200,117838.36
1753840800,118008.48
1753844400,118159.71
1753848000,117988.60
1753851600,117975.39
1753855200,118285.97
1753858800,118111.36
1753862400,118409.88
1753866000,118198.59
1753869600,118079.76
1753873200,117551.52
1753876800,117814.88
1753880400,117754.99
1753884000,118643.82
1753887600,117937.57
1753891200,117737.98
1753894800,117803.62
1753898400,116576.95
1753902000,117011.02
1753905600,117080.19
1753909200,117317.90
1753912800,117480.05
1753916400,117833.63
1753920000,118399.40
1753923600,118023.96
1753927200,118433.94
1753930800,118432.14
1753934400,118505.98
1753938000,118359.27
1753941600,118713.46
1753945200,118658.80
1753948800,118582.90
1753952400,118587.57
1753956000,118476.94
1753959600,118342.42
1753963200,118612.99
1753966800,118594.41
1753970400,117908.41
1753974000,118289.88
1753977600,118512.82
1753981200,117776.96
1753984800,117637.77
1753988400,116779.09
1753992000,116494.05
1753995600,116270.82
1753999200,116111.19
1754002800,115738.95
1754006400,115435.42
1754010000,115269.43
1754013600,115945.61
1754017200,115640.30
1754020800,115672.64
1754024400,115575.55
1754028000,115136.65
1754031600,114970.41
1754035200,114703.29
1754038800,114972.91
1754042400,114716.37
1754046000,115232.71
1754049600,115767.20
1754053200,114269.52
1754056800,115570.24
1754060400,115368.70
1754064000,114875.03
1754067600,114362.38
1754071200,113764.37
1754074800,113271.97
1754078400,113835.99
1754082000,113987.05
1754085600,113181.91
1754089200,113320.39
1754092800,113741.71
1754096400,113612.06
1754100000,113634.81
1754103600,113841.94
1754107200,113976.77
1754110800,113942.62
1754114400,113678.20
1754118000,113970.52
1754121600,113669.91
1754125200,113650.30
1754128800,113563.03
1754132400,113745.30
1754136000,113618.66
1754139600,113460.20
1754143200,113123.83
1754146800,112869.92
1754150400,113144.05
1754154000,112677.60
1754157600,112332.95
1754161200,112272.17
1754164800,112625.96
1754168400,113002.64
1754172000,112840.82
1754175600,112525.80
1754179200,112899.05
1754182800,113110.04
1754186400,113468.01
1754190000,113631.96
1754193600,113440.33
1754197200,113602.09
1754200800,113518.35
1754204400,113668.74
1754208000,113681.19
1754211600,113662.48
1754215200,113894.80
1754218800,113885.94
1754222400,114016.52
1754226000,113927.42
1754229600,113781.06
1754233200,113946.66
1754236800,113956.05
1754240400,114113.20
1754244000,114370.07
1754247600,114296.34
1754251200,114427.25
1754254800,114472.47
1754258400,114319.78
1754262000,114223.92
1754265600,114881.66
1754269200,114668.88
1754272800,114778.43
1754276400,114606.05
1754280000,114371.65
1754283600,114388.09
1754287200,114437.89
1754290800,114708.15
1754294400,114519.98
1754298000,114342.62
1754301600,114276.01
1754305200,114483.30
1754308800,114441.50
1754312400,114856.01
1754316000,114726.90
1754319600,114849.34
1754323200,115362.62
1754326800,115197.79
1754330400,114963.12
1754334000,114743.34
1754337600,114857.45
1754341200,115161.56
1754344800,115311.22
1754348400,115072.19
1754352000,114874.77
1754355600,114703.65
1754359200,114703.34
1754362800,114257.12
1754366400,114360.42
1754370000,114418.18
1754373600,114166.62
1754377200,113975.36
1754380800,114246.48
1754384400,114681.91
1754388000,114834.68
1754391600,114819.22
1754395200,114014.66
1754398800,114370.30
1754402400,113027.52
1754406000,112835.02
1754409600,113118.29
1754413200,113592.73
1754416800,113575.66
1754420400,113687.09
1754424000,113562.59
1754427600,113628.80
1754431200,113932.04
1754434800,114140.91
1754438400,113815.38
1754442000,113844.30
1754445600,113622.80
1754449200,113551.66
1754452800,113410.20
1754456400,114123.09
1754460000,114068.23
1754463600,114206.18
1754467200,113929.71
1754470800,114073.52
1754474400,114059.38
1754478000,114208.95
1754481600,113904.20
1754485200,114316.97
1754488800,114974.92
1754492400,115471.45
1754496000,115129.02
1754499600,115504.40
1754503200,115445.44
1754506800,115205.38
1754510400,115117.45
1754514000,115056.02
1754517600,115133.55
1754521200,115030.05
1754524800,114932.73
1754528400,114724.81
1754532000,114592.79
1754535600,114567.03
1754539200,114381.44
1754542800,114555.66
1754546400,114701.61
1754550000,114809.21
1754553600,115032.90
1754557200,115069.34
1754560800,116368.92
1754564400,116559.32
1754568000,116402.24
1754571600,116630.20
1754575200,116354.54
1754578800,116814.06
1754582400,116282.22
1754586000,116500.39
1754589600,116568.80
1754593200,117494.30
1754596800,117215.65
1754600400,117137.75
1754604000,117612.00
1754607600,117505.50
1754611200,117376.38
1754614800,116887.67
1754618400,116731.22
1754622000,116769.46
1754625600,116789.04
1754629200,116580.00
1754632800,116747.11
1754636400,116877.32
1754640000,116655.02
1754643600,116717.10
1754647200,116543.75
1754650800,116929.66
1754654400,116559.52
1754658000,116900.43
1754661600,116507.30
1754665200,116230.09
1754668800,116212.52
1754672400,116675.74
1754676000,116499.23
1754679600,116437.53
1754683200,116843.97
1754686800,116960.80
1754690400,116903.86
1754694000,116678.27
1754697600,116591.86
1754701200,116586.75
1754704800,116429.57
1754708400,116409.65
1754712000,116457.58
1754715600,116763.73
1754719200,116695.82
1754722800,116768.04
1754726400,117120.30
1754730000,117452.48
1754733600,117439.90
1754737200,117119.12
1754740800,117132.56
1754744400,116982.45
1754748000,116981.80
1754751600,116853.06
1754755200,116699.58
1754758800,116693.51
1754762400,116665.06
1754766000,116570.80
1754769600,116799.75
1754773200,116605.60
1754776800,116575.61
1754780400,116497.72
1754784000,116744.05
1754787600,116569.48
1754791200,117329.96
1754794800,118426.72
1754798400,118451.04
1754802000,118053.51
1754805600,118086.19
1754809200,117818.46
1754812800,118329.09
1754816400,118305.38
1754820000,118028.30
1754823600,118368.12
1754827200,118530.49
1754830800,118432.81
1754834400,118779.05
1754838000,118798.29
1754841600,118685.03
1754845200,118545.00
1754848800,118562.20
1754852400,118686.20
1754856000,118425.80
1754859600,118680.91
1754863200,119012.70
1754866800,119306.81
1754870400,119240.61
1754874000,119812.77
1754877600,121881.50
1754881200,121819.73
1754884800,122132.25
1754888400,121988.09
1754892000,122257.46
1754895600,121474.94
1754899200,121732.27
1754902800,121342.66
1754906400,121147.81
1754910000,120566.55
1754913600,119532.66
1754917200,120021.54
1754920800,120229.58
1754924400,120298.70
1754928000,120025.66
1754931600,119530.59
1754935200,119749.96
1754938800,119041.18
1754942400,118884.69
1754946000,118701.86
1754949600,118893.66
1754953200,118717.66
1754956800,119002.54
1754960400,119015.50
1754964000,119094.82
1754967600,118821.96
1754971200,119096.23
1754974800,118774.20
1754978400,118875.28
1754982000,119008.73
1754985600,118807.84
1754989200,118427.99
1754992800,118488.03
1754996400,118538.09
1755000000,119225.61
1755003600,118814.62
1755007200,119393.48
1755010800,119922.40
1755014400,119632.25
1755018000,119235.52
1755021600,119314.77
1755025200,119680.91
1755028800,120193.79
1755032400,119825.98
1755036000,120050.08
1755039600,120168.98
1755043200,119689.96
1755046800,119463.59
1755050400,119529.09
1755054000,119476.52
1755057600,119348.62
1755061200,118998.47
1755064800,119400.15
1755068400,119616.99
1755072000,119980.55
1755075600,120142.62
1755079200,120477.11
1755082800,120605.24
1755086400,120258.79
1755090000,121716.09
1755093600,121022.68
1755097200,120958.81
1755100800,121394.35
1755104400,121871.45
1755108000,121643.25
1755111600,122809.15
1755115200,122923.16
1755118800,122535.38
1755122400,122987.42
1755126000,123339.40
1755129600,123810.92
1755133200,123414.03
1755136800,123686.07
1755140400,123411.47
1755144000,123111.23
1755147600,122177.63
1755151200,121810.60
1755154800,121824.17
1755158400,121655.51
1755162000,121707.87
1755165600,120913.88
1755169200,120991.63
1755172800,118951.27
1755176400,118488.84
1755180000,118852.77
1755183600,118269.47
1755187200,117913.73
1755190800,117913.83
1755194400,118234.72
1755198000,118128.84
1755201600,117890.34
1755205200,117966.96
1755208800,118394.40
1755212400,118365.78
1755216000,118288.81
1755219600,118805.94
1755223200,118820.62
1755226800,119074.12
1755230400,118961.09
1755234000,119005.59
1755237600,119188.84
1755241200,119039.13
1755244800,118993.62
1755248400,118740.57
1755252000,118976.04
1755255600,119092.77
1755259200,118795.73
1755262800,117857.65
1755266400,117435.57
1755270000,117359.54
1755273600,117443.97
1755277200,117678.01
1755280800,117189.33
1755284400,117005.49
1755288000,117355.76
1755291600,117377.79
1755295200,117777.83
1755298800,117398.42
1755302400,117834.27
1755306000,117899.32
1755309600,117597.88
1755313200,117511.22
1755316800,117906.61
1755320400,117679.55
1755324000,117480.61
1755327600,117716.45
1755331200,117731.04
1755334800,117492.30
1755338400,117462.57
1755342000,117449.06
1755345600,117822.12
1755349200,117711.49
1755352800,117856.04
1755356400,117767.91
1755360000,117849.98
1755363600,117788.02
1755367200,117754.33
1755370800,117767.99
1755374400,117719.41
1755378000,117570.69
1755381600,117568.42
1755385200,117492.79
1755388800,117360.66
1755392400,117524.31
1755396000,117626.62
1755399600,117765.30
1755403200,118171.16
1755406800,118105.56
1755410400,118014.96
1755414000,118071.02
1755417600,118419.77
1755421200,118405.14
1755424800,118412.23
1755428400,118369.00
1755432000,118223.88
1755435600,118491.02
1755439200,118211.59
1755442800,118316.77
1755446400,117884.31
1755450000,117971.74
1755453600,117562.01
1755457200,117640.03
1755460800,117710.43
1755464400,117770.48
1755468000,118031.59
1755471600,117453.91
1755475200,117303.66
1755478800,116400.41
1755482400,115557.85
1755486000,115407.06
1755489600,115542.04
1755493200,115733.72
1755496800,115287.31
1755500400,115287.94
1755504000,115190.61
1755507600,115091.50
1755511200,115151.13
1755514800,115053.34
1755518400,115510.94
1755522000,115143.66
1755525600,115662.20
1755529200,116203.03
1755532800,116043.01
1755536400,116529.63
1755540000,116552.86
1755543600,116405.76
1755547200,116417.18
1755550800,116698.04
1755554400,116543.31
1755558000,116241.86
1755561600,116524.40
1755565200,115821.45
1755568800,115863.51
1755572400,114947.20
1755576000,115400.82
1755579600,115023.45
1755583200,115042.80
1755586800,115001.05
1755590400,115267.64
1755594000,115369.67
1755597600,115418.72
1755601200,115603.19
1755604800,115581.47
1755608400,115213.08
1755612000,113937.98
1755615600,113787.05
1755619200,113372.85
1755622800,113512.59
1755626400,113073.95
1755630000,113166.70
1755633600,113519.82
1755637200,113423.86
1755640800,113174.96
1755644400,112828.02
1755648000,113238.50
1755651600,112979.86
1755655200,113457.52
1755658800,113541.34
1755662400,113594.26
1755666000,113692.99
1755669600,113676.25
1755673200,113451.27
1755676800,114021.19
1755680400,113669.88
1755684000,113816.09
1755687600,113596.52
1755691200,113705.69
1755694800,112865.73
1755698400,113506.52
1755702000,113373.62
1755705600,113799.18
1755709200,114199.79
1755712800,113533.53
1755716400,114327.89
1755720000,114376.20
1755723600,114396.23
1755727200,114618.34
1755730800,114275.69
1755734400,114322.16
1755738000,114639.09
1755741600,113970.35
1755745200,113991.16
1755748800,113849.70
1755752400,113982.12
1755756000,113827.70
1755759600,113900.23
1755763200,113624.09
1755766800,113401.71
1755770400,113275.07
1755774000,113145.50
1755777600,113033.99
1755781200,113562.16
1755784800,113260.32
1755788400,112787.42
1755792000,112368.77
1755795600,112411.76
1755799200,112621.09
1755802800,112098.30
1755806400,112512.19
1755810000,112592.77
1755813600,112475.04
1755817200,112433.73
1755820800,112606.91
1755824400,112830.33
1755828000,113170.93
1755831600,112872.57
1755835200,112746.45
1755838800,113214.04
1755842400,112978.50
1755846000,113088.39
1755849600,112978.06
1755853200,113027.53
1755856800,112511.02
1755860400,112307.10
1755864000,112285.31
1755867600,112341.91
1755871200,115893.40
1755874800,116548.16
1755878400,116138.51
1755882000,116927.09
1755885600,116753.45
1755889200,116641.02
1755892800,116979.17
1755896400,116979.90
1755900000,116714.57
1755903600,116866.37
1755907200,116837.52
1755910800,116402.85
1755914400,115936.16
1755918000,115515.09
1755921600,115869.99
1755925200,115927.15
1755928800,115711.03
1755932400,115735.77
1755936000,115702.24
1755939600,115704.84
1755943200,115537.77
1755946800,115192.30
1755950400,115180.78
1755954000,114839.16
1755957600,114608.52
1755961200,114805.52
1755964800,114971.46
1755968400,115051.42
1755972000,115098.23
1755975600,115092.04
1755979200,115287.62
1755982800,115067.35
1755986400,115264.87
1755990000,115387.39
1755993600,115326.23
1755997200,115425.36
1756000800,115016.76
1756004400,114992.49
1756008000,115051.96
1756011600,114962.17
1756015200,114826.48
1756018800,114883.29
1756022400,114767.29
1756026000,114800.93
1756029600,114794.09
1756033200,114711.47
1756036800,114646.79
1756040400,114561.09
1756044000,114545.85
1756047600,114398.26
1756051200,114282.50
1756054800,114323.34
1756058400,114522.61
1756062000,112449.15
1756065600,112636.96
1756069200,112978.43
1756072800,113421.48
1756076400,113456.90
1756080000,112598.36
1756083600,113050.24
1756087200,113404.02
1756090800,113118.79
1756094400,112754.69
1756098000,112349.76
1756101600,111903.84
1756105200,111457.55
1756108800,111534.62
1756112400,111786.05
1756116000,110970.59
1756119600,111212.91
1756123200,111600.23
1756126800,111466.32
1756130400,112205.30
1756134000,112189.83
1756137600,112568.94
1756141200,112516.56
1756144800,112390.84
1756148400,110787.20
1756152000,109806.35
1756155600,110165.22
1756159200,110169.95
1756162800,110124.10
1756166400,109268.77
1756170000,109836.50
1756173600,109784.91
1756177200,109869.03
1756180800,110130.30
1756184400,110255.91
1756188000,110000.46
1756191600,110296.25
1756195200,110147.95
1756198800,110139.76
1756202400,110218.86
1756206000,109839.58
1756209600,110142.70
1756213200,110047.23
1756216800,110412.09
1756220400,109698.75
1756224000,110061.88
1756227600,109914.83
1756231200,110709.40
1756234800,111146.62
1756238400,111346.38
1756242000,111549.20
1756245600,111917.23
1756249200,111795.71
1756252800,111376.74
1756256400,111305.42
1756260000,111172.48
1756263600,111481.51
1756267200,111614.99
1756270800,111367.66
1756274400,111041.09
1756278000,110675.12
1756281600,110742.84
1756285200,110822.74
1756288800,111003.09
1756292400,111332.22
1756296000,111336.88
1756299600,111486.97
1756303200,111771.73
1756306800,112023.33
1756310400,112147.62
1756314000,112386.84
1756317600,111985.98
1756321200,112014.68
1756324800,112364.01
1756328400,111441.86
1756332000,111426.27
1756335600,111219.05
1756339200,111308.02
1756342800,111656.32
1756346400,111488.00
1756350000,112015.90
1756353600,112942.91
1756357200,112893.70
1756360800,113247.36
1756364400,113161.27
1756368000,113120.57
1756371600,112933.24
1756375200,113098.93
1756378800,112917.17
1756382400,113300.61
1756386000,112750.30
1756389600,113209.08
1756393200,112651.32
1756396800,112523.75
1756400400,112419.14
1756404000,112387.34
1756407600,111929.84
1756411200,111927.30
1756414800,112036.66
1756418400,112376.02
1756422000,112564.38
1756425600,112216.76
1756429200,111540.62
1756432800,111476.06
1756436400,111766.63
1756440000,111445.75
1756443600,111256.86
1756447200,111270.17
1756450800,109912.61
1756454400,109629.13
1756458000,109805.10
1756461600,110003.23
1756465200,110073.78
1756468800,110734.16
1756472400,109151.34
1756476000,108207.61
1756479600,108451.42
1756483200,108737.86
1756486800,108529.44
1756490400,108173.20
1756494000,108279.34
1756497600,107851.90
1756501200,108429.52
1756504800,108344.09
1756508400,108409.41
1756512000,108286.08
1756515600,107690.41
1756519200,107876.69
1756522800,108411.42
1756526400,108462.30
1756530000,108359.27
1756533600,108240.90
1756537200,108525.10
1756540800,108594.77
1756544400,108531.21
1756548000,108457.05
1756551600,108708.30
1756555200,108561.05
1756558800,108498.43
1756562400,108678.65
1756566000,108863.32
1756569600,108816.08
1756573200,108767.12
1756576800,108730.01
1756580400,108824.94
1756584000,108639.34
1756587600,108605.93
1756591200,108541.57
1756594800,108818.46
1756598400,109365.70
1756602000,109478.26
1756605600,109233.84
1756609200,109194.83
1756612800,108793.94
1756616400,108749.26
1756620000,108730.66
1756623600,108716.58
1756627200,109011.53
1756630800,108484.97
1756634400,108560.29
1756638000,108399.59
1756641600,108309.61
1756645200,108413.69
1756648800,108447.12
1756652400,108792.77
1756656000,108941.89
1756659600,108992.70
1756663200,109146.38
1756666800,108923.26
1756670400,109114.99
1756674000,109062.20
1756677600,108865.80
1756681200,108228.75
1756684800,108297.65
1756688400,108195.77
1756692000,107628.61
1756695600,107691.96
1756699200,107398.10
1756702800,107872.78
1756706400,108074.45
1756710000,109362.91
1756713600,109587.97
1756717200,109543.79
1756720800,108530.64
1756724400,108799.12
1756728000,109045.05
1756731600,109061.40
1756735200,109207.95
1756738800,108739.50
1756742400,108768.26
1756746000,108937.66
1756749600,109247.95
1756753200,109211.09
1756756800,108721.98
1756760400,107759.48
1756764000,108466.66
1756767600,109243.07
1756771200,109021.98
1756774800,109384.58
1756778400,110044.42
1756782000,110348.95
1756785600,110242.09
1756789200,110245.26
1756792800,110448.16
1756796400,110170.48
1756800000,110425.78
1756803600,110419.29
1756807200,110273.19
1756810800,109632.28
1756814400,108794.31
1756818000,111127.95
1756821600,111291.86
1756825200,110739.54
1756828800,110709.97
1756832400,110904.56
1756836000,110661.82
1756839600,110691.52
1756843200,111404.59
1756846800,111195.28
1756850400,111231.91
1756854000,111194.05
1756857600,111360.81
1756861200,111170.26
1756864800,111404.80
1756868400,111066.80
1756872000,111033.61
1756875600,110710.32
1756879200,110722.73
1756882800,111106.62
1756886400,111003.42
1756890000,111264.29
1756893600,111452.22
1756897200,111481.59
1756900800,111149.49
1756904400,111441.48
1756908000,112325.36
1756911600,112241.47
1756915200,111872.14
1756918800,112337.85
1756922400,112002.23
1756926000,112226.91
1756929600,112231.07
1756933200,112009.55
1756936800,111972.94
1756940400,111718.15
1756944000,112172.58
1756947600,111924.27
1756951200,111473.39
1756954800,111217.60
1756958400,111071.13
1756962000,110663.51
1756965600,110435.48
1756969200,110547.74
1756972800,110671.84
1756976400,110816.67
1756980000,110687.80
1756983600,110837.41
1756987200,110975.23
1756990800,110524.91
1756994400,109892.49
1756998000,109530.47
1757001600,109437.93
1757005200,109814.05
1757008800,110018.34
1757012400,109895.53
1757016000,110356.13
1757019600,110548.14
1757023200,111498.05
1757026800,110723.02
1757030400,110494.98
1757034000,111081.32
1757037600,111379.20
1757041200,111305.12
1757044800,111455.86
1757048400,111594.61
1757052000,111859.86
1757055600,112966.62
1757059200,112632.77
1757062800,112289.56
1757066400,112251.59
1757070000,112341.57
1757073600,113149.52
1757077200,113034.73
1757080800,110607.89
1757084400,110702.49
1757088000,110817.02
1757091600,110602.21
1757095200,111199.73
1757098800,111528.14
1757102400,111607.99
1757106000,110656.41
1757109600,110857.26
1757113200,110650.57
1757116800,110797.76
1757120400,110875.33
1757124000,111137.48
1757127600,111058.12
1757131200,110879.09
1757134800,110718.02
1757138400,110789.77
1757142000,110836.75
1757145600,110945.82
1757149200,110716.57
1757152800,110762.15
1757156400,110789.00
1757160000,110846.41
1757163600,110917.98
1757167200,110829.41
1757170800,110488.42
1757174400,110280.66
1757178000,110163.41
1757181600,110258.44
1757185200,110053.55
1757188800,110156.04
1757192400,110229.20
1757196000,110183.84
1757199600,110221.33
1757203200,110385.09
1757206800,110550.45
1757210400,110683.27
1757214000,110652.20
1757217600,110582.63
1757221200,110675.01
1757224800,110522.23
1757228400,110727.16
1757232000,111092.47
1757235600,111096.42
1757239200,111152.00
1757242800,111246.52
1757246400,111107.86
1757250000,111205.33
1757253600,111130.52
1757257200,111286.81
1757260800,111229.43
1757264400,110983.97
1757268000,111052.15
1757271600,111255.84
1757275200,111294.70
1757278800,111082.77
1757282400,111277.33
1757286000,111163.02
1757289600,110840.54
1757293200,110941.96
1757296800,111204.99
1757300400,111041.98
1757304000,110963.06
1757307600,111049.82
1757311200,111131.03
1757314800,111271.13
1757318400,111624.12
1757322000,112037.88
1757325600,112031.02
1757329200,112068.20
1757332800,112030.54
1757336400,111938.57
1757340000,112607.90
1757343600,112595.88
1757347200,112440.68
1757350800,112188.62
1757354400,112474.92
1757358000,112022.58
1757361600,111993.97
1757365200,112291.15
1757368800,112239.06
1757372400,112077.58
1757376000,111649.05
1757379600,111407.50
1757383200,111336.79
1757386800,111703.98
1757390400,112034.15
1757394000,112203.77
1757397600,113026.90
1757401200,112989.02
1757404800,112951.20
1757408400,112957.41
1757412000,112717.66
1757415600,112523.55
1757419200,112638.41
1757422800,112732.89
1757426400,111773.18
1757430000,110944.89
1757433600,110978.48
1757437200,111039.02
1757440800,111169.38
1757444400,111368.67
1757448000,111501.58
1757451600,111309.51
1757455200,111551.91
1757458800,111531.25
1757462400,110990.74
1757466000,111007.06
1757469600,111392.87
1757473200,111502.88
1757476800,111553.98
1757480400,111554.62
1757484000,111832.52
1757487600,112519.71
1757491200,112388.74
1757494800,112275.15
1757498400,112289.03
1757502000,112280.67
1757505600,113270.47
1757509200,113965.63
1757512800,113865.60
1757516400,113882.99
1757520000,113736.42
1757523600,113737.20
1757527200,113638.48
1757530800,113526.32
1757534400,113643.09
1757538000,113817.85
1757541600,113887.13
1757545200,113961.43
1757548800,113905.66
1757552400,113942.54
1757556000,113867.11
1757559600,114413.35
1757563200,114142.40
1757566800,114291.84
1757570400,114405.60
1757574000,114071.80
1757577600,114067.03
1757581200,113860.00
1757584800,114066.00
1757588400,114000.45
1757592000,113969.55
1757595600,114680.28
1757599200,114509.72
1757602800,114170.00
1757606400,114540.54
1757610000,114570.60
1757613600,114306.12
1757617200,114501.23
1757620800,114429.01
1757624400,114527.12
1757628000,115180.27
1757631600,115507.79
1757635200,115954.19
1757638800,115464.57
1757642400,115368.27
1757646000,115220.48
1757649600,115396.28
1757653200,115644.40
1757656800,115339.81
1757660400,115135.99
1757664000,115061.48
1757667600,115003.02
1757671200,114993.80
1757674800,114938.05
1757678400,115126.80
1757682000,115185.20
1757685600,115274.13
1757689200,115153.88
1757692800,115496.80
1757696400,115872.78
1757700000,116507.12
1757703600,116737.33
1757707200,116246.88
1757710800,115942.40
1757714400,116114.94
1757718000,116093.56
1757721600,116312.78
1757725200,115825.05
1757728800,115936.83
1757732400,115982.34
1757736000,115766.45
1757739600,115752.09
1757743200,115784.30
1757746800,115848.16
1757750400,116034.04
1757754000,116079.59
1757757600,115995.77
1757761200,116030.77
1757764800,116054.77
1757768400,115833.89
1757772000,115868.53
1757775600,115805.05
1757779200,115382.09
1757782800,115611.92
1757786400,115662.41
1757790000,115818.53
1757793600,115969.03
1757797200,115932.28
1757800800,115918.35
1757804400,115950.29
1757808000,115980.41
1757811600,115998.79
1757815200,115898.97
1757818800,115703.72
1757822400,115782.16
1757826000,115922.70
1757829600,115778.24
1757833200,115861.32
1757836800,115981.86
1757840400,116103.07
1757844000,116053.61
1757847600,115822.60
1757851200,115817.47
1757854800,115373.25
1757858400,115422.40
1757862000,115268.59
1757865600,115494.13
1757869200,115636.97
1757872800,115435.77
1757876400,115641.30
1757880000,115851.62
1757883600,116003.97
1757887200,116065.32
1757890800,115399.63
1757894400,115079.08
1757898000,115210.20
1757901600,115387.77
1757905200,115557.88
1757908800,116072.30
1757912400,116538.56
1757916000,116156.46
1757919600,115852.20
1757923200,114832.11
1757926800,114923.27
1757930400,114840.64
1757934000,115141.79
1757937600,114742.52
1757941200,114681.81
1757944800,114753.94
1757948400,114924.41
1757952000,114705.62
1757955600,115040.76
1757959200,115331.77
1757962800,115306.96
1757966400,115338.66
1757970000,115518.28
1757973600,115338.02
1757977200,115423.76
1757980800,115068.56
1757984400,115062.16
1757988000,115058.36
1757991600,115396.16
1757995200,115522.94
1757998800,115932.18
1758002400,115798.13
1758006000,115793.63
1758009600,115666.70
1758013200,115511.72
1758016800,115396.57
1758020400,115324.49
1758024000,115464.61
1758027600,115137.48
1758031200,115304.07
1758034800,115817.63
1758038400,116017.35
1758042000,116555.50
1758045600,116439.64
1758049200,116838.20
1758052800,116908.77
1758056400,116888.02
1758060000,116892.42
1758063600,116840.51
1758067200,116648.72
1758070800,116717.20
1758074400,116802.55
1758078000,116496.13
1758081600,116388.20
1758085200,117205.90
1758088800,117215.62
1758092400,117231.44
1758096000,116902.22
1758099600,116637.71
1758103200,116400.84
1758106800,116302.65
1758110400,116257.09
1758114000,116137.44
1758117600,115657.44
1758121200,115905.07
1758124800,115677.82
1758128400,116103.16
1758132000,115236.63
1758135600,115696.23
1758139200,115626.73
1758142800,116094.56
1758146400,116773.19
1758150000,116461.27
1758153600,116363.17
1758157200,116739.96
1758160800,117002.39
1758164400,117653.34
1758168000,117569.38
1758171600,117239.35
1758175200,117124.68
1758178800,117099.44
1758182400,117246.80
1758186000,117312.21
1758189600,117168.03
1758193200,117081.52
1758196800,117174.18
1758200400,117356.71
1758204000,117701.36
1758207600,117697.25
1758211200,117610.42
1758214800,117564.88
1758218400,117861.96
1758222000,117427.16
1758225600,117583.51
1758229200,117379.00
1758232800,117107.08
1758236400,117137.67
1758240000,117412.01
1758243600,117256.80
1758247200,117172.52
1758250800,117009.98
1758254400,117058.45
1758258000,116950.36
1758261600,116793.12
1758265200,116967.16
1758268800,116972.27
1758272400,116547.09
1758276000,116596.10
1758279600,116426.04
1758283200,116210.61
1758286800,116360.91
1758290400,115926.80
1758294000,115936.18
1758297600,116126.67
1758301200,115620.45
1758304800,115443.84
1758308400,115209.88
1758312000,115342.61
1758315600,115526.75
1758319200,115655.74
1758322800,115691.12
1758326400,115772.80
1758330000,115738.84
1758333600,115657.41
1758337200,115522.91
1758340800,115608.52
1758344400,115776.71
1758348000,115766.57
1758351600,116007.24
1758355200,115828.84
1758358800,115726.61
1758362400,115784.95
1758366000,115955.47
1758369600,115938.72
1758373200,115969.91
1758376800,116044.15
1758380400,116035.38
1758384000,116101.02
1758387600,115901.44
1758391200,115783.56
1758394800,115790.47
1758398400,115840.14
1758402000,115846.91
1758405600,115847.48
1758409200,115730.23
1758412800,115723.49
1758416400,115581.91
1758420000,115740.89
1758423600,115710.53
1758427200,115593.73
1758430800,115694.16
1758434400,115758.41
1758438000,115867.59
1758441600,115688.32
1758445200,115780.65
1758448800,115584.70
1758452400,115668.52
1758456000,115763.45
1758459600,115722.70
1758463200,115580.23
1758466800,115609.69
1758470400,115329.73
1758474000,115694.83
1758477600,115592.17
1758481200,115562.17
1758484800,115445.95
1758488400,115467.20
1758492000,115599.72
1758495600,115309.22
1758499200,114612.16
1758502800,114324.44
1758506400,114319.12
1758510000,114676.95
1758513600,114481.88
1758517200,114321.56
1758520800,112948.82
1758524400,112604.62
1758528000,112745.09
1758531600,112396.76
1758535200,112886.29
1758538800,112946.96
1758542400,112832.99
1758546000,113090.19
1758549600,113017.59
1758553200,112926.96
1758556800,112710.95
1758560400,112448.59
1758564000,112519.15
1758567600,112236.99
1758571200,112929.22
1758574800,113032.10
1758578400,112743.25
1758582000,112757.48
1758585600,112514.15
1758589200,112252.03
1758592800,111970.12
1758596400,112370.69
1758600000,112501.30
1758603600,112772.09
1758607200,113074.91
1758610800,113151.25
1758614400,113181.20
1758618000,113021.37
1758621600,113030.30
1758625200,113020.65
1758628800,112989.38
1758632400,113000.06
1758636000,112716.41
1758639600,112915.56
1758643200,112882.37
1758646800,111977.84
1758650400,111830.70
1758654000,111654.03
1758657600,111967.97
1758661200,112178.93
1758664800,112180.21
1758668400,112007.66
1758672000,112260.34
1758675600,112448.95
1758679200,112187.05
1758682800,111758.49
1758686400,112163.61
1758690000,112672.04
1758693600,112621.67
1758697200,112557.39
1758700800,112644.35
1758704400,112764.06
1758708000,112922.67
1758711600,113059.30
1758715200,113071.12
1758718800,112861.53
1758722400,113775.19
1758726000,113425.50
1758729600,113755.84
1758733200,113806.87
1758736800,113678.33
1758740400,113483.66
1758744000,113598.15
1758747600,113366.17
1758751200,113373.12
1758754800,113330.16
1758758400,113096.49
1758762000,112662.02
1758765600,112929.20
1758769200,112568.77
1758772800,111713.30
1758776400,111763.12
1758780000,111535.85
1758783600,111778.82
1758787200,111750.70
1758790800,111629.66
1758794400,111677.46
1758798000,111380.21
1758801600,111220.30
1758805200,110917.44
1758808800,111609.25
1758812400,111532.45
1758816000,111011.48
1758819600,108936.55
1758823200,109823.46
1758826800,109417.93
1758830400,109130.31
1758834000,109480.66
1758837600,109464.24
1758841200,109041.30
1758844800,109520.12
1758848400,109710.30
1758852000,109657.59
1758855600,109632.97
1758859200,109384.12
1758862800,109318.80
1758866400,109396.38
1758870000,109342.93
1758873600,109612.88
1758877200,109613.84
1758880800,108968.07
1758884400,109177.69
1758888000,109468.64
1758891600,109744.42
1758895200,108884.17
1758898800,109108.59
1758902400,109500.84
1758906000,109903.27
1758909600,109832.66
1758913200,109220.71
1758916800,109359.84
1758920400,109560.88
1758924000,109600.46
1758927600,109716.91
1758931200,109644.48
1758934800,109475.52
1758938400,109468.65
1758942000,109595.73
1758945600,109707.86
1758949200,109690.23
1758952800,109595.26
1758956400,109453.53
1758960000,109328.69
1758963600,109358.05
1758967200,109492.48
1758970800,109351.47
1758974400,109491.62
1758978000,109390.05
1758981600,109331.80
1758985200,109434.17
1758988800,109427.18
1758992400,109423.71
1758996000,109476.52
1758999600,109464.72
1759003200,109446.06
1759006800,109492.39
1759010400,109649.19
1759014000,109663.03
1759017600,109678.78
1759021200,109411.45
1759024800,109493.99
1759028400,109487.48
1759032000,109421.59
1759035600,109401.23
1759039200,109449.21
1759042800,109539.38
1759046400,109563.27
1759050000,109549.21
1759053600,109400.27
1759057200,109434.81
1759060800,109365.74
1759064400,109671.02
1759068000,109876.07
1759071600,110062.96
1759075200,110223.21
1759078800,110252.10
1759082400,110293.83
1759086000,110351.72
1759089600,110843.12
1759093200,110774.45
1759096800,111936.53
1759100400,112117.88
1759104000,112276.56
1759107600,111834.01
1759111200,111779.39
1759114800,111856.88
1759118400,111868.34
1759122000,111776.30
1759125600,111697.12
1759129200,111864.27
1759132800,112147.26
1759136400,112127.23
1759140000,112168.34
1759143600,112139.65
1759147200,112039.74
1759150800,113375.45
1759154400,114174.57
1759158000,113873.54
1759161600,113686.06
1759165200,114140.93
1759168800,114104.74
1759172400,114370.83
1759176000,114317.08
1759179600,114278.23
1759183200,114224.60
1759186800,114396.52
1759190400,114610.38
1759194000,114420.62
1759197600,114504.95
1759201200,114430.69
1759204800,114164.02
1759208400,113944.12
1759212000,113953.85
1759215600,113774.92
1759219200,113535.96
1759222800,112874.59
1759226400,112983.81
1759230000,113131.56
1759233600,113091.80
1759237200,113417.46
1759240800,113648.68
1759244400,113146.10
1759248000,112817.20
1759251600,113311.80
1759255200,113722.02
1759258800,114451.21
1759262400,114633.03
1759266000,114262.84
1759269600,113965.40
1759273200,114057.59
1759276800,114231.08
1759280400,114526.37
1759284000,114293.08
1759287600,114211.86
1759291200,114316.12
1759294800,114574.91
1759298400,114292.45
1759302000,114596.95
1759305600,116106.10
1759309200,116436.20
1759312800,116283.24
1759316400,116769.91
1759320000,116450.67
1759323600,116831.52
1759327200,117355.80
1759330800,117421.91
1759334400,117665.84
1759338000,116906.66
1759341600,117282.79
1759345200,117455.16
1759348800,117583.69
1759352400,117577.52
1759356000,117870.01
1759359600,118652.38
1759363200,118566.07
1759366800,118744.55
1759370400,118752.87
1759374000,118801.82
1759377600,118662.77
1759381200,118427.10
1759384800,118690.75
1759388400,118562.67
1759392000,118702.56
1759395600,118854.32
1759399200,118675.50
1759402800,118811.61
1759406400,119415.09
1759410000,119727.59
1759413600,118924.14
1759417200,119966.58
1759420800,119748.10
1759424400,119992.93
1759428000,120618.38
1759431600,120844.05
1759435200,120645.70
1759438800,120259.87
1759442400,120275.88
1759446000,120656.98
1759449600,120217.23
1759453200,119953.23
1759456800,120279.66
1759460400,120325.45
1759464000,120129.57
1759467600,120000.77
1759471200,119943.84
1759474800,119745.02
1759478400,120075.64
1759482000,120380.14
1759485600,120544.99
1759489200,120438.44
1759492800,120455.84
1759496400,120504.57
1759500000,120970.36
1759503600,122234.08
1759507200,122793.15
1759510800,122149.41
1759514400,122480.97
1759518000,122724.01
1759521600,122598.01
1759525200,122443.59
1759528800,122528.68
1759532400,122267.47
1759536000,122158.27
1759539600,121837.84
1759543200,121937.17
1759546800,122326.63
1759550400,122574.53
1759554000,122581.00
1759557600,122524.16
1759561200,122353.91
1759564800,122336.66
1759568400,122262.80
1759572000,122176.38
1759575600,122057.73
1759579200,122061.40
1759582800,122448.40
1759586400,122067.37
1759590000,121813.27
1759593600,121737.05
1759597200,121755.78
1759600800,121626.85
1759604400,121952.35
1759608000,121952.65
1759611600,122238.02
1759615200,122312.62
1759618800,122416.49
1759622400,122215.48
1759626000,122402.85
1759629600,124008.90
1759633200,123789.42
1759636800,125223.93
1759640400,124992.84
1759644000,125024.95
1759647600,124878.23
1759651200,124599.24
1759654800,123131.94
1759658400,123087.03
1759662000,123516.52
1759665600,123180.23
1759669200,123187.91
1759672800,123051.37
1759676400,122849.70
1759680000,123270.27
1759683600,123070.93
1759687200,123016.45
1759690800,122587.24
1759694400,122835.98
1759698000,122743.87
1759701600,123266.45
1759705200,123510.45
1759708800,123375.17
1759712400,124084.80
1759716000,124048.41
1759719600,123893.65
1759723200,123663.52
1759726800,123609.31
1759730400,123954.80
1759734000,123395.75
1759737600,123857.90
1759741200,123976.08
1759744800,124029.58
1759748400,124266.94
1759752000,124585.83
1759755600,124994.22
1759759200,124505.88
1759762800,125106.91
1759766400,125369.23
1759770000,125412.27
1759773600,126149.02
1759777200,125424.26
1759780800,125251.19
1759784400,125047.07
1759788000,125056.23
1759791600,124752.14
1759795200,124923.93
1759798800,124705.33
1759802400,124367.96
1759806000,124361.30
1759809600,124580.91
1759813200,124404.91
1759816800,123975.23
1759820400,123712.23
1759824000,123954.20
1759827600,124229.58
1759831200,124349.78
1759834800,124520.29
1759838400,125001.62
1759842000,123985.73
1759845600,122808.08
1759849200,121813.80
1759852800,121866.60
1759856400,121272.38
1759860000,120951.17
1759863600,121771.69
1759867200,122153.09
1759870800,121968.81
1759874400,122046.82
1759878000,121461.64
1759881600,121988.13
1759885200,122015.59
1759888800,122105.84
1759892400,121418.91
1759896000,121929.62
1759899600,121324.93
1759903200,121808.73
1759906800,121543.65
1759910400,122434.93
1759914000,122514.23
1759917600,122978.48
1759921200,122921.18
1759924800,122637.05
1759928400,122510.33
1759932000,122278.80
1759935600,122207.52
1759939200,123098.79
1759942800,124141.49
1759946400,123614.86
1759950000,123520.20
1759953600,123054.94
1759957200,123237.00
1759960800,123315.62
1759964400,123337.07
1759968000,123006.22
1759971600,122576.88
1759975200,121616.12
1759978800,122064.67
1759982400,122141.96
1759986000,122134.63
1759989600,121998.66
1759993200,121932.73
1759996800,121332.31
1760000400,121847.61
1760004000,122215.20
1760007600,122818.37
1760011200,123620.73
1760014800,122504.72
1760018400,121392.19
1760022000,121213.41
1760025600,120304.13
1760029200,120843.80
1760032800,120744.41
1760036400,121013.58
1760040000,121165.14
1760043600,121522.94
1760047200,121739.10
1760050800,121704.74
1760054400,121833.55
1760058000,121728.63
1760061600,121091.93
1760065200,121161.20
1760068800,121284.41
1760072400,121614.37
1760076000,121477.77
1760079600,121035.80
1760083200,121636.50
1760086800,121385.05
1760090400,121554.19
1760094000,121623.31
1760097600,121638.57
1760101200,121673.27
1760104800,121276.65
1760108400,119072.30
1760112000,118343.83
1760115600,117743.96
1760119200,117310.22
1760122800,116787.39
1760126400,114527.57
1760130000,113937.88
1760133600,114229.85
1760137200,113236.43
1760140800,112762.68
1760144400,111326.34
1760148000,113289.09
1760151600,112425.48
1760155200,113059.60
1760158800,112579.92
1760162400,112165.16
1760166000,110320.70
1760169600,111530.32
1760173200,111758.06
1760176800,112218.74
1760180400,112351.69
1760184000,112473.30
1760187600,112359.00
1760191200,112057.80
1760194800,111975.29
1760198400,111941.45
1760202000,112111.98
1760205600,112082.45
1760209200,111225.94
1760212800,110234.76
1760216400,111056.00
1760220000,111165.25
1760223600,110811.52
1760227200,109741.98
1760230800,109983.42
1760234400,110135.30
1760238000,110776.90
1760241600,111563.51
1760245200,111831.30
1760248800,111840.21
1760252400,111632.47
1760256000,111426.66
1760259600,111906.67
1760263200,111726.23
1760266800,111870.45
1760270400,111801.32
1760274000,111396.37
1760277600,112306.72
1760281200,113342.65
1760284800,114139.52
1760288400,113885.87
1760292000,113953.75
1760295600,114407.21
1760299200,115134.28
1760302800,114971.55
1760306400,115424.19
1760310000,115161.68
1760313600,115382.18
1760317200,115827.68
1760320800,115430.38
1760324400,114913.06
1760328000,114756.28
1760331600,114680.36
1760335200,115302.97
1760338800,115423.50
1760342400,115484.54
1760346000,115220.48
1760349600,114941.89
1760353200,114382.32
1760356800,114475.48
1760360400,115323.59
1760364000,114061.57
1760367600,114502.88
1760371200,114806.57
1760374800,114723.52
1760378400,115247.63
1760382000,115891.15
1760385600,115713.97
1760389200,115794.72
1760392800,115614.15
1760396400,115264.88
1760400000,115056.46
1760403600,114383.43
1760407200,113828.17
1760410800,113584.58
1760414400,113098.48
1760418000,112516.40
1760421600,112108.09
1760425200,111616.82
1760428800,111930.25
1760432400,111366.09
1760436000,110729.02
1760439600,111449.86
1760443200,110855.23
1760446800,110940.87
1760450400,111547.57
1760454000,112735.88
1760457600,112405.05
1760461200,112859.01
1760464800,112831.91
1760468400,112671.12
1760472000,112983.47
1760475600,113172.55
1760479200,113259.67
1760482800,113112.27
1760486400,113029.12
1760490000,112780.79
1760493600,112910.12
1760497200,112074.16
1760500800,112397.88
1760504400,112474.53
1760508000,112438.49
1760511600,112611.09
1760515200,113079.98
1760518800,112552.34
1760522400,112316.30
1760526000,111992.09
1760529600,111745.39
1760533200,111505.16
1760536800,111120.35
1760540400,110767.48
1760544000,110832.77
1760547600,111129.05
1760551200,111540.35
1760554800,111323.50
1760558400,111183.81
1760562000,110848.73
1760565600,110753.57
1760569200,110777.12
1760572800,110520.38
1760576400,111299.70
1760580000,111569.55
1760583600,111498.29
1760587200,111059.07
1760590800,110976.80
1760594400,111698.48
1760598000,110624.95
1760601600,110851.38
1760605200,111266.23
1760608800,111498.16
1760612400,111442.09
1760616000,111656.51
1760619600,110916.85
1760623200,110598.76
1760626800,108573.74
1760630400,109117.18
1760634000,108371.16
1760637600,108595.62
1760641200,108320.66
1760644800,107785.32
1760648400,108437.54
1760652000,107827.18
1760655600,108179.13
1760659200,108763.55
1760662800,108800.38
1760666400,108994.23
1760670000,109190.80
1760673600,108875.36
1760677200,108439.68
1760680800,106829.08
1760684400,105566.02
1760688000,104993.29
1760691600,104749.29
1760695200,104708.40
1760698800,105670.03
1760702400,105347.01
1760706000,105868.12
1760709600,105164.78
1760713200,106720.64
1760716800,106409.66
1760720400,106424.05
1760724000,106619.48
1760727600,106490.16
1760731200,107090.89
1760734800,107422.12
1760738400,107047.55
1760742000,106483.73
1760745600,106839.51
1760749200,107165.05
1760752800,106634.90
1760756400,107104.23
1760760000,106538.74
1760763600,106859.30
1760767200,106941.20
1760770800,106838.47
1760774400,106828.34
1760778000,106957.34
1760781600,106853.34
1760785200,107014.16
1760788800,107113.61
1760792400,106933.45
1760796000,107018.77
1760799600,106986.82
1760803200,106711.03
1760806800,106879.75
1760810400,106875.09
1760814000,107077.11
1760817600,107101.76
1760821200,107208.60
1760824800,107154.72
1760828400,107171.27
1760832000,106927.37
1760835600,106972.31
1760839200,106883.49
1760842800,107303.88
1760846400,107089.76
1760850000,106877.98
1760853600,106776.49
1760857200,106802.02
1760860800,106496.45
1760864400,107592.75
1760868000,107853.88
1760871600,107820.73
1760875200,107621.12
1760878800,108128.70
1760882400,108495.66
1760886000,108495.31
1760889600,108720.61
1760893200,109133.39
1760896800,109455.94
1760900400,108965.20
1760904000,108923.41
1760907600,108805.98
1760911200,109194.92
1760914800,108663.38
1760918400,108022.62
1760922000,108120.88
1760925600,108810.67
1760929200,110211.21
1760932800,110477.80
1760936400,111010.68
1760940000,111347.20
1760943600,111211.86
1760947200,111160.59
1760950800,111013.48
1760954400,110781.11
1760958000,111014.37
1760961600,110879.10
1760965200,111196.87
1760968800,111302.25
1760972400,111300.49
1760976000,110734.92
1760979600,110303.84
1760983200,110949.56
1760986800,110878.46
1760990400,111036.64
1760994000,110566.52
1760997600,110838.83
1761001200,110588.93
1761004800,110516.68
1761008400,109839.12
1761012000,109525.61
1761015600,109181.95
1761019200,107843.02
1761022800,107571.83
1761026400,107968.52
1761030000,108122.02
1761033600,107783.55
1761037200,107769.96
1761040800,108611.68
1761044400,108604.48
1761048000,108920.34
1761051600,108404.07
1761055200,112040.72
1761058800,113351.04
1761062400,112841.40
1761066000,112099.31
1761069600,112030.91
1761073200,111920.52
1761076800,110983.86
1761080400,110947.35
1761084000,109067.38
1761087600,108491.53
1761091200,108117.70
1761094800,108429.02
1761098400,108344.38
1761102000,108249.37
1761105600,108652.30
1761109200,108213.62
1761112800,108066.22
1761116400,108344.00
1761120000,108288.51
1761123600,108006.62
1761127200,107698.81
1761130800,107582.34
1761134400,108066.89
1761138000,108915.32
1761141600,108796.16
1761145200,108365.64
1761148800,108415.08
1761152400,107781.31
1761156000,107978.93
1761159600,107788.95
1761163200,107658.94
1761166800,107200.10
1761170400,107207.00
1761174000,107679.44
1761177600,107881.53
1761181200,108196.22
1761184800,108371.84
1761188400,108404.88
1761192000,108748.93
1761195600,108999.09
1761199200,110241.65
1761202800,109303.32
1761206400,109511.35
1761210000,109459.48
1761213600,109508.77
1761217200,109244.23
1761220800,109109.53
1761224400,109432.54
1761228000,109597.70
1761231600,109981.88
1761235200,110312.99
1761238800,111233.19
1761242400,110589.45
1761246000,110331.48
1761249600,109521.62
1761253200,109584.63
1761256800,110011.95
1761260400,110069.35
1761264000,110572.97
1761267600,110628.76
1761271200,110714.45
1761274800,110477.93
1761278400,111240.52
1761282000,111293.59
1761285600,111496.49
1761289200,111111.82
1761292800,111116.98
1761296400,111325.98
1761300000,111185.20
1761303600,111063.40
1761307200,111312.22
1761310800,110897.48
1761314400,110167.12
1761318000,110044.80
1761321600,110277.10
1761325200,110281.27
1761328800,110640.73
1761332400,110626.47
1761336000,110871.09
1761339600,111121.02
1761343200,111079.98
1761346800,111032.62
1761350400,110744.37
1761354000,111050.88
1761357600,111086.26
1761361200,111074.66
1761364800,111298.00
1761368400,111360.05
1761372000,111397.14
1761375600,111519.56
1761379200,111785.33
1761382800,111543.38
1761386400,111633.95
1761390000,111606.15
1761393600,111934.42
1761397200,111678.61
1761400800,111602.82
1761404400,111404.17
1761408000,111374.14
1761411600,111370.89
1761415200,111696.42
1761418800,111622.52
1761422400,111498.39
1761426000,111447.47
1761429600,111667.62
1761433200,111639.05
1761436800,111745.93
1761440400,111635.02
1761444000,111474.84
1761447600,111288.12
1761451200,111439.11
1761454800,111629.78
1761458400,111630.16
1761462000,111718.91
1761465600,111797.96
1761469200,112464.70
1761472800,112450.43
1761476400,113275.23
1761480000,113605.49
1761483600,113723.44
1761487200,113575.68
1761490800,113693.72
1761494400,113549.66
1761498000,113460.62
1761501600,113628.78
1761505200,113562.72
1761508800,113416.02
1761512400,113439.93
1761516000,114670.81
1761519600,114479.85
1761523200,114819.20
1761526800,115296.93
1761530400,114903.30
1761534000,114961.67
1761537600,115244.37
1761541200,115572.57
1761544800,116070.29
1761548400,115579.36
1761552000,114994.01
1761555600,115263.07
1761559200,115418.34
1761562800,115418.45
1761566400,115054.49
1761570000,115250.80
1761573600,114802.15
1761577200,114995.90
1761580800,115558.98
1761584400,115664.41
1761588000,115362.66
1761591600,114914.34
1761595200,114515.88
1761598800,114447.49
1761602400,114117.04
1761606000,114129.09
1761609600,113948.38
1761613200,114451.51
1761616800,113950.77
1761620400,113933.47
1761624000,113977.70
1761627600,113621.76
1761631200,114099.16
1761634800,114215.25
1761638400,114413.91
1761642000,114516.88
1761645600,114590.44
1761649200,114347.15
1761652800,114469.59
1761656400,115442.03
1761660000,115080.41
1761663600,114707.98
1761667200,115371.15
1761670800,115325.68
1761674400,114936.52
1761678000,113635.20
1761681600,112863.79
1761685200,113085.84
1761688800,113239.06
1761692400,112921.33
1761696000,112545.45
1761699600,112573.26
1761703200,112685.48
1761706800,112539.23
1761710400,112838.28
1761714000,113103.80
1761717600,113326.26
1761721200,113547.70
1761724800,113060.80
1761728400,113024.09
1761732000,112900.04
1761735600,113180.05
1761739200,113172.95
1761742800,112935.28
1761746400,112419.66
1761750000,111546.14
1761753600,111172.68
1761757200,111786.97
1761760800,111056.45
1761764400,110716.09
1761768000,111433.91
1761771600,111599.05
1761775200,111040.59
1761778800,110059.20
1761782400,110551.33
1761786000,110631.61
1761789600,110958.75
1761793200,110646.22
1761796800,108786.55
1761800400,110406.96
1761804000,110831.02
1761807600,111356.84
1761811200,110736.34
1761814800,110231.88
1761818400,110105.02
1761822000,109796.48
1761825600,108398.95
1761829200,107788.16
1761832800,108323.93
1761836400,107748.88
1761840000,108065.93
1761843600,107450.16
1761847200,106886.43
1761850800,106452.90
1761854400,107514.55
1761858000,107900.60
1761861600,107880.91
1761865200,108304.41
1761868800,109392.85
1761872400,109559.59
1761876000,108804.48
1761879600,109224.19
1761883200,110130.75
1761886800,109878.91
1761890400,109610.80
1761894000,109461.16
1761897600,110014.44
1761901200,109821.18
1761904800,109788.86
1761908400,110351.12
1761912000,109612.98
1761915600,110095.35
1761919200,110795.88
1761922800,110160.48
1761926400,108753.39
1761930000,109226.51
1761933600,109316.32
1761937200,109818.27
1761940800,109426.52
1761944400,109532.77
1761948000,109581.55
1761951600,109558.62
1761955200,109681.01
1761958800,109722.55
1761962400,109754.16
1761966000,110170.65
1761969600,110236.95
1761973200,110056.41
1761976800,109945.20
1761980400,110013.70
1761984000,110157.55
1761987600,109939.72
1761991200,110055.16
1761994800,110065.50
1761998400,109993.09
1762002000,109898.79
1762005600,109889.71
1762009200,110190.20
1762012800,110508.95
1762016400,110280.66
1762020000,110415.62
1762023600,110383.53
1762027200,110494.88
1762030800,109895.55
1762034400,110056.73
1762038000,110064.43
1762041600,109915.12
1762045200,109935.14
1762048800,109995.23
1762052400,109994.18
1762056000,110666.99
1762059600,110493.89
1762063200,110636.07
1762066800,110886.01
1762070400,110754.99
1762074000,110665.27
1762077600,110400.84
1762081200,111113.23
1762084800,110778.11
1762088400,110529.63
1762092000,110398.48
1762095600,110125.24
1762099200,110122.58
1762102800,110153.32
1762106400,110268.27
1762110000,110172.59
1762113600,110063.52
1762117200,110011.96
1762120800,109798.47
1762124400,110646.91
1762128000,109835.99
1762131600,109632.16
1762135200,109011.68
1762138800,108007.80
1762142400,107852.12
1762146000,107577.95
1762149600,107538.02
1762153200,107652.06
1762156800,107483.84
1762160400,107120.59
1762164000,107132.89
1762167600,107782.33
1762171200,107775.34
1762174800,107873.30
1762178400,107995.93
1762182000,105821.20
1762185600,106717.33
1762189200,107464.05
1762192800,106961.70
1762196400,107110.52
1762200000,106418.59
1762203600,106819.19
1762207200,106397.52
1762210800,106541.42
1762214400,106391.32
1762218000,107041.56
1762221600,106514.55
1762225200,107136.75
1762228800,106749.95
1762232400,104219.15
1762236000,104629.31
1762239600,104495.38
1762243200,104000.14
1762246800,103899.80
1762250400,103777.45
1762254000,104541.59
1762257600,103943.20
1762261200,103901.12
1762264800,104435.88
1762268400,103363.56
1762272000,102204.01
1762275600,101085.31
1762279200,101419.16
1762282800,100452.50
1762286400,100638.91
1762290000,100164.47
1762293600,101071.25
1762297200,101579.23
1762300800,100587.91
1762304400,100911.66
1762308000,101697.15
1762311600,102118.27
1762315200,101941.55
1762318800,101781.52
1762322400,102110.52
1762326000,102066.14
1762329600,101742.43
1762333200,101974.68
1762336800,101418.47
1762340400,101998.88
1762344000,102623.48
1762347600,102965.23
1762351200,103150.41
1762354800,103686.02
1762358400,103905.55
1762362000,103827.50
1762365600,104308.32
1762369200,104103.48
1762372800,103851.60
1762376400,103672.27
1762380000,103765.99
1762383600,103893.66
1762387200,103671.83
1762390800,103418.59
1762394400,103464.68
1762398000,103681.92
1762401600,103931.57
1762405200,103115.77
1762408800,103317.16
1762412400,103235.40
1762416000,103262.78
1762419600,102905.77
1762423200,103148.33
1762426800,103199.35
1762430400,102542.48
1762434000,103256.46
1762437600,102043.24
1762441200,101944.73
1762444800,100851.34
1762448400,101682.43
1762452000,101700.34
1762455600,101487.05
1762459200,100936.99
1762462800,101066.05
1762466400,101395.91
1762470000,101286.24
1762473600,101510.03
1762477200,101432.99
1762480800,101808.09
1762484400,101893.66
1762488000,101953.23
1762491600,102368.59
1762495200,101857.88
1762498800,101970.91
1762502400,101472.08
1762506000,100892.05
1762509600,100705.59
1762513200,100313.25
1762516800,99586.62
1762520400,100249.69
1762524000,100710.00
1762527600,100866.76
1762531200,100971.84
1762534800,102289.43
1762538400,102604.16
1762542000,103244.18
1762545600,103746.35
1762549200,103814.83
1762552800,103746.08
1762556400,103373.37
1762560000,102696.01
1762563600,102935.20
1762567200,102831.55
1762570800,102600.04
1762574400,102474.80
1762578000,102293.16
1762581600,102182.09
1762585200,102301.41
1762588800,102421.28
1762592400,102347.80
1762596000,102504.72
1762599600,101775.73
1762603200,101972.85
1762606800,101922.30
1762610400,101829.43
1762614000,101637.44
1762617600,101747.40
1762621200,101963.70
1762624800,102201.74
1762628400,101920.55
1762632000,102022.80
1762635600,102261.38
1762639200,102375.12
1762642800,102278.98
1762646400,101766.98
1762650000,102041.68
1762653600,101616.47
1762657200,101650.91
1762660800,101702.10
1762664400,101884.12
1762668000,101699.94
1762671600,101885.46
1762675200,101939.59
1762678800,101657.39
1762682400,101826.27
1762686000,102188.71
1762689600,102055.91
1762693200,102877.80
1762696800,102975.38
1762700400,103758.51
1762704000,103818.52
1762707600,103601.20
1762711200,104487.05
1762714800,104786.19
1762718400,104588.62
1762722000,104523.22
1762725600,104688.78
1762729200,104723.77
1762732800,106373.57
1762736400,105757.21
1762740000,105904.96
1762743600,106007.09
1762747200,106187.74
1762750800,106085.96
1762754400,106233.18
1762758000,106421.89
1762761600,105923.77
1762765200,106386.80
1762768800,106005.29
1762772400,106184.20
1762776000,105925.82
1762779600,106535.13
1762783200,104951.79
1762786800,104979.77
1762790400,105167.86
1762794000,105847.96
1762797600,105577.45
1762801200,105806.75
1762804800,105895.29
1762808400,105504.11
1762812000,105965.23
1762815600,105996.86
1762819200,106081.76
1762822800,106045.33
1762826400,106548.77
1762830000,106437.60
1762833600,105695.93
1762837200,105264.28
1762840800,105235.62
1762844400,104788.71
1762848000,105133.02
1762851600,104920.53
1762855200,105095.61
1762858800,105250.32
1762862400,104469.06
1762866000,104389.69
1762869600,104515.83
1762873200,103478.74
1762876800,103389.12
1762880400,103355.86
1762884000,103397.54
1762887600,103111.41
1762891200,102809.60
1762894800,102681.23
1762898400,102972.32
1762902000,103011.44
1762905600,102940.55
1762909200,103197.30
1762912800,103117.41
1762916400,103262.41
1762920000,103222.22
1762923600,103345.49
1762927200,103345.80
1762930800,103086.47
1762934400,104125.41
1762938000,104490.35
1762941600,104879.22
1762945200,105011.98
1762948800,105015.89
1762952400,105016.45
1762956000,103953.82
1762959600,102100.95
1762963200,101450.79
1762966800,101761.62
1762970400,101577.36
1762974000,101276.11
1762977600,101512.37
1762981200,101850.12
1762984800,101944.16
1762988400,101674.15
1762992000,101831.20
1762995600,102002.40
1762999200,102056.40
1763002800,102291.66
1763006400,102140.97
1763010000,103261.58
1763013600,103599.80
1763017200,103443.33
1763020800,103692.09
1763024400,102818.95
1763028000,102932.07
1763031600,102957.81
1763035200,103139.97
1763038800,102305.64
1763042400,102881.23
1763046000,101301.20
1763049600,100566.23
1763053200,99718.59
1763056800,98686.37
1763060400,98650.99
1763064000,98099.32
1763067600,98778.47
1763071200,99760.34
1763074800,99694.70
1763078400,98842.77
1763082000,99199.33
1763085600,99609.06
1763089200,99087.35
1763092800,97772.71
1763096400,97466.32
1763100000,97249.41
1763103600,97102.84
1763107200,97375.03
1763110800,96830.80
1763114400,96725.86
1763118000,96073.06
1763121600,95309.58
1763125200,95097.04
1763128800,96388.01
1763132400,96787.41
1763136000,97009.91
1763139600,95912.78
1763143200,95129.74
1763146800,95615.30
1763150400,94260.02
1763154000,95006.02
1763157600,95019.34
1763161200,94420.47
1763164800,95022.54
1763168400,95574.43
1763172000,96241.23
1763175600,96333.92
1763179200,96067.68
1763182800,96261.11
1763186400,96075.22
1763190000,96275.25
1763193600,95836.66
1763197200,95783.80
1763200800,95912.62
1763204400,95620.63
1763208000,95719.86
1763211600,96270.40
1763215200,96163.39
1763218800,96280.30
1763222400,96059.58
1763226000,96131.84
1763229600,95954.25
1763233200,95983.58
1763236800,95168.14
1763240400,95201.50
1763244000,95560.59
1763247600,95549.15
1763251200,95422.98
1763254800,95327.69
1763258400,95843.08
1763262000,95667.88
1763265600,95742.78
1763269200,95851.63
1763272800,95723.98
1763276400,96000.01
1763280000,96028.09
1763283600,96468.65
1763287200,96376.37
1763290800,95574.22
1763294400,95667.86
1763298000,95365.76
1763301600,95503.12
1763305200,94386.38
1763308800,94121.10
1763312400,94097.21
1763316000,93961.40
1763319600,93939.06
1763323200,94173.05
1763326800,93437.63
1763330400,94327.28
1763334000,94180.88
1763337600,95293.79
1763341200,94749.16
1763344800,94907.43
1763348400,95390.01
1763352000,95072.11
1763355600,95061.10
1763719200,82639.76
1763722800,82228.77
1763726400,83142.98
1763730000,84121.77
1763733600,85038.87
1763737200,82816.71
1763740800,84550.14
1763744400,84845.89
1763748000,84544.88
1763751600,84153.54
1763755200,84495.05
1763758800,85096.38
1763762400,84316.12
1763766000,85098.56
1763769600,84689.82
1763773200,85016.93
1763776800,84422.22
1763780400,84406.23
1763784000,84163.64
1763787600,84237.22
1763791200,84592.62
1763794800,84518.52
1763798400,83982.50
1763802000,83837.98
1763805600,83703.15
1763809200,84135.64
1763812800,83850.51
1763816400,83890.18
1763820000,84453.52
1763823600,84197.09
1763827200,84682.39
1763830800,84558.45
1763834400,84575.77
1763838000,84608.50
1763841600,84397.02
1763845200,84363.34
1763848800,85102.57
1763852400,84648.61
1763856000,84893.29
1763859600,85791.63
1763863200,85992.91
1763866800,86194.27
1763870400,86569.73
1763874000,86254.13
1763877600,85881.99
1763881200,85691.45
1763884800,86129.16
1763888400,86353.42
1763892000,86053.36
1763895600,86244.08
1763899200,86491.48
1763902800,86870.16
1763906400,86516.99
1763910000,87098.93
1763913600,86721.73
1763917200,86721.82
1763920800,86961.16
1763924400,87326.50
1763928000,87410.64
1763931600,87973.95
1763935200,87961.44
1763938800,86798.77
1763942400,86694.13
1763946000,87013.02
1763949600,87414.14
1763953200,87344.15
1763956800,86691.27
1763960400,87377.55
1763964000,86920.61
1763967600,86977.45
1763971200,86957.07
1763974800,85968.67
1763978400,86053.91
1763982000,86265.73
1763985600,85928.12
1763989200,86084.27
1763992800,85833.98
1763996400,86539.26
1764000000,87185.57
1764003600,88394.14
1764007200,88674.87
1764010800,88234.05
1764014400,89143.74
1764018000,88823.08
1764021600,88699.22
1764025200,88261.26
1764028800,88089.47
1764032400,87766.82
1764036000,87853.70
1764039600,87768.86
1764043200,88335.02
1764046800,88097.05
1764050400,87993.72
1764054000,87381.48
1764057600,87035.77
1764061200,87217.96
1764064800,87393.90
1764068400,87364.38
1764072000,87508.14
1764075600,87005.36
1764079200,86611.12
1764082800,86947.86
1764086400,87068.26
1764090000,87681.09
1764093600,87241.48
1764097200,86819.25
1764100800,87396.96
1764104400,87000.93
1764108000,87610.37
1764111600,87345.59
1764115200,87512.88
1764118800,87894.02
1764122400,87663.40
1764126000,87063.05
1764129600,87211.87
1764133200,87491.57
1764136800,87802.03
1764140400,87920.16
1764144000,87393.84
1764147600,86794.10
1764151200,86918.84
1764154800,87031.16
1764158400,86642.95
1764162000,87023.51
1764165600,86955.66
1764169200,86897.23
1764172800,87812.83
1764176400,89942.11
1764180000,90073.11
1764183600,89989.76
1764187200,89914.12
1764190800,90179.11
1764194400,90426.59
1764198000,90517.77
1764201600,90478.54
1764205200,91038.15
1764208800,91397.80
1764212400,91161.40
1764216000,91257.51
1764219600,90965.29
1764223200,91245.72
1764226800,91395.10
1764230400,91493.41
1764234000,91553.40
1764237600,91618.23
1764241200,91386.91
1764244800,90975.65
1764248400,90935.61
1764252000,90803.49
1764255600,90959.48
1764259200,91455.77
1764262800,91477.42
1764266400,91792.30
1764270000,91537.89
1764273600,91456.75
1764277200,91438.14
1764280800,91304.48
1764284400,91287.60
1764288000,91178.86
1764291600,90850.52
1764295200,91082.85
1764298800,91204.70
1764302400,91430.72
1764306000,91636.99
1764309600,91317.15
1764313200,90895.96
1764316800,91590.02
1764320400,91530.36
1764324000,91805.70
1764327600,91456.01
1764331200,91491.28
1764334800,92181.02
1764338400,92148.76
1764342000,92350.55
1764345600,90971.75
1764349200,90789.76
1764352800,90754.47
1764356400,91164.74
1764360000,91190.10
1764363600,91001.59
1764367200,90939.73
1764442800,90761.29
1764572400,86533.84
1764576000,86847.77
1764579600,86716.70
1764583200,86638.07
1764586800,86227.58
1764590400,85484.30
1764594000,86006.60
1764597600,86161.53
1764601200,84637.20
1764604800,84513.08
1764608400,84953.70
1764612000,85179.32
1764615600,85033.78
1764619200,85469.12
1764622800,86425.07
1764626400,86648.26
1764630000,86322.54
1764633600,86503.80
1764637200,86440.85
1764640800,86583.20
1764644400,86956.07
1764648000,86970.63
1764651600,86997.54
1764655200,87106.52
1764658800,87032.70
1764662400,86408.97
1764666000,86742.07
1764669600,87301.62
1764673200,87395.39
1764676800,87250.37
1764680400,87841.20
1764684000,89157.06
1764687600,90948.33
1764691200,90902.43
1764694800,91497.43
1764698400,91862.98
1764702000,91951.65
1764705600,91046.88
1764709200,91613.00
1764712800,92003.70
1764716400,91345.09
1764720000,91588.74
1764723600,92189.58
1764727200,92814.48
1764730800,92738.07
1764734400,93418.11
1764738000,93640.78
1764741600,93420.21
1764745200,93009.00
1764748800,92728.47
1764752400,93182.93
1764756000,92928.59
1764759600,93030.83
1764763200,92976.20
1764766800,93145.40
1764770400,92663.91
1764774000,92391.72
1764777600,92271.69
1764781200,93017.20
1764784800,92572.12
1764788400,93015.55
1764792000,92913.59
1764795600,93679.61
1764799200,93818.34
1764802800,93454.26
1764806400,93090.12
1764810000,93202.76
1764813600,93982.41
1764817200,93546.55
1764820800,93326.09
1764824400,92989.20
1764828000,93149.25
1764831600,93395.09
1764835200,93218.30
1764838800,93494.88
1764842400,93264.02
1764846000,92943.44
1764849600,93040.80
1764853200,92558.55
1764856800,91918.95
1764860400,93007.49
1764864000,92479.06
1764867600,92425.29
1764871200,92071.11
1764874800,92028.87
1764878400,92529.39
1764882000,92172.45
1764885600,92419.20
1764889200,92133.65
1764892800,92292.67
1764896400,92387.26
1764900000,92544.34
1764903600,92150.61
1764907200,92048.83
1764910800,91938.35
1764914400,92288.83
1764918000,92246.84
1764921600,92103.52
1764925200,91147.05
1764928800,91353.82
1764932400,91395.03
1764936000,91262.79
1764939600,90573.91
1764943200,90270.21
1764946800,90320.11
1764950400,88878.69
1764954000,89371.16
1764957600,89003.91
1764961200,89725.29
1764964800,89336.24
1764968400,89184.66
1764972000,89297.19
1764975600,89389.36
1764979200,89448.26
1764982800,89320.00
1764986400,89343.79
1764990000,89709.22
1764993600,89711.73
1764997200,89628.98
1765000800,89693.38
1765004400,89638.17
1765008000,89337.83
1765011600,89629.75
1765015200,89554.49
1765018800,89648.84
1765022400,89604.39
1765026000,89691.05
1765029600,90050.11
1765033200,89885.17
1765036800,89733.11
1765040400,89713.20
1765044000,89657.12
1765047600,89433.89
1765051200,89570.98
1765054800,89479.19
1765058400,89326.23
1765062000,89277.81
1765065600,89499.40
1765069200,89378.28
1765072800,89670.81
1765076400,89732.32
1765080000,89568.59
1765083600,89535.32
1765087200,89693.62
1765090800,89367.49
1765094400,89328.66
1765098000,89152.07
1765101600,89295.93
1765105200,89199.75
1765108800,89491.44
1765112400,89086.20
1765116000,88224.41
1765119600,89498.59
1765123200,89675.55
1765126800,90995.70
1765130400,91386.52
1765134000,91367.99
1765137600,91456.53
1765141200,90123.94
1765144800,89670.59
1765148400,90424.59
1765152000,90422.67
1765155600,90906.87
1765159200,91429.06
1765162800,91126.98
1765166400,91271.16
1765170000,91349.44
1765173600,91454.83
1765177200,91544.20
1765180800,91830.48
1765184400,91953.16
1765188000,92147.11
1765191600,92000.78
1765195200,91796.14
1765198800,91429.84
1765202400,90846.31
1765206000,90054.56
1765209600,89968.31
1765213200,90282.96
1765216800,89760.93
1765220400,90099.94
1765224000,90736.68
1765227600,91379.14
1765231200,90793.18
1765234800,90639.70
1765238400,90410.28
1765242000,90081.62
1765245600,90106.93
1765249200,90435.75
1765252800,89945.97
1765256400,89924.88
1765260000,90169.54
1765263600,90480.98
1765267200,90487.27
1765270800,90156.62
1765274400,90231.43
1765278000,90375.51
1765281600,90610.33
1765285200,90415.16
1765288800,90243.67
1765292400,92724.47
1765296000,94288.10
1765299600,93842.58
1765303200,93986.02
1765306800,93815.16
1765310400,93102.77
1765314000,92697.72
1765317600,92921.28
1765321200,92695.23
1765324800,92166.73
1765328400,92350.94
1765332000,92380.78
1765335600,92418.54
1765339200,92574.16
1765342800,92608.13
1765346400,92708.04
1765350000,92733.63
1765353600,92650.95
1765357200,92936.85
1765360800,92388.03
1765364400,92112.55
1765368000,92033.60
1765371600,92082.22
1765375200,91787.48
1765378800,92012.49
1765382400,92173.70
1765386000,92395.20
1765389600,92372.97
1765393200,92979.05
1765396800,92528.16
1765400400,92509.34
1765404000,92578.72
1765407600,92055.52
1765411200,91422.46
1765414800,90739.10
1765418400,90046.12
1765422000,89905.51
1765425600,90489.39
1765429200,90317.90
1765432800,90317.07
1765436400,90258.66
1765440000,90186.23
1765443600,90224.10
1765447200,90353.88
1765450800,90276.51
1765454400,90130.20
1765458000,90096.82
1765461600,89595.60
1765465200,89825.35
1765468800,89662.63
1765472400,89994.72
1765476000,90654.09
1765479600,90834.99
1765483200,91813.82
1765486800,92885.89
1765490400,92450.28
1765494000,92513.66
1765497600,91893.49
1765501200,92131.15
1765504800,92582.34
1765508400,92317.54
1765512000,92391.18
1765515600,92455.79
1765519200,92528.65
1765522800,92448.71
1765526400,92301.87
1765530000,92537.07
1765533600,92543.18
1765537200,92395.38
1765540800,92402.03
1765544400,92323.41
1765548000,92588.99
1765551600,89817.98
1765555200,89982.59
1765558800,90056.23
1765562400,90354.39
1765566000,90169.85
1765569600,90212.93
1765573200,90238.59
1765576800,90334.32
1765580400,90257.80
1765584000,90349.97
1765587600,90206.32
1765591200,90241.27
1765594800,90344.09
1765598400,90397.83
1765602000,90351.42
1765605600,90368.75
1765609200,90350.36
1765612800,90441.32
1765616400,90413.44
1765620000,90581.66
1765623600,90355.04
1765627200,90368.20
1765630800,90272.12
1765634400,90121.31
1765638000,90119.04
1765641600,90115.05
1765645200,90065.72
1765648800,90131.88
1765652400,90215.39
1765656000,90107.09
1765659600,90181.55
1765663200,90113.31
1765666800,90296.44
1765670400,90375.45
1765674000,90319.10
1765677600,90323.59
1765681200,90272.62
1765684800,90207.45
1765688400,90218.28
1765692000,90173.16
1765695600,90260.63
1765699200,90149.51
1765702800,90039.97
1765706400,89864.77
1765710000,89386.75
1765713600,89447.16
1765717200,89401.44
1765720800,89109.39
1765724400,89052.14
1765728000,88704.85
1765731600,88855.99
1765735200,89028.46
1765738800,88605.05
1765742400,88593.51
1765746000,88473.10
1765749600,88380.98
1765753200,88171.08
1765756800,88491.97
1765760400,89222.88
1765764000,89333.05
1765767600,89300.55
1765771200,89705.46
1765774800,89609.97
1765778400,89762.52
1765782000,89765.88
1765785600,89798.76
1765789200,89866.81
1765792800,89862.77
1765796400,89653.14
1765800000,89702.44
1765803600,89452.90
1765807200,88136.92
1765810800,86956.41
1765814400,86324.31
1765818000,85712.15
1765821600,86227.85
1765825200,86203.12
1765828800,85892.36
1765832400,86236.47
1765836000,86163.25
1765839600,86422.19
1765843200,85874.70
1765846800,85904.03
1765850400,85878.83
1765854000,85837.78
1765857600,85800.59
1765861200,85996.99
1765864800,86542.56
1765868400,86039.81
1765872000,86234.78
1765875600,86323.88
1765879200,87051.27
1765882800,87278.97
1765886400,87210.56
1765890000,86548.97
1765893600,87215.67
1765897200,87875.88
1765900800,87626.02
1765904400,87142.95
1765908000,87730.52
1765911600,87613.02
1765915200,87656.74
1765918800,87763.11
1765922400,87757.21
1765926000,87847.62
1765929600,87526.05
1765933200,87517.69
1765936800,87457.02
1765940400,87185.21
1765944000,86777.42
1765947600,86602.91
1765951200,86741.27
1765954800,87032.38
1765958400,86348.05
1765962000,86408.05
1765965600,86582.02
1765969200,86952.98
1765972800,86994.59
1765976400,87636.28
1765980000,89451.80
1765983600,87302.05
1765987200,86909.44
1765990800,86422.52
1765994400,85754.45
1765998000,85976.78
1766001600,85852.15
1766005200,85950.66
1766008800,86298.73
1766012400,86144.37
1766016000,86203.75
1766019600,86097.70
1766023200,86641.44
1766026800,86554.53
1766030400,86733.52
1766034000,86394.86
1766037600,86592.94
1766041200,86772.35
1766044800,86946.10
1766048400,87257.83
1766052000,87255.84
1766055600,87220.52
1766059200,87181.09
1766062800,88797.29
1766066400,88299.41
1766070000,88502.20
1766073600,87928.24
1766077200,86302.84
1766080800,85972.55
1766084400,84542.45
1766088000,84765.30
1766091600,85600.07
1766095200,85570.89
1766098800,85476.13
1766102400,85539.07
1766106000,85317.09
1766109600,85660.55
1766113200,86761.80
1766116800,87043.90
1766120400,87048.69
1766124000,87290.61
1766127600,87899.91
1766131200,88097.65
1766134800,88015.98
1766138400,88237.09
1766142000,88158.44
1766145600,87907.01
1766149200,87945.65
1766152800,88094.32
1766156400,87873.52
1766160000,87944.45
1766163600,87302.95
1766167200,87163.52
1766170800,87817.04
1766174400,87909.09
1766178000,87760.19
1766181600,88244.13
1766185200,88101.67
1766188800,87981.30
1766192400,88025.38
1766196000,88161.39
1766199600,88192.01
1766203200,88224.12
1766206800,88262.70
1766210400,88256.36
1766214000,88217.41
1766217600,88248.25
1766221200,88203.16
1766224800,88121.89
1766228400,88254.08
1766232000,88208.63
1766235600,88203.96
1766239200,88215.16
1766242800,88148.16
1766246400,88114.23
1766250000,88139.35
1766253600,88304.63
1766257200,88190.21
1766260800,88245.98
1766264400,88170.33
1766268000,88294.95
1766271600,88344.70
1766275200,88320.03
1766278800,88027.76
1766282400,87921.05
1766286000,88044.75
1766289600,88040.68
1766293200,88111.52
1766296800,88067.34
1766300400,88104.83
1766304000,88532.27
1766307600,88842.47
1766311200,88617.77
1766314800,88585.84
1766318400,88556.27
1766322000,87643.10
1766325600,88018.52
1766329200,88039.19
1766332800,88303.69
1766336400,88296.52
1766340000,88410.97
1766343600,88482.20
1766347200,88216.05
1766350800,88137.43
1766354400,88445.30
1766358000,88621.40
1766361600,88837.76
1766365200,88641.95
1766368800,88443.01
1766372400,88758.17
1766376000,88907.12
1766379600,88811.29
1766383200,88924.83
1766386800,89093.98
1766390400,89290.51
1766394000,89726.60
1766397600,89763.60
1766401200,89919.91
1766404800,90233.80
1766408400,89875.02
1766412000,90079.38
1766415600,89738.30
1766419200,89565.02
1766422800,89264.73
1766426400,89149.24
1766430000,88039.94
1766433600,88403.32
1766437200,88231.48
1766440800,88598.84
1766444400,88490.03
1766448000,88745.97
1766451600,88483.45
1766455200,88155.46
1766458800,88181.91
1766462400,87902.83
1766466000,87739.83
1766469600,87352.96
1766473200,87509.34
1766476800,87392.89
1766480400,87485.78
1766484000,87553.35
1766487600,87819.02
1766491200,87774.17
1766494800,87605.77
1766498400,86656.34
1766502000,87426.45
1766505600,87986.77
1766509200,87378.00
1766512800,87947.71
1766516400,87697.27
1766520000,87651.45
1766523600,87672.48
1766527200,87343.17
1766530800,87404.32
1766534400,87584.79
1766538000,87600.00
1766541600,87113.88
1766545200,87287.05
1766548800,87079.70
1766552400,86905.23
1766556000,86941.01
1766559600,86921.63
1766563200,86749.81
1766566800,86757.44
1766570400,87036.77
1766574000,87156.09
1766577600,87391.72
1766581200,87244.04
1766584800,86882.40
1766588400,86914.60
1766592000,87168.15
1766595600,87216.53
1766599200,87412.62
1766602800,87495.48
1766606400,87494.37
1766610000,87607.80
1766613600,87941.35
1766617200,87608.32
1766620800,87490.37
1766624400,87631.77
1766628000,87843.27
1766631600,87792.05
1766635200,87744.01
1766638800,87702.37
1766642400,87773.68
1766646000,87786.69
1766649600,87508.98
1766653200,87465.71
1766656800,87361.88
1766660400,87458.49
1766664000,87521.09
1766667600,87601.42
1766671200,87672.70
1766674800,88274.79
1766678400,88053.80
1766682000,88114.05
1766685600,88185.57
1766689200,88094.23
1766692800,87821.91
1766696400,87851.86
1766700000,87625.06
1766703600,87235.51
1766707200,87041.66
1766710800,87385.88
1766714400,89091.08
1766718000,88742.31
1766721600,88891.72
1766725200,88942.38
1766728800,89133.10
1766732400,88372.12
1766736000,88666.63
1766739600,88769.62
1766743200,88716.55
1766746800,88512.64
1766750400,88626.40
1766754000,88983.16
1766757600,87382.00
1766761200,86991.42
1766764800,86831.45
1766768400,87238.27
1766772000,87189.59
1766775600,87414.73
1766779200,87553.04
1766782800,87422.98
1766786400,87418.50
1766790000,87301.43
1766793600,87338.20
1766797200,87404.77
1766800800,87386.52
1766804400,87448.97
1766808000,87405.91
1766811600,87451.36
1766815200,87407.64
1766818800,87478.55
1766822400,87530.72
1766826000,87565.80
1766829600,87456.30
1766833200,87416.84
1766836800,87426.55
1766840400,87424.05
1766844000,87485.06
1766847600,87516.34
1766851200,87449.17
1766854800,87501.92
1766858400,87433.75
1766862000,87512.39
1766865600,87495.94
1766869200,87605.66
1766872800,87587.46
1766876400,87799.34
1766880000,87781.64
1766883600,87717.45
1766887200,87748.28
1766890800,87688.10
1766894400,87661.01
1766898000,87589.04
1766901600,87681.52
1766905200,87665.27
1766908800,87760.62
1766912400,87730.89
1766916000,87787.68
1766919600,87789.55
1766923200,87786.79
1766926800,87833.66
1766930400,87865.41
1766934000,87780.06
1766937600,87750.12
1766941200,87693.72
1766944800,87537.07
1766948400,87485.58
1766952000,87477.89
1766955600,87500.23
1766959200,87843.01
1766962800,87835.79
1766966400,88226.78
1766970000,88314.17
1766973600,89102.62
1766977200,90032.41
1766980800,90100.41
1766984400,89927.69
1766988000,89672.96
1766991600,89518.62
1766995200,89451.90
1766998800,87940.60
1767002400,87678.95
1767006000,87508.18
1767009600,87242.80
1767013200,87222.25
1767016800,87322.02
1767020400,87636.62
1767024000,87538.17
1767027600,87697.23
1767031200,87357.53
1767034800,87238.10
1767038400,87121.68
1767042000,87224.96
1767045600,87260.80
1767049200,87134.35
1767052800,87129.79
1767056400,87191.57
1767060000,86975.73
1767063600,87285.15
1767067200,87199.74
1767070800,87129.55
1767074400,87317.14
1767078000,87378.30
1767081600,87771.77
1767085200,87881.12
1767088800,87844.32
1767092400,87751.42
1767096000,87888.23
1767099600,88002.95
1767103200,88834.18
1767106800,88947.28
1767110400,88672.23
1767114000,88334.10
1767117600,88238.75
1767121200,88153.54
1767124800,87831.09
1767128400,88172.45
1767132000,88325.12
1767135600,88429.59
1767139200,88161.05
1767142800,88552.90
1767146400,88585.59
1767150000,88338.79
1767153600,88229.05
1767157200,88354.65
1767160800,88396.66
1767164400,88496.05
1767168000,88321.92
1767171600,88585.39
1767175200,88697.68
1767178800,88863.52
1767182400,88668.22
1767186000,88856.46
1767189600,88323.92
1767193200,87911.63
1767196800,87558.62
1767200400,87490.89
1767204000,87575.08
1767207600,87455.48
1767211200,87534.91
1767214800,87637.20
1767218400,87561.20
1767222000,87508.05
1767225600,87675.93
1767229200,87817.62
1767232800,87776.49
1767236400,87710.95
1767240000,87441.46
1767243600,87558.34
1767247200,87506.26
1767250800,87479.69
1767254400,87598.38
1767258000,87724.84
1767261600,87716.81
1767265200,87875.80
1767268800,87838.30
1767272400,87786.35
1767276000,87840.16
1767279600,87922.06
1767283200,87863.27
1767286800,88187.82
1767290400,88055.26
1767294000,88222.26
1767297600,88146.33
1767301200,88270.20
1767304800,88562.98
1767308400,88733.06
1767312000,88675.40
1767315600,88534.29
1767319200,88498.05
1767322800,88778.70
1767326400,88530.38
1767330000,88652.29
1767333600,88838.57
1767337200,88773.32
1767340800,89049.57
1767344400,89344.41
1767348000,89544.27
1767351600,89428.80
1767355200,89321.92
1767358800,89291.10
1767362400,89565.34
1767366000,89319.91
1767369600,90346.58
1767373200,90283.48
1767376800,89776.46
1767380400,89878.86
1767384000,89695.36
1767387600,90046.57
1767391200,90159.99
1767394800,89945.05
1767398400,90098.66
1767402000,90253.98
1767405600,90304.02
1767409200,90293.88
1767412800,90122.33
1767416400,90002.62
1767420000,89853.41
1767423600,89553.96
1767427200,89646.46
1767430800,89810.07
1767434400,89766.55
1767438000,89713.37
1767441600,89922.19
1767445200,89956.14
1767448800,90062.07
1767452400,89927.83
1767456000,90055.75
1767459600,90044.38
1767463200,90090.17
1767466800,90056.62
1767470400,90301.48
1767474000,90486.76
1767477600,90526.17
1767481200,90603.00
1767484800,91320.90
1767488400,91197.30
1767492000,91072.44
1767495600,91205.83
1767499200,91360.68
1767502800,91432.57
1767506400,91213.80
1767510000,91474.94
1767513600,91307.09
1767517200,91409.80
1767520800,91538.22
1767524400,91235.68
1767528000,91098.34
1767531600,91223.35
1767535200,91270.61
1767538800,91270.45
1767542400,91285.14
1767546000,91297.82
1767549600,91161.84
1767553200,91099.47
1767556800,91252.45
1767560400,91220.77
1767564000,91140.74
1767567600,91414.62
1767571200,92355.84
1767574800,92916.91
1767578400,92984.32
1767582000,92845.64
1767585600,92566.81
1767589200,92351.95
1767592800,92433.34
1767596400,92474.34
1767600000,92475.54
1767603600,92664.88
1767607200,93036.15
1767610800,93051.19
1767614400,92803.32
1767618000,92666.91
1767621600,93393.62
1767625200,93883.95
1767628800,93715.77
1767632400,94264.96
1767636000,94458.96
1767639600,94225.59
1767643200,94148.84
1767646800,94091.63
1767650400,94184.48
1767654000,93876.95
1767657600,93801.81
1767661200,93764.16
1767664800,93626.34
1767668400,93762.59
1767672000,93817.09
1767675600,93558.05
1767679200,93780.91
1767682800,93213.90
1767686400,93207.31
1767690000,93437.96
1767693600,93537.84
1767697200,93789.02
1767700800,93853.61
1767704400,93671.75
1767708000,93750.14
1767711600,93480.54
1767715200,92573.49
1767718800,91550.18
1767722400,91991.37
1767726000,92048.78
1767729600,92462.41
1767733200,93236.83
1767736800,93301.57
1767740400,93727.47
1767744000,92814.07
1767747600,92430.86
1767751200,92885.85
1767754800,92743.29
1767758400,92625.18
1767762000,92459.91
1767765600,92563.83
1767769200,92773.61
1767772800,92647.36
1767776400,91648.05
1767780000,91868.57
1767783600,92074.48
1767787200,91935.39
1767790800,91990.70
1767794400,91896.50
1767798000,91265.10
1767801600,91190.92
1767805200,91186.11
1767808800,90691.76
1767812400,91131.27
1767816000,90948.90
1767819600,91044.54
1767823200,91106.28
1767826800,91309.64
1767830400,91317.59
1767834000,91333.12
1767837600,90853.95
1767841200,90704.73
1767844800,90949.74
1767848400,90698.76
1767852000,89940.03
1767855600,90434.55
1767859200,90082.12
1767862800,89879.13
1767866400,90293.73
1767870000,90068.73
1767873600,89883.27
1767877200,89851.09
1767880800,89924.45
1767884400,90649.91
1767888000,90718.90
1767891600,91254.64
1767895200,90985.66
1767898800,90819.80
1767902400,90841.20
1767906000,91222.18
1767909600,91130.78
1767913200,91025.75
1767916800,91205.77
1767920400,90976.49
1767924000,90932.55
1767927600,91112.80
1767931200,90939.28
1767934800,90971.52
1767938400,91027.09
1767942000,90687.08
1767945600,89845.13
1767949200,90222.02
1767952800,90404.46
1767956400,90337.78
1767960000,90348.66
1767963600,90550.80
1767967200,90056.42
1767970800,90999.82
1767974400,91527.29
1767978000,91343.59
1767981600,90781.11
1767985200,90267.05
1767988800,90185.78
1767992400,90421.04
1767996000,90502.36
1767999600,90510.10
1768003200,90477.05
1768006800,90567.20
1768010400,90543.38
1768014000,90507.67
1768017600,90326.48
1768021200,90484.05
1768024800,90383.64
1768028400,90537.20
1768032000,90531.08
1768035600,90616.22
1768039200,90685.19
1768042800,90610.27
1768046400,90598.29
1768050000,90526.55
1768053600,90456.80
1768057200,90543.05
1768060800,90555.04
1768064400,90428.20
1768068000,90476.06
1768071600,90507.04
1768075200,90448.46
1768078800,90386.55
1768082400,90341.57
1768086000,90385.36
1768089600,90509.69
1768093200,90509.96
1768096800,90579.11
1768100400,90617.05
1768104000,90662.78
1768107600,90644.29
1768111200,90632.99
1768114800,90589.42
1768118400,90668.05
1768122000,90623.92
1768125600,90614.27
1768129200,90593.46
1768132800,90825.19
1768136400,90736.93
1768140000,91043.95
1768143600,90747.76
1768147200,90905.05
1768150800,90869.97
1768154400,90745.35
1768158000,90593.48
1768161600,90538.41
1768165200,90646.31
1768168800,90430.35
1768172400,90825.86
1768176000,91032.37
1768179600,91262.02
1768183200,92115.52
1768186800,91719.34
1768190400,92036.11
1768194000,91991.64
1768197600,91716.68
1768201200,91301.73
1768204800,90669.21
1768208400,90591.09
1768212000,90278.86
1768215600,90566.39
1768219200,90672.51
1768222800,90533.34
1768226400,90803.74
1768230000,91546.45
1768233600,92042.64
1768237200,91416.16
1768240800,91622.59
1768244400,91770.25
1768248000,91393.20
1768251600,90913.73
1768255200,91157.55
1768258800,91185.34
1768262400,91386.71
1768266000,91058.93
1768269600,91114.59
1768273200,91291.31
1768276800,91396.67
1768280400,91803.95
1768284000,92120.84
1768287600,91853.82
1768291200,92087.91
1768294800,92149.17
1768298400,92029.34
1768302000,91893.65
1768305600,91999.12
1768309200,91966.58
1768312800,92453.84
1768316400,93283.03
1768320000,93441.22
1768323600,93241.68
1768327200,93557.65
1768330800,94194.65
1768334400,94438.89
1768338000,94074.96
1768341600,95667.83
1768345200,95322.91
1768348800,95277.77
1768352400,95266.85
1768356000,95279.21
1768359600,95630.98
1768363200,95202.52
1768366800,94988.16
1768370400,94976.86
1768374000,95176.13
1768377600,94868.30
1768381200,95038.11
1768384800,95059.11
1768388400,94706.01
1768392000,95031.65
1768395600,94937.05
1768399200,96460.42
1768402800,96710.59
1768406400,97212.49
1768410000,96941.91
1768413600,96835.98
1768417200,97265.78
1768420800,97585.11
1768424400,97443.16
1768428000,96915.56
1768431600,96931.29
1768435200,96573.63
1768438800,96418.14
1768442400,96236.49
1768446000,95963.02
1768449600,96151.68
1768453200,96392.03
1768456800,96281.82
1768460400,96516.47
1768464000,96614.47
1768467600,97046.73
1768471200,96792.05
1768474800,96587.45
1768478400,96940.30
1768482000,96817.38
1768485600,96019.61
1768489200,96434.89
1768492800,96797.61
1768496400,96598.63
1768500000,95793.56
1768503600,95411.09
1768507200,95143.53
1768510800,95548.52
1768514400,95522.65
1768518000,95554.10
1768521600,95574.80
1768525200,95617.46
1768528800,95477.91
1768532400,95325.97
1768536000,95125.38
1768539600,95612.27
1768543200,95710.62
1768546800,95633.54
1768550400,95643.59
1768554000,95577.73
1768557600,95272.91
1768561200,95389.32
1768564800,95409.30
1768568400,95418.41
1768572000,95223.38
1768575600,94605.62
1768579200,94795.36
1768582800,94893.26
1768586400,94988.11
1768590000,94964.34
1768593600,95399.26
1768597200,95443.86
1768600800,95441.12
1768604400,95525.16
1768608000,95459.39
1768611600,95366.12
1768615200,95324.71
1768618800,95330.21
1768622400,95307.71
1768626000,95249.34
1768629600,95225.62
1768633200,95061.11
1768636800,95203.43
1768640400,95212.47
1768644000,95077.95
1768647600,95255.24
1768651200,95205.41
1768654800,95374.91
1768658400,95383.33
1768662000,95525.63
1768665600,95278.62
1768669200,95323.45
1768672800,95382.88
1768676400,95261.35
1768680000,95343.68
1768683600,95257.08
1768687200,95156.24
1768690800,95101.18
1768694400,95061.84
1768698000,94908.95
1768701600,94977.70
1768705200,95147.22
1768708800,95059.86
1768712400,95154.52
1768716000,95136.49
1768719600,95023.48
1768723200,95146.98
1768726800,95236.41
1768730400,95137.82
1768734000,95124.70
1768737600,95049.41
1768741200,95115.23
1768744800,94904.94
1768748400,95088.28
1768752000,95139.50
1768755600,95171.61
1768759200,95439.37
1768762800,95334.56
1768766400,95266.80
1768770000,95388.85
1768773600,95458.41
1768777200,93655.67
1768780800,92697.59
1768784400,92509.73
1768788000,92518.21
1768791600,92642.56
1768795200,92674.09
1768798800,92484.29
1768802400,92511.30
1768806000,92792.72
1768809600,93259.11
1768813200,92993.56
1768816800,92999.53
1768820400,93140.14
1768824000,92996.20
1768827600,92964.34
1768831200,92768.84
1768834800,93022.81
1768838400,93298.66
1768842000,93182.34
1768845600,93003.19
1768849200,93079.11
1768852800,93091.73
1768856400,92975.26
1768860000,92570.81
1768863600,92553.60
1768867200,92606.88
1768870800,92757.50
1768874400,92464.55
1768878000,92357.45
1768881600,91954.49
1768885200,91604.17
1768888800,90770.22
1768892400,91076.87
1768896000,90998.25
1768899600,90938.98
1768903200,91184.68
1768906800,91146.76
1768910400,91195.44
1768914000,90871.97
1768917600,90583.91
1768921200,90429.46
1768924800,90095.34
1768928400,89671.73
1768932000,89393.78
1768935600,89597.73
1768939200,89504.59
1768942800,89416.03
1768946400,88411.83
1768950000,88326.51
1768953600,88816.97
1768957200,88909.59
1768960800,88958.23
1768964400,89315.88
1768968000,89352.01
1768971600,89813.77
1768975200,89527.30
1768978800,89049.62
1768982400,89101.49
1768986000,88984.32
1768989600,89175.62
1768993200,88687.13
1768996800,88647.78
1769000400,88700.50
1769004000,89829.58
1769007600,90238.59
1769011200,87585.99
1769014800,87895.93
1769018400,88377.29
1769022000,90246.13
1769025600,90094.95
1769029200,90194.13
1769032800,89782.74
1769036400,89378.52
1769040000,89814.74
1769043600,90045.38
1769047200,89860.42
1769050800,89806.51
1769054400,89961.82
1769058000,89859.62
1769061600,90108.52
1769065200,89713.28
1769068800,89823.01
1769072400,89947.06
1769076000,90011.81
1769079600,89853.88
1769083200,89935.00
1769086800,89521.83
1769090400,89121.17
1769094000,88943.02
1769097600,88906.22
1769101200,89447.06
1769104800,89221.64
1769108400,89729.18
1769112000,89373.11
1769115600,89166.45
1769119200,89252.34
1769122800,89462.05
1769126400,89503.74
1769130000,89823.18
1769133600,89567.62
1769137200,89806.80
1769140800,89896.56
1769144400,89495.86
1769148000,89394.35
1769151600,89438.16
1769155200,89130.46
1769158800,88848.19
1769162400,88907.96
1769166000,89056.58
1769169600,89177.33
1769173200,89222.63
1769176800,88899.03
1769180400,89529.73
1769184000,90003.85
1769187600,90490.88
1769191200,90460.07
1769194800,89854.39
1769198400,89444.88
1769202000,89236.38
1769205600,89534.24
1769209200,89506.15
1769212800,89347.35
1769216400,89415.66
1769220000,89582.09
1769223600,89647.42
1769227200,89720.59
1769230800,89658.80
1769234400,89512.51
1769238000,89471.31
1769241600,89534.77
1769245200,89461.20
1769248800,89492.60
1769252400,89467.37
1769256000,89398.38
1769259600,89397.23
1769263200,89313.25
1769266800,89143.55
1769270400,89149.10
1769274000,89246.38
1769277600,89258.73
1769281200,89182.19
1769284800,89243.96
1769288400,89244.26
1769292000,89261.98
1769295600,89104.77
1769299200,89154.37
1769302800,89032.74
1769306400,89003.84
1769310000,88839.12
1769313600,88923.28
1769317200,88862.66
1769320800,88718.78
1769324400,88513.38
1769328000,88188.77
1769331600,88263.27
1769335200,88512.41
1769338800,88436.84
1769342400,88649.59
1769346000,88787.13
1769349600,88573.75
1769353200,88330.33
1769356800,87969.25
1769360400,87718.25
1769364000,87338.19
1769367600,86388.41
1769371200,86552.38
1769374800,86517.06
1769378400,86441.55
1769382000,86566.52
1769385600,86734.32
1769389200,87514.02
1769392800,87437.14
1769396400,87120.24
1769400000,87605.35
1769403600,87760.02
1769407200,87838.74
1769410800,87904.12
1769414400,87884.40
1769418000,87551.10
1769421600,87806.64
1769425200,87761.48
1769428800,87709.39
1769432400,87878.05
1769436000,88120.71
1769439600,87579.93
1769443200,87546.74
1769446800,87593.14
1769450400,88264.78
1769454000,87919.97
1769457600,87495.59
1769461200,87966.77
1769464800,88040.05
1769468400,88257.48
1769472000,88248.30
1769475600,88462.62
1769479200,88681.78
1769482800,88640.95
1769486400,88478.63
1769490000,88341.77
1769493600,88206.98
1769497200,88205.38
1769500800,88073.96
1769504400,87771.41
1769508000,87654.55
1769511600,87900.77
1769515200,87845.59
1769518800,87846.55
1769522400,87643.47
1769526000,87908.80
1769529600,88541.49
1769533200,87426.18
1769536800,88237.98
1769540400,88292.19
1769544000,89237.53
1769547600,88909.72
1769551200,89170.09
1769554800,89104.05
1769558400,89275.37
1769562000,89307.57
1769565600,89121.61
1769569200,89013.22
1769572800,88890.56
1769576400,88955.41
1769580000,89210.63
1769583600,89012.05
1769587200,88799.02
1769590800,89298.48
1769594400,89307.33
1769598000,89947.35
1769601600,89868.25
1769605200,90081.90
1769608800,89517.86
1769612400,89381.20
1769616000,89530.98
1769619600,90079.19
1769623200,89442.84
1769626800,89425.99
1769630400,89083.05
1769634000,89276.76
1769637600,89242.84
1769641200,89169.85
1769644800,88978.08
1769648400,88487.02
1769652000,87757.31
1769655600,87938.64
1769659200,88192.99
1769662800,88020.77
1769666400,88182.04
1769670000,88280.15
1769673600,87928.06
1769677200,87768.68
1769680800,87803.02
1769684400,87690.21
1769688000,87951.87
1769691600,87863.98
1769695200,86876.08
1769698800,84758.59
1769702400,85137.86
1769706000,84025.98
1769709600,83441.05
1769713200,83862.94
1769716800,83916.76
1769720400,84363.01
1769724000,84433.80
1769727600,84562.73
1769731200,84109.74
1769734800,82348.40
1769738400,81904.53
1769742000,82581.66
1769745600,82798.31
1769749200,82835.45
1769752800,82440.12
1769756400,82710.95
1769760000,82493.35
1769763600,82209.17
1769767200,82652.25
1769770800,83055.72
1769774400,82632.27
1769778000,82570.16
1769781600,82851.02
1769785200,82771.20
1769788800,82971.60
1769792400,82907.30
1769796000,83851.12
1769799600,84213.65
1769803200,83716.23
1769806800,84250.55
1769810400,84013.85
1769814000,84126.50
1769817600,83914.75
1769821200,83867.95
1769824800,83986.77
1769828400,83896.10
1769832000,83839.33
1769835600,83858.80
1769839200,83629.19
1769842800,83409.80
1769846400,82968.61
1769850000,83005.20
1769853600,83010.11
1769857200,82843.47
1769860800,82666.08
1769864400,82607.33
1769868000,81360.44
1769871600,81127.52
1769875200,80141.04
1769878800,78709.90
1769882400,77837.17
1769886000,77820.74
1769889600,77941.32
1769893200,78229.13
1769896800,78136.99
1769900400,78626.12
1769904000,78827.45
1769907600,78418.02
1769911200,78844.27
1769914800,78803.34
1769918400,78940.93
1769922000,78510.14
1769925600,78250.04
1769929200,78274.62
1769932800,78507.09
1769936400,78978.73
1769940000,78159.20
1769943600,78672.67
1769947200,78421.52
1769950800,78242.32
1769954400,78308.23
1769958000,77652.16
1769961600,77376.48
1769965200,77600.85
1769968800,77737.06
1769972400,77017.93
1769976000,77010.91
1769979600,76405.00
1769983200,77248.17
1769986800,76968.88
1769990400,77585.10
1769994000,77462.31
1769997600,76423.16
1770001200,76201.12
1770004800,75800.88
1770008400,75453.40
1770012000,76386.55
1770015600,76630.10
1770019200,76923.24
1770022800,77648.12
1770026400,77443.81
1770030000,77647.12
1770033600,77944.76
1770037200,78216.02
1770040800,77795.77
1770044400,78802.92
1770048000,78586.32
1770051600,78959.22
1770055200,78551.33
1770058800,78443.41
1770062400,77920.79
1770066000,78445.96
1770069600,78694.36
1770073200,78693.51
1770076800,79009.59
1770080400,78939.54
1770084000,77810.25
1770087600,78719.22
1770091200,78717.81
1770094800,78190.98
1770098400,78502.72
1770102000,78674.05
1770105600,78673.89
1770109200,78320.34
1770112800,78006.52
1770116400,78038.46
1770120000,78281.85
1770123600,78242.14
1770127200,77201.96
1770130800,78089.84
1770134400,76518.60
1770138000,74846.29
1770141600,73178.65
1770145200,74939.35
1770148800,76281.68
1770152400,76159.62
1770156000,75543.50
1770159600,75640.09
1770163200,75804.78
1770166800,76332.23
1770170400,75910.72
1770174000,76621.13
1770177600,76366.78
1770181200,76148.54
1770184800,76553.67
1770188400,76402.23
1770192000,76421.30
1770195600,76003.05
1770199200,76189.34
1770202800,76008.77
1770206400,76048.38
1770210000,74758.43
1770213600,74255.16
1770217200,74074.91
1770220800,73541.83
1770224400,72488.21
1770228000,73406.48
1770231600,73782.91
1770235200,73414.16
1770238800,72609.01
1770242400,72321.98
1770246000,73042.98
1770249600,72715.38
1770253200,72327.21
1770256800,71502.96
1770260400,71080.63
1770264000,70715.39
1770267600,70544.96
1770271200,70787.05
1770274800,70511.16
1770278400,71043.25
1770282000,71439.52
1770285600,70617.38
1770289200,70168.02
1770292800,69455.52
1770296400,69458.43
1770300000,69347.79
1770303600,67298.31
1770307200,68121.98
1770310800,66066.13
1770314400,66248.52
1770318000,65136.61
1770321600,63543.18
1770325200,63136.76
1770328800,63948.01
1770332400,62704.45
1770336000,63515.59
1770339600,65503.72
1770343200,64803.54
1770346800,64074.95
1770350400,64807.66
1770354000,66298.21
1770357600,65076.14
1770361200,64802.48
1770364800,64782.48
1770368400,65739.68
1770372000,65868.85
1770375600,66508.91
1770379200,66455.77
1770382800,67311.83
1770386400,68182.08
1770390000,68622.91
1770393600,69743.15
1770397200,70801.62
1770400800,69745.58
1770404400,70739.24
1770408000,70078.88
1770411600,70341.30
1770415200,71295.26
1770418800,70553.80
1770422400,69918.41
1770426000,70479.40
1770429600,70330.56
1770433200,70793.75
1770436800,70678.53
1770440400,70077.44
1770444000,68887.17
1770447600,68144.41
1770451200,68526.30
1770454800,68037.27
1770458400,67967.30
1770462000,67935.73
1770465600,68888.95
1770469200,68944.22
1770472800,68617.72
1770476400,69057.77
1770480000,68935.05
1770483600,69141.82
1770487200,69420.82
1770490800,69262.84
1770494400,69589.25
1770498000,69393.89
1770501600,69401.47
1770505200,69283.73
1770508800,68980.02
1770512400,69318.83
1770516000,69280.21
1770519600,69053.34
1770523200,69227.82
1770526800,69181.01
1770530400,69250.55
1770534000,69640.69
1770537600,70629.32
1770541200,70158.19
1770544800,70193.89
1770548400,70906.02
1770552000,71108.66
1770555600,71404.69
1770559200,71155.45
1770562800,71068.46
1770566400,70333.58
1770570000,70740.33
1770573600,71145.99
1770577200,71368.16
1770580800,70788.22
1770584400,70673.91
1770588000,71035.00
1770591600,70243.33
1770595200,70464.62
1770598800,70335.81
1770602400,70588.92
1770606000,71210.29
1770609600,71006.80
1770613200,70911.23
1770616800,70612.08
1770620400,70396.03
1770624000,69840.75
1770627600,69529.41
1770631200,68665.38
1770634800,68798.66
1770638400,69033.95
1770642000,68622.74
1770645600,69246.49
1770649200,69482.29
1770652800,70069.55
1770656400,70586.12
1770660000,70320.44
1770663600,70882.67
1770667200,70759.20
1770670800,70373.81
1770674400,70333.58
1770678000,70137.39
1770681600,69837.25
1770685200,70357.91
1770688800,70051.41
1770692400,69443.59
1770696000,69804.07
1770699600,69396.21
1770703200,68879.47
1770706800,68896.24
1770710400,69067.21
1770714000,69061.31
1770717600,68911.44
1770721200,68473.68
1770724800,68557.11
1770728400,68959.33
1770732000,68395.99
1770735600,69265.85
1770739200,69521.47
1770742800,69766.52
1770746400,68902.07
1770750000,68995.20
1770753600,68765.27
1770757200,68594.86
1770760800,68703.69
1770764400,68791.86
1770768000,69181.09
1770771600,68948.52
1770775200,68665.52
1770778800,68242.17
1770782400,67546.72
1770786000,67381.99
1770789600,66750.91
1770793200,67004.36
1770796800,66945.64
1770800400,66790.90
1770804000,66504.41
1770807600,67025.02
1770811200,67116.88
1770814800,67500.89
1770818400,66507.46
1770822000,66516.08
1770825600,66028.41
1770829200,66552.13
1770832800,67210.73
1770836400,67536.27
1770840000,67546.46
1770843600,67794.13
1770847200,67423.77
1770850800,66992.20
1770854400,67478.34
1770858000,67642.19
1770861600,67400.52
1770865200,67529.81
1770868800,66993.44
1770872400,67069.20
1770876000,67047.51
1770879600,67168.52
1770883200,67089.24
1770886800,67534.08
1770890400,67904.09
1770894000,68084.80
1770897600,67800.86
1770901200,68315.13
1770904800,67697.41
1770908400,67116.51
1770912000,65785.01
1770915600,65447.47
1770919200,65581.59
1770922800,65781.41
1770926400,65356.20
1770930000,65735.38
1770933600,66255.22
1770937200,66213.38
1770940800,65950.08
1770944400,66330.48
1770948000,66666.50
1770951600,66452.00
1770955200,66304.02
1770958800,66172.88
1770962400,66310.01
1770966000,66145.00
1770969600,66569.48
1770973200,66887.13
1770976800,66946.58
1770980400,67143.93
1770984000,67045.33
1770987600,67273.09
1770991200,67689.41
1770994800,68573.48
1770998400,68914.12
1771002000,69031.49
1771005600,69091.99
1771009200,68956.77
1771012800,68698.01
1771016400,68800.84
1771020000,68898.00
1771023600,68856.98
1771027200,69057.91
1771030800,68931.65
1771034400,68859.88
1771038000,68942.36
1771041600,68777.02
1771045200,68741.17
1771048800,68891.50
1771052400,69235.17
1771056000,69732.41
1771059600,69688.66
1771063200,69616.64
1771066800,70448.53
1771070400,69784.72
1771074000,69413.36
1771077600,69761.72
1771081200,69760.94
1771084800,69717.24
1771088400,69670.14
1771092000,69727.01
1771095600,69811.45
1771099200,69966.66
1771102800,69886.13
1771106400,69942.10
1771110000,69764.95
1771113600,69724.40
1771117200,69649.71
1771120800,69510.01
1771124400,69957.23
1771128000,70130.52
1771131600,70267.76
1771135200,70369.24
1771138800,70750.80
1771142400,70404.77
1771146000,70391.08
1771149600,70415.59
1771153200,70266.68
1771156800,69396.92
1771160400,68905.88
1771164000,69109.89
1771167600,69055.63
1771171200,69018.30
1771174800,68599.84
1771178400,68388.75
1771182000,68289.05
1771185600,68415.12
1771189200,68852.77
1771192800,68935.36
1771196400,68782.40
1771200000,68843.06
1771203600,68605.65
1771207200,68298.84
1771210800,68374.77
1771214400,68832.90
1771218000,68370.99
1771221600,68420.93
1771225200,68540.94
1771228800,68716.80
1771232400,68958.37
1771236000,68774.85
1771239600,68831.30
1771243200,69743.80
1771246800,68380.53
1771250400,68421.92
1771254000,67508.30
1771257600,67837.59
1771261200,67921.70
1771264800,67831.42
1771268400,67921.14
1771272000,68436.70
1771275600,68879.12
1771279200,68604.20
1771282800,68843.09
1771286400,68846.25
1771290000,68606.77
1771293600,68926.26
1771297200,68462.93
1771300800,68403.92
1771304400,68198.42
1771308000,68386.94
1771311600,68365.08
1771315200,68135.63
1771318800,68072.15
1771322400,67775.84
1771326000,67828.90
1771329600,67849.43
1771333200,68081.40
1771336800,66916.46
1771340400,67354.39
1771344000,67492.43
1771347600,67231.84
1771351200,68172.95
1771354800,67791.66
1771358400,67735.79
1771362000,67639.21
1771365600,67516.09
1771369200,67507.32
1771372800,67291.00
1771376400,67121.06
1771380000,67306.35
1771383600,67636.99
1771387200,67791.82
1771390800,67614.83
1771394400,67809.15
1771398000,68102.80
1771401600,68086.59
1771405200,68149.05
1771408800,67750.21
1771412400,67358.87
1771416000,67478.89
1771419600,67210.88
1771423200,67150.77
1771426800,67606.55
1771430400,67100.00
1771434000,67140.18
1771437600,66301.73
1771441200,66113.40
1771444800,66256.09
1771448400,66325.80
1771452000,66405.24
1771455600,66425.62
1771459200,66419.13
1771462800,66825.52
1771466400,66814.64
1771470000,66915.53
1771473600,66789.98
1771477200,66835.30
1771480800,67105.77
1771484400,67162.84
1771488000,66918.14
1771491600,66813.48
1771495200,66810.26
1771498800,66470.94
1771502400,66483.30
1771506000,65880.56
1771509600,66429.09
1771513200,66353.57
1771516800,66340.36
1771520400,66290.69
1771524000,66922.70
1771527600,67021.28
1771531200,67093.53
1771534800,66900.23
1771538400,66912.20
1771542000,66958.58
1771545600,67228.20
1771549200,67254.04
1771552800,67261.33
1771556400,67343.13
1771560000,67233.38
1771563600,67743.99
1771567200,67835.20
1771570800,67780.32
1771574400,67842.30
1771578000,68166.82
1771581600,67912.90
1771585200,67410.94
1771588800,67501.06
1771592400,66736.46
1771596000,67070.55
1771599600,67543.80
1771603200,67753.58
1771606800,67574.77
1771610400,67940.16
1771614000,67637.83
1771617600,67704.04
1771621200,67789.57
1771624800,68043.89
1771628400,68000.25
1771632000,67817.83
1771635600,67951.70
1771639200,68005.31
1771642800,67636.85
1771646400,67812.51
1771650000,67828.49
1771653600,67760.48
1771657200,67836.33
1771660800,68055.92
1771664400,68127.80
1771668000,68174.34
1771671600,68070.30
1771675200,68173.33
1771678800,68228.45
1771682400,68451.86
1771686000,68631.53
1771689600,68302.90
1771693200,68400.30
1771696800,68554.55
1771700400,68526.92
1771704000,68343.45
1771707600,68353.44
1771711200,67947.16
1771714800,67998.83
1771718400,67906.18
1771722000,68118.92
1771725600,67885.89
1771729200,68004.84
1771732800,67967.23
1771736400,67916.25
1771740000,68042.45
1771743600,67996.57
1771747200,67970.79
1771750800,68062.18
1771754400,68123.91
1771758000,68194.92
1771761600,67939.35
1771765200,67643.44
1771768800,67432.83
1771772400,67687.77
1771776000,67611.47
1771779600,67351.78
1771783200,67409.94
1771786800,67402.88
1771790400,67355.07
1771794000,67586.23
1771797600,67674.37
1771801200,67668.43
1771804800,66794.61
1771808400,64614.25
1771812000,64727.59
1771815600,64946.36
1771819200,64811.04
1771822800,65036.36
1771826400,65734.02
1771830000,65941.94
1771833600,65673.84
1771837200,66387.97
1771840800,66308.26
1771844400,66182.50
1771848000,66259.63
1771851600,66121.86
1771855200,65867.74
1771858800,65696.84
1771862400,65304.88
1771866000,64738.64
1771869600,64595.89
1771873200,64333.27
1771876800,64430.46
1771880400,64594.92
1771884000,64745.12
1771887600,64616.02
1771891200,64912.81
1771894800,64138.81
1771898400,64104.39
1771902000,63548.02
1771905600,63301.16
1771909200,63070.01
1771912800,63054.21
1771916400,63134.96
1771920000,63403.11
1771923600,63228.17
1771927200,63286.55
1771930800,63193.31
1771934400,62957.02
1771938000,62961.21
1771941600,63470.14
1771945200,64001.70
1771948800,64227.59
1771952400,64228.80
1771956000,64427.65
1771959600,64453.90
1771963200,64453.00
1771966800,64064.83
1771970400,64114.71
1771974000,64077.77
1771977600,64236.27
1771981200,65926.26
1771984800,65898.51
1771988400,65408.61
1771992000,65447.06
1771995600,64880.11
1771999200,64881.86
1772002800,65021.87
1772006400,65525.97
1772010000,65559.49
1772013600,65365.82
1772017200,65386.46
1772020800,66031.09
1772024400,66241.31
1772028000,66909.93
1772031600,67273.52
1772035200,68298.89
1772038800,68626.41
1772042400,69373.63
1772046000,69070.77
1772049600,69219.95
1772053200,68883.71
1772056800,68304.95
1772060400,67954.87
1772064000,68336.07
1772067600,68287.08
1772071200,68278.49
1772074800,68193.25
1772078400,68588.72
1772082000,68429.95
1772085600,68190.32
1772089200,67876.80
1772092800,67954.36
1772096400,68553.56
1772100000,68298.12
1772103600,68018.88
1772107200,68175.60
1772110800,67926.73
1772114400,67680.69
1772118000,67410.42
1772121600,66596.49
1772125200,66826.63
1772128800,67336.19
1772132400,67557.18
1772136000,67423.91
1772139600,67459.82
1772143200,67544.80
1772146800,67456.52
1772150400,67210.72
1772154000,67286.15
1772157600,67362.48
1772161200,67641.26
1772164800,67750.02
1772168400,67699.29
1772172000,67665.23
1772175600,67696.26
1772179200,67982.38
1772182800,67388.15
1772186400,66645.55
1772190000,66110.80
1772193600,65805.47
1772197200,66173.64
1772200800,65862.60
1772204400,66120.55
1772208000,65505.84
1772211600,65659.33
1772215200,65299.44
1772218800,65419.85
1772222400,65570.74
1772226000,65518.40
1772229600,65595.28
1772233200,65878.93
1772236800,65946.01
1772240400,65811.44
1772244000,65983.05
1772247600,65798.34
1772251200,65664.78
1772254800,65529.16
1772258400,63106.07
1772262000,63853.67
1772265600,63426.86
1772269200,63688.92
1772272800,64001.16
1772276400,63836.73
1772280000,64032.43
1772283600,64996.73
1772287200,64490.60
1772290800,64862.44
1772294400,65147.98
1772298000,65421.79
1772301600,65889.98
1772305200,66335.44
1772308800,66903.66
1772312400,66758.20
1772316000,67276.68
1772319600,67005.88
1772323200,66821.77
1772326800,67271.45
1772330400,67667.54
1772334000,67487.27
1772337600,67320.19
1772341200,67322.93
1772344800,66941.35
1772348400,67120.64
1772352000,66539.45
1772355600,66373.39
1772359200,66472.52
1772362800,66468.63
1772366400,66342.72
1772370000,66990.51
1772373600,66875.77
1772377200,66880.41
1772380800,66168.88
1772384400,66061.01
1772388000,66302.34
1772391600,65957.30
1772395200,65328.14
1772398800,65743.03
1772402400,65249.93
1772406000,65734.08
1772409600,66532.38
1772413200,66532.80
1772416800,66341.19
1772420400,66860.37
1772424000,66772.07
1772427600,66789.38
1772431200,66230.34
1772434800,65960.02
1772438400,66252.70
1772442000,66237.29
1772445600,66262.91
1772449200,66305.39
1772452800,65961.56
1772456400,65444.76
1772460000,67064.13
1772463600,69062.39
1772467200,69511.75
1772470800,69117.02
1772474400,68984.88
1772478000,68949.63
1772481600,69291.55
1772485200,69425.91
1772488800,69370.52
1772492400,68785.08
1772496000,69013.92
1772499600,68807.18
1772503200,68532.90
1772506800,68360.09
1772510400,68106.19
1772514000,67875.95
1772517600,68093.92
1772521200,68182.32
1772524800,66989.21
1772528400,66648.62
1772532000,66712.20
1772535600,67054.85
1772539200,67396.38
1772542800,66931.00
1772546400,66571.34
1772550000,67582.10
1772553600,68285.94
1772557200,68309.14
1772560800,68679.78
1772564400,68455.43
1772568000,68213.55
1772571600,68064.79
1772575200,68271.60
1772578800,68300.28
1772582400,68185.59
1772586000,68423.76
1772589600,68309.30
1772593200,67669.06
1772596800,67811.96
1772600400,68270.93
1772604000,68486.24
1772607600,69556.47
1772611200,71028.43
1772614800,71472.71
1772618400,71260.16
1772622000,71131.12
1772625600,71339.99
1772629200,71486.88
1772632800,71628.46
1772636400,73245.12
1772640000,73410.81
1772643600,73251.68
1772647200,73556.85
1772650800,73717.94
1772654400,73156.83
1772658000,73318.46
1772661600,72755.45
1772665200,72670.12
1772668800,72822.91
1772672400,72492.88
1772676000,72449.10
1772679600,72513.13
1772683200,72823.25
1772686800,72287.27
1772690400,72560.71
1772694000,71994.45
1772697600,72374.17
1772701200,72599.00
1772704800,73390.07
1772708400,72876.45
1772712000,72960.70
1772715600,72484.33
1772719200,72711.29
1772722800,71481.01
1772726400,71318.98
1772730000,70707.57
1772733600,70981.27
1772737200,70952.46
1772740800,71259.59
1772744400,71139.54
1772748000,71246.01
1772751600,70842.16
1772755200,70928.42
1772758800,71244.79
1772762400,71211.60
1772766000,71074.91
1772769600,70594.95
1772773200,70448.74
1772776800,70644.92
1772780400,71077.16
1772784000,70762.58
1772787600,70565.01
1772791200,70551.64
1772794800,70202.34
1772798400,70014.06
1772802000,69358.98
1772805600,68341.33
1772809200,68543.03
1772812800,68470.20
1772816400,67987.83
1772820000,68190.61
1772823600,68109.41
1772827200,68145.45
1772830800,68278.59
1772834400,68423.90
1772838000,68136.69
1772841600,68312.25
1772845200,68280.62
1772848800,68298.10
1772852400,68133.25
1772856000,68076.15
1772859600,67998.08
1772863200,67745.17
1772866800,67854.94
1772870400,67763.16
1772874000,68016.80
1772877600,67882.58
1772881200,68020.88
1772884800,67995.09
1772888400,67923.07
1772892000,68038.12
1772895600,67910.90
1772899200,67818.69
1772902800,67781.77
1772906400,67588.69
1772910000,67095.62
1772913600,67414.62
1772917200,67439.02
1772920800,67240.66
1772924400,67272.50
1772928000,67228.49
1772931600,67296.71
1772935200,66956.80
1772938800,67050.35
1772942400,66647.52
1772946000,67171.09
1772949600,67190.83
1772953200,67277.72
1772956800,67537.93
1772960400,67733.98
1772964000,67893.51
1772967600,67537.63
1772971200,67305.92
1772974800,67257.54
1772978400,67291.86
1772982000,67197.58
1772985600,66930.73
1772989200,66974.21
1772992800,66853.74
1772996400,67294.52
1773000000,67210.84
1773003600,66978.72
1773007200,66221.86
1773010800,65969.59
1773014400,66406.77
1773018000,66239.64
1773021600,66575.86
1773025200,67198.79
1773028800,67184.81
1773032400,67887.15
1773036000,67286.09
1773039600,67527.17
1773043200,67810.01
1773046800,67968.84
1773050400,67602.86
1773054000,67781.94
1773057600,68197.80
1773061200,69038.95
1773064800,69149.83
1773068400,69007.46
1773072000,68972.67
1773075600,68658.55
1773079200,68344.58
1773082800,69053.77
1773086400,69026.19
1773090000,69009.72
1773093600,68654.75
1773097200,68402.72
1773100800,69117.41
1773104400,69282.46
1773108000,70282.66
1773111600,69454.29
1773115200,70082.05
1773118800,69966.95
1773122400,69906.55
1773126000,70338.87
1773129600,70655.19
1773133200,71034.45
1773136800,70813.35
1773140400,70612.51
1773144000,70508.41
1773147600,69974.13
1773151200,71435.65
1773154800,71360.66
1773158400,71226.98
1773162000,70899.85
1773165600,69969.80
1773169200,70001.09
1773172800,70254.50
1773176400,69781.28
1773180000,69708.02
1773183600,69931.25
1773187200,70093.77
1773190800,70089.49
1773194400,69790.09
1773198000,69571.87
1773201600,70142.80
1773205200,69552.30
1773208800,69965.30
1773212400,69666.48
1773216000,69637.30
1773219600,69411.18
1773223200,69627.45
1773226800,69247.87
1773230400,69372.47
1773234000,70186.52
1773237600,70690.99
1773241200,70278.35
1773244800,70572.27
1773248400,70801.61
1773252000,70664.55
1773255600,70667.58
1773259200,70665.50
1773262800,70742.68
1773266400,70359.69
1773270000,70209.77
1773273600,70248.66
1773277200,69807.67
1773280800,69334.33
1773284400,69437.10
1773288000,69403.86
1773291600,69437.38
1773295200,69463.34
1773298800,69813.43
1773302400,69851.54
1773306000,69976.53
1773309600,70457.48
1773313200,70452.95
1773316800,70376.82
1773320400,69858.91
1773324000,69529.35
1773327600,70270.52
1773331200,70422.56
1773334800,70276.97
1773338400,69830.16
1773342000,70520.97
1773345600,70189.83
1773349200,70371.70
1773352800,70132.72
1773356400,70497.05
1773360000,71391.16
1773363600,71636.07
1773367200,71166.27
1773370800,71403.62
1773374400,71335.88
1773378000,71604.61
1773381600,71342.66
1773385200,71651.88
1773388800,71784.88
1773392400,72038.12
1773396000,72489.69
1773399600,72254.34
1773403200,72853.28
1773406800,73510.80
1773410400,72419.11
1773414000,71798.34
1773417600,71934.09
1773421200,71003.57
1773424800,71069.27
1773428400,71159.54
1773432000,71357.40
1773435600,71161.38
1773439200,70794.52
1773442800,70965.38
1773446400,70684.99
1773450000,70862.97
1773453600,70859.34
1773457200,71072.23
1773460800,71032.55
1773464400,71026.68
1773468000,70656.88
1773471600,70613.20
1773475200,70583.17
1773478800,70546.74
1773482400,70563.67
1773486000,70723.29
1773489600,70731.04
1773493200,70878.05
1773496800,70632.64
1773500400,70603.83
1773504000,70682.08
1773507600,70613.82
1773511200,70702.71
1773514800,70711.62
1773518400,70844.23
1773522000,70808.90
1773525600,70727.62
1773529200,71213.68
1773532800,71006.42
1773536400,71028.92
1773540000,71461.34
1773543600,71325.86
1773547200,71535.23
1773550800,71504.19
1773554400,71451.53
1773558000,71441.84
1773561600,71629.43
1773565200,71810.91
1773568800,71790.00
1773572400,71843.16
1773576000,71609.43
1773579600,71545.34
1773583200,71611.02
1773586800,71488.06
1773590400,71431.02
1773594000,71828.26
1773597600,71384.65
1773601200,71558.02
1773604800,71759.06
1773608400,72064.57
1773612000,72803.87
1773615600,72798.17
1773619200,72550.00
1773622800,72753.08
1773626400,72568.95
1773630000,73661.48
1773633600,73880.30
1773637200,74165.09
1773640800,73804.15
1773644400,73494.09
1773648000,73123.55
1773651600,73263.07
1773655200,73680.74
1773658800,73562.80
1773662400,73867.50
1773666000,74043.65
1773669600,73457.05
1773673200,73245.91
1773676800,73730.94
1773680400,73962.02
1773684000,73971.06
1773687600,73962.58
1773691200,74219.02
1773694800,74416.98
1773698400,74693.70
1773702000,74855.30
1773705600,75204.60
1773709200,75636.26
1773712800,75211.62
1773716400,74423.71
1773720000,74271.78
1773723600,74028.94
1773727200,74082.66
1773730800,74257.46
1773734400,74167.98
1773738000,73950.48
1773741600,73720.25
1773745200,74057.86
1773748800,73729.30
1773752400,73668.18
1773756000,74377.85
1773759600,73949.94
1773763200,74139.95
1773766800,74544.29
1773770400,74676.67
1773774000,74509.21
1773777600,74568.01
1773781200,74700.49
1773784800,74309.75
1773788400,73936.85
1773792000,73879.41
1773795600,74098.31
1773799200,74352.14
1773802800,74520.84
1773806400,74185.95
1773810000,73950.62
1773813600,73990.45
1773817200,73888.08
1773820800,74030.09
1773824400,74154.80
1773828000,73915.62
1773831600,72931.21
1773835200,72383.36
1773838800,72050.67
1773842400,71315.33
1773846000,71515.36
1773849600,71329.97
1773853200,71616.71
1773856800,70992.88
1773860400,71111.24
1773864000,71240.73
1773867600,71293.06
1773871200,71139.42
1773874800,71250.35
1773878400,71010.49
1773882000,71140.33
1773885600,71050.74
1773889200,71223.12
1773892800,70841.84
1773896400,70835.77
1773900000,70538.58
1773903600,70248.16
1773907200,69981.78
1773910800,70494.77
1773914400,70122.31
1773918000,69915.00
1773921600,69308.41
1773925200,69897.48
1773928800,69517.01
1773932400,69484.95
1773936000,69465.23
1773939600,69858.35
1773943200,69842.75
1773946800,70280.05
1773950400,70490.95
1773954000,70485.63
1773957600,70140.06
1773961200,69911.53
1773964800,70232.03
1773968400,70411.38
1773972000,70429.59
1773975600,70747.95
1773979200,70785.05
1773982800,70586.26
1773986400,70480.53
1773990000,70857.63
1773993600,71027.52
1773997200,70564.00
1774000800,70606.20
1774004400,70472.92
1774008000,70321.73
1774011600,69830.98
1774015200,69792.63
1774018800,69812.22
1774022400,69862.08
1774026000,69953.97
1774029600,69700.66
1774033200,70164.53
1774036800,70047.38
1774040400,70525.05
1774044000,70791.71
1774047600,70522.47
1774051200,70695.88
1774054800,70483.45
1774058400,70715.33
1774062000,70675.25
1774065600,70632.33
1774069200,70704.13
1774072800,70764.58
1774076400,70697.63
1774080000,70585.99
1774083600,70656.60
1774087200,70589.52
1774090800,70634.96
1774094400,70704.87
1774098000,70725.48
1774101600,70592.34
1774105200,70652.23
1774108800,70290.76
1774112400,70317.59
1774116000,70404.66
1774119600,70379.71
1774123200,70456.41
1774126800,70346.49
1774130400,70291.23
1774134000,68737.45
1774137600,68908.21
1774141200,68959.23
1774144800,69313.60
1774148400,69332.07
1774152000,69322.43
1774155600,69147.18
1774159200,69151.91
1774162800,68923.31
1774166400,68805.82
1774170000,68817.27
1774173600,68659.66
1774177200,68216.14
1774180800,68656.22
1774184400,68732.06
1774188000,68705.05
1774191600,68828.16
1774195200,68829.71
1774198800,68722.84
1774202400,68572.20
1774206000,68184.29
1774209600,68189.21
1774213200,67833.84
1774216800,68296.46
1774220400,67843.00
1774224000,67718.25
1774227600,67924.47
1774231200,68289.71
1774234800,68068.99
1774238400,68513.85
1774242000,68845.61
1774245600,67806.61
1774249200,68311.04
1774252800,68446.69
1774256400,68247.96
1774260000,68549.32
1774263600,70063.98
1774267200,70583.20
1774270800,71410.31
1774274400,71365.32
1774278000,70131.59
1774281600,70545.27
1774285200,71083.49
1774288800,71056.44
1774292400,70651.07
1774296000,70899.66
1774299600,70889.01
1774303200,70759.26
1774306800,70912.67
1774310400,70694.30
1774314000,70505.30
1774317600,70444.48
1774321200,70523.75
1774324800,70376.32
1774328400,70260.48
1774332000,70518.47
1774335600,71331.50
1774339200,70915.66
1774342800,71307.64
1774346400,71262.16
1774350000,71123.24
1774353600,70936.03
1774357200,70017.38
1774360800,69906.94
1774364400,69875.77
1774368000,69452.98
1774371600,69221.27
1774375200,69419.03
1774378800,69297.70
1774382400,70043.51
1774386000,70280.64
1774389600,70343.36
1774393200,70520.05
1774396800,70869.52
1774400400,70702.36
1774404000,70483.57
1774407600,70729.30
1774411200,70868.76
1774414800,71089.27
1774418400,71014.76
1774422000,70908.28
1774425600,71229.43
1774429200,71327.77
1774432800,71525.19
1774436400,71661.76
1774440000,71682.57
1774443600,71645.21
1774447200,71296.83
1774450800,70834.32
1774454400,71291.73
1774458000,70737.70
1774461600,70758.75
1774465200,70781.01
1774468800,70991.02
1774472400,70997.57
1774476000,71345.95
1774479600,71310.12
1774483200,71243.41
1774486800,71252.23
1774490400,70867.08
1774494000,70864.47
1774497600,70754.40
1774501200,69983.72
1774504800,70077.34
1774508400,70076.09
1774512000,69978.73
1774515600,69565.80
1774519200,69460.29
1774522800,69264.13
1774526400,69421.57
1774530000,69518.54
1774533600,69506.86
1774537200,69042.92
1774540800,68897.98
1774544400,68448.48
1774548000,68417.57
1774551600,68584.14
1774555200,68958.21
1774558800,68926.38
1774562400,68831.70
1774566000,68790.84
1774569600,68707.98
1774573200,68999.70
1774576800,68884.27
1774580400,68741.23
1774584000,68542.78
1774587600,68582.59
1774591200,68615.82
1774594800,68418.73
1774598400,67910.82
1774602000,67670.02
1774605600,66486.01
1774609200,66668.68
1774612800,66590.47
1774616400,66095.17
1774620000,66175.20
1774623600,66089.66
1774627200,65933.74
1774630800,65604.50
1774634400,65833.91
1774638000,66041.45
1774641600,65980.79
1774645200,66034.47
1774648800,65998.34
1774652400,66338.50
1774656000,66376.83
1774659600,66063.23
1774663200,66000.34
1774666800,66167.84
1774670400,66190.47
1774674000,66309.60
1774677600,66365.63
1774681200,66508.24
1774684800,66355.98
1774688400,66266.05
1774692000,66188.98
1774695600,66306.50
1774699200,66407.10
1774702800,66766.07
1774706400,66715.34
1774710000,66939.74
1774713600,66881.89
1774717200,66807.74
1774720800,66886.62
1774724400,66848.34
1774728000,66908.62
1774731600,66648.76
1774735200,66693.78
1774738800,66319.70
1774742400,66412.14
1774746000,66514.49
1774749600,66732.26
1774753200,66851.75
1774756800,66687.32
1774760400,66732.31
1774764000,66689.59
1774767600,66647.48
1774771200,66668.81
1774774800,66572.80
1774778400,66463.20
1774782000,66766.01
1774785600,66785.88
1774789200,66500.60
1774792800,66518.27
1774796400,66467.59
1774800000,66449.62
1774803600,66329.52
1774807200,66368.77
1774810800,66290.30
1774814400,66540.96
1774818000,66677.41
1774821600,65802.93
1774825200,65958.35
1774828800,66259.03
1774832400,66585.34
1774836000,67039.93
1774839600,67106.55
1774843200,67541.89
1774846800,67476.42
1774850400,67274.38
1774854000,67502.45
1774857600,67619.66
1774861200,67453.98
1774864800,67438.39
1774868400,67602.98
1774872000,67863.60
1774875600,67478.32
1774879200,67757.82
1774882800,67578.47
1774886400,67274.59
1774890000,66727.16
1774893600,66535.01
1774897200,66424.77
1774900800,66608.58
1774904400,66763.30
1774908000,66739.38
1774911600,66694.59
1774915200,67084.80
1774918800,67933.98
1774922400,67948.86
1774926000,67651.06
1774929600,67482.02
1774933200,67622.98
1774936800,67456.29
1774940400,67316.16
1774944000,66766.41
1774947600,66037.69
1774951200,66294.36
1774954800,66638.39
1774958400,66617.14
1774962000,67197.98
1774965600,66552.48
1774969200,66695.52
1774972800,67551.11
1774976400,67426.05
1774980000,67720.03
1774983600,67760.78
1774987200,68184.64
1774990800,68185.98
1774994400,68148.88
1774998000,68232.89
1775001600,68230.67
1775005200,67745.23
1775008800,67588.24
1775012400,68083.94
1775016000,68231.05
1775019600,68399.76
1775023200,69125.27
1775026800,68651.38
1775030400,68671.54
1775034000,68618.85
1775037600,68496.25
1775041200,68687.23
1775044800,68367.59
1775048400,68173.15
1775052000,68536.46
1775055600,68897.72
1775059200,68792.85
1775062800,68238.05
1775066400,68012.02
1775070000,68152.32
1775073600,68191.32
1775077200,68421.59
1775080800,68104.09
1775084400,68077.90
1775088000,68590.66
1775091600,67328.82
1775095200,66880.64
1775098800,66570.55
1775102400,66318.26
1775106000,66595.19
1775109600,66641.45
1775113200,66900.95
1775116800,66454.42
1775120400,66420.66
1775124000,66444.28
1775127600,66170.84
1775131200,66032.33
1775134800,66204.30
1775138400,66939.23
1775142000,66784.38
1775145600,67104.25
1775149200,66671.09
1775152800,66966.90
1775156400,67024.19
1775160000,66937.27
1775163600,66912.76
1775167200,67020.51
1775170800,66889.02
1775174400,66753.76
1775178000,66599.89
1775181600,66480.97
1775185200,66586.28
1775188800,66618.58
1775192400,66555.19
1775196000,66764.31
1775199600,67027.15
1775203200,66961.93
1775206800,66843.32
1775210400,66879.49
1775214000,66995.71
1775217600,66751.78
1775221200,66662.89
1775224800,66955.97
1775228400,66837.73
1775232000,67002.77
1775235600,66852.08
1775239200,66806.78
1775242800,66861.78
1775246400,66842.60
1775250000,66925.67
1775253600,66890.34
1775257200,66938.65
1775260800,66882.73
1775264400,66842.95
1775268000,66811.12
1775271600,66821.41
1775275200,66858.10
1775278800,66898.33
1775282400,67004.88
1775286000,67022.45
1775289600,66917.30
1775293200,66961.21
1775296800,67137.64
1775300400,67113.61
1775304000,67084.58
1775307600,67204.66
1775311200,67172.70
1775314800,67364.34
1775318400,67442.91
1775322000,67334.52
1775325600,67287.01
1775329200,67287.53
1775332800,67259.19
1775336400,67366.31
1775340000,67378.84
1775343600,67291.20
1775347200,67169.22
1775350800,67091.66
1775354400,67154.77
1775358000,67113.95
1775361600,67086.51
1775365200,66904.88
1775368800,66825.31
1775372400,66795.50
1775376000,66907.52
1775379600,67013.73
1775383200,67033.01
1775386800,66972.84
1775390400,66767.55
1775394000,66876.37
1775397600,66906.12
1775401200,67270.23
1775404800,67188.74
1775408400,67334.29
1775412000,67363.94
1775415600,67301.61
1775419200,67613.85
1775422800,67540.82
1775426400,68325.48
1775430000,68982.91
1775433600,69076.71
1775437200,68801.54
1775440800,69227.78
1775444400,69061.84
1775448000,69115.72
1775451600,69170.52
1775455200,68969.65
1775458800,69075.67
1775462400,69230.80
1775466000,69734.38
1775469600,69730.77
1775473200,69595.95
1775476800,69356.15
1775480400,69354.29
1775484000,69660.39
1775487600,69930.12
1775491200,69834.84
1775494800,69563.91
1775498400,69884.32
1775502000,69704.14
1775505600,69839.55
1775509200,69522.00
1775512800,68918.88
1775516400,68859.38
1775520000,68834.31
1775523600,68407.50
1775527200,68668.67
1775530800,68756.09
1775534400,68876.30
1775538000,68623.73
1775541600,68559.77
1775545200,68632.78
1775548800,68945.30
1775552400,69144.34
1775556000,68233.85
1775559600,68356.05
1775563200,68412.97
1775566800,68254.23
1775570400,67916.70
1775574000,68141.99
1775577600,68216.59
1775581200,68707.19
1775584800,68426.27
1775588400,68958.59
1775592000,69281.71
1775595600,69908.74
1775599200,71430.35
1775602800,71950.15
1775606400,71675.90
1775610000,71457.95
1775613600,71323.60
1775617200,71286.48
1775620800,71588.46
1775624400,71718.12
1775628000,71720.19
1775631600,71608.82
1775635200,71759.05
1775638800,71687.58
1775642400,71491.28
1775646000,71665.90
1775649600,72078.86
1775653200,71523.84
1775656800,70838.49
1775660400,71301.05
1775664000,71619.18
1775667600,71910.05
1775671200,71126.17
1775674800,71301.40
1775678400,71358.74
1775682000,71518.79
1775685600,71088.30
1775689200,71115.12
1775692800,70834.77
1775696400,70916.19
1775700000,71069.42
1775703600,70979.91
1775707200,70766.54
1775710800,70972.82
1775714400,71009.36
1775718000,70964.10
1775721600,71245.55
1775725200,71505.09
1775728800,71292.98
1775732400,71157.01
1775736000,71269.71
1775739600,70812.72
1775743200,71116.17
1775746800,72103.43
1775750400,72019.48
1775754000,72296.01
1775757600,71886.09
1775761200,72090.48
1775764800,72390.71
1775768400,72256.98
1775772000,72041.12
1775775600,71774.37
1775779200,71907.89
1775782800,72172.65
1775786400,71953.85
1775790000,71866.94
1775793600,72075.20
1775797200,72110.96
1775800800,71818.62
1775804400,71474.52
1775808000,71601.86
1775811600,71796.27
1775815200,71927.12
1775818800,72120.96
1775822400,72259.93
1775826000,72353.12
1775829600,72902.02
1775833200,72403.54
1775836800,73034.77
1775840400,73101.09
1775844000,73114.05
1775847600,73234.45
1775851200,73377.07
1775854800,73203.70
1775858400,72919.67
1775862000,72976.12
1775865600,72841.38
1775869200,72955.97
1775872800,72984.20
1775876400,72867.39
1775880000,72824.89
1775883600,72759.27
1775887200,72801.09
1775890800,72738.29
1775894400,72715.71
1775898000,72913.36
1775901600,72864.70
1775905200,72925.70
1775908800,72967.82
1775912400,72701.92
1775916000,72745.45
1775919600,72880.89
1775923200,73102.70
1775926800,73097.21
1775930400,73544.57
1775934000,73683.42
1775937600,73331.30
1775941200,73476.75
1775944800,73388.05
1775948400,73056.05
1775952000,73049.16
1775955600,71609.53
1775959200,71810.36
1775962800,71660.05
1775966400,71490.05
1775970000,71740.97
1775973600,71675.66
1775977200,71747.28
1775980800,71639.64
1775984400,71561.82
1775988000,71458.27
1775991600,71494.47
1775995200,71158.73
1775998800,70945.00
1776002400,70807.34
1776006000,70906.82
1776009600,70902.76
1776013200,71143.13
1776016800,71161.07
1776020400,71114.73
1776024000,71359.40
1776027600,71284.38
1776031200,70901.79
1776034800,70757.62
1776038400,71159.46
1776042000,71221.50
1776045600,71080.94
1776049200,70989.69
1776052800,70932.84
1776056400,70857.44
1776060000,71064.86
1776063600,70831.31
1776067200,70667.79
1776070800,70789.25
1776074400,70745.54
1776078000,70947.21
1776081600,71102.42
1776085200,71608.93
1776088800,72420.12
1776092400,71838.05
1776096000,72204.73
1776099600,72153.40
1776103200,72453.80
1776106800,73373.98
1776110400,73204.08
1776114000,73229.16
1776117600,74640.61
1776121200,74532.74
1776124800,74162.02
1776128400,74378.99
1776132000,74374.37
1776135600,74454.38
1776139200,74397.70
1776142800,74209.84
1776146400,74565.77
1776150000,74547.55
1776153600,74776.16
1776157200,74538.09
1776160800,74423.45
1776164400,74456.00
1776168000,74457.59
1776171600,75490.40
1776175200,75180.12
1776178800,75407.81
1776182400,74566.22
1776186000,74766.50
1776189600,74097.06
1776193200,74265.90
1776196800,74052.28
1776200400,74315.29
1776204000,74067.36
1776207600,74184.67
1776211200,74597.89
1776214800,74649.00
1776218400,74360.39
1776222000,74376.75
1776225600,74354.17
1776229200,74054.95
1776232800,73942.47
1776236400,73771.35
1776240000,74139.99
1776243600,74038.53
1776247200,73890.90
1776250800,74232.66
1776254400,74302.48
1776258000,74071.37
1776261600,74163.18
1776265200,73868.00
1776268800,73956.72
1776272400,74154.71
1776276000,74414.41
1776279600,75065.58
1776283200,74872.14
1776286800,74765.37
1776290400,74983.78
1776294000,74836.36
1776297600,74820.24
1776301200,74681.87
1776304800,74902.72
1776308400,74904.25
1776312000,74964.65
1776315600,75058.02
1776319200,75048.66
1776322800,74721.54
1776326400,74697.71
1776330000,74612.67
1776333600,74323.99
1776337200,74593.33
1776340800,74637.64
1776344400,73792.18
1776348000,73973.20
1776351600,74719.99
1776355200,74186.03
1776358800,74346.00
1776362400,75054.44
1776366000,75371.98
1776369600,75245.99
1776373200,74956.98
1776376800,74888.61
1776380400,75163.09
1776384000,74955.99
1776387600,74763.89
1776391200,74728.55
1776394800,74633.15
1776398400,74810.01
1776402000,74656.56
1776405600,74964.25
1776409200,75085.99
1776412800,75787.49
1776416400,75811.44
1776420000,75303.24
1776423600,75622.58
1776427200,76296.02
1776430800,77385.99
1776434400,77979.00
1776438000,77838.44
1776441600,77907.28
1776445200,77568.01
1776448800,77199.95
1776452400,77515.22
1776456000,77380.00
1776459600,77475.00
1776463200,77339.94
1776466800,77098.01
1776470400,77195.99
1776474000,77250.60
1776477600,77321.25
1776481200,77034.83
1776484800,77148.75
1776488400,77168.30
1776492000,77160.00
1776495600,77020.01
1776499200,76760.02
1776502800,76631.26
1776506400,76222.49
1776510000,76069.46
1776513600,76239.76
1776517200,76148.64
1776520800,76280.61
1776524400,76191.72
1776528000,75968.12
1776531600,75852.13
1776535200,75672.45
1776538800,75682.13
1776542400,75784.95
1776546000,75854.57
1776549600,75847.98
1776553200,75736.82
1776556800,75708.00
1776560400,75652.10
1776564000,75530.32
1776567600,75546.49
1776571200,75700.01
1776574800,75580.01
1776578400,75429.74
1776582000,75291.12
1776585600,75299.08
1776589200,75055.42
1776592800,75246.08
1776596400,75634.87
1776600000,75611.91
1776603600,75958.00
1776607200,76064.96
1776610800,75884.77
1776614400,75416.02
1776618000,74801.01
1776621600,74806.71
1776625200,74985.04
1776628800,74661.45
1776632400,74461.20
1776636000,74073.59
1776639600,73820.19
1776643200,74317.92
1776646800,74621.42
1776650400,74444.05
1776654000,74667.91
1776657600,74590.39
1776661200,74297.92
1776664800,74820.18
1776668400,74857.64
1776672000,74761.76
1776675600,75100.45
1776679200,75068.68
1776682800,75223.97
1776686400,75328.91
1776690000,75309.29
1776693600,75038.69
1776697200,75747.08
1776700800,75367.13
1776704400,75937.31
1776708000,76450.00
1776711600,76322.01
1776715200,76317.28
1776718800,75988.00
1776722400,76004.67
1776726000,75864.86
1776729600,76127.09
1776733200,75955.07
1776736800,75613.75
1776740400,75740.58
1776744000,75840.55
1776747600,75835.77
1776751200,76001.83
1776754800,76118.09
1776758400,76545.65
1776762000,76388.02
1776765600,76775.13
1776769200,76478.62
1776772800,76039.90
1776776400,75919.13
1776780000,75681.71
1776783600,75850.82
1776787200,75800.35
1776790800,75567.26
1776794400,75622.79
1776798000,75019.99
1776801600,75743.72
1776805200,75565.01
1776808800,75662.01
1776812400,76346.81
1776816000,76380.47
1776819600,76315.65
1776823200,77626.01
1776826800,77549.66
1776830400,77535.95
1776834000,77991.99
1776837600,78024.88
1776841200,78025.80
1776844800,78029.70
1776848400,78015.56
1776852000,78175.70
1776855600,78322.55
1776859200,78262.90
1776862800,78887.43
1776866400,79080.90
1776870000,79323.61
1776873600,78779.29
1776877200,78922.99
1776880800,79062.45
1776884400,78885.74
1776888000,78459.83
1776891600,78794.76
1776895200,78642.90
1776898800,78208.51
1776902400,78449.55
1776906000,78379.21
1776909600,77967.45
1776913200,77742.57
1776916800,77937.73
1776920400,78032.91
1776924000,78240.00
1776927600,78086.14
1776931200,77877.34
1776934800,77672.03
1776938400,77425.91
1776942000,77722.30
1776945600,77904.09
1776949200,77559.68
1776952800,78216.58
1776956400,78413.18
1776960000,78143.40
1776963600,77796.42
1776967200,77739.09
1776970800,77745.30
1776974400,77906.10
1776978000,77901.04
1776981600,78257.14
1776985200,78281.15
1776988800,78446.02
1776992400,78464.10
1776996000,78154.10
1776999600,77755.39
1777003200,77682.91
1777006800,77971.83
1777010400,77813.12
1777014000,77676.96
1777017600,77808.73
1777021200,77551.89
1777024800,77765.35
1777028400,78256.13
1777032000,78298.78
1777035600,78107.84
1777039200,78074.16
1777042800,78070.76
1777046400,77804.04
1777050000,77705.53
1777053600,77637.61
1777057200,77661.82
1777060800,77748.69
1777064400,77565.44
1777068000,77360.78
1777071600,77461.79
1777075200,77483.43
1777078800,77559.97
1777082400,77634.96
1777086000,77699.91
1777089600,77641.16
1777093200,77542.19
1777096800,77526.42
1777100400,77521.97
1777104000,77672.64
1777107600,77738.19
1777111200,77809.48
1777114800,77706.17
1777118400,77575.29
1777122000,77701.36
1777125600,77679.96
1777129200,77354.06
1777132800,77427.69
1777136400,77274.52
1777140000,77311.01
1777143600,77339.78
1777147200,77497.07
1777150800,77548.93
1777154400,77577.96
1777158000,77650.72
1777161600,77520.34
1777165200,77479.27
1777168800,77545.71
1777172400,77408.00
1777176000,77790.62
1777179600,78004.97
1777183200,78019.19
1777186800,78126.31
1777190400,78050.01
1777194000,78026.92
1777197600,78024.64
1777201200,78118.00
1777204800,77850.81
1777208400,77993.75
1777212000,78108.37
1777215600,78073.83
1777219200,77954.36
1777222800,78037.46
1777226400,78301.99
1777230000,78258.00
1777233600,78228.58
1777237200,78437.96
1777240800,78339.53
1777244400,78664.64
1777248000,79263.97
1777251600,79298.00
1777255200,79150.00
1777258800,79120.02
1777262400,78942.02
1777266000,77798.71
1777269600,77709.76
1777273200,77621.21
1777276800,77811.56
1777280400,77902.45
1777284000,77857.44
1777287600,77847.89
1777291200,77671.04
1777294800,77750.00
1777298400,77807.81
1777302000,76772.92
1777305600,76615.84
1777309200,76721.23
1777312800,76814.01
1777316400,76878.00
1777320000,76955.37
1777323600,76777.00
1777327200,77051.11
1777330800,77364.41
1777334400,77381.80
1777338000,77078.36
1777341600,76888.02
1777345200,76809.35
1777348800,76885.60
1777352400,76889.96
1777356000,76702.99
1777359600,76864.32
1777363200,76857.03
1777366800,76587.24
1777370400,76610.01
1777374000,76219.98
1777377600,76386.95
1777381200,76191.32
1777384800,75940.01
1777388400,76050.30
1777392000,76109.27
1777395600,76166.79
1777399200,76220.66
1777402800,76325.98
1777406400,76461.99
1777410000,76349.52
1777413600,76229.80
1777417200,76315.91
1777420800,76502.35
1777424400,76544.70
1777428000,76509.27
1777431600,76987.27
1777435200,77260.90
1777438800,77280.36
1777442400,77001.61
1777446000,77034.04
1777449600,77029.45
1777453200,77646.24
1777456800,77618.00
1777460400,77581.92
1777464000,77122.02
1777467600,76758.21
1777471200,76545.21
1777474800,75868.44
1777478400,75766.94
1777482000,76132.04
1777485600,75483.91
1777489200,75529.63
1777492800,75646.88
1777496400,75901.88
1777500000,75895.51
1777503600,75752.88
1777507200,76232.56
1777510800,76212.84
1777514400,75673.17
1777518000,75901.82
1777521600,75456.27
1777525200,75567.90
1777528800,75726.17
1777532400,76134.33
1777536000,76035.74
1777539600,76071.86
1777543200,75994.29
1777546800,76031.98
1777550400,76278.44
1777554000,76382.00
1777557600,76268.49
1777561200,76438.84
1777564800,76220.05
1777568400,76210.43
1777572000,76316.00
1777575600,76381.32
1777579200,76461.50
1777582800,76207.91
1777586400,76205.36
1777590000,76305.00
1777593600,76423.24
1777597200,76650.74
1777600800,76566.46
1777604400,77091.84
1777608000,77004.99
1777611600,77140.58
1777615200,76971.99
1777618800,77108.02
1777622400,77358.40
1777626000,77266.00
1777629600,77280.05
1777633200,77452.73
1777636800,77889.27
1777640400,78759.97
1777644000,78364.27
1777647600,78445.12
1777651200,78202.93
1777654800,78550.00
1777658400,78432.00
1777662000,78373.98
1777665600,77872.81
1777669200,78207.04
1777672800,78146.67
1777676400,78234.05
1777680000,78346.02
1777683600,78342.00
1777687200,78358.10
1777690800,78409.63
1777694400,78179.38
1777698000,78179.60
1777701600,78324.02
1777705200,78220.21
1777708800,78311.36
1777712400,78299.79
1777716000,78249.98
1777719600,78147.04
1777723200,78213.16
1777726800,78364.68
1777730400,78415.34
1777734000,78483.52
1777737600,78446.03
1777741200,78393.08
1777744800,78456.01
1777748400,78484.47
1777752000,78458.67
1777755600,78724.69
1777759200,78833.98
1777762800,78682.31
1777766400,78551.71
1777770000,78250.00
1777773600,78162.86
1777777200,78196.02
1777780800,78164.86
1777784400,78239.87
1777788000,78281.18
1777791600,78357.63
1777795200,78382.84
1777798800,78532.44
1777802400,78404.76
1777806000,78657.99
1777809600,78746.13
1777813200,78660.00
1777816800,78730.39
1777820400,78656.84
1777824000,78655.46
1777827600,78721.36
1777831200,78732.28
1777834800,78753.16
1777838400,78920.77
1777842000,78822.54
1777845600,79168.26
1777849200,78558.74
1777852800,78537.44
1777856400,79754.00
1777860000,80164.74
1777863600,80319.60
1777867200,80327.87
1777870800,80013.53
1777874400,79859.63
1777878000,79684.08
1777881600,79695.36
1777885200,79815.22
1777888800,78937.69
1777892400,78782.95
1777896000,78868.51
1777899600,78774.74
1777903200,80225.00
1777906800,80031.01
1777910400,80031.00
1777914000,80382.74
1777917600,80108.90
1777921200,80048.03
1777924800,79935.83
1777928400,80260.08
1777932000,80059.69
1777935600,79841.10
1777939200,80163.99
1777942800,80345.99
1777946400,80549.23
1777950000,80882.14
1777953600,80900.33
1777957200,80966.10
1777960800,80972.25
1777964400,80874.00
1777968000,80817.97
1777971600,80585.83
1777975200,80833.70
1777978800,80937.36
1778025600,81014.92
1778029200,81430.04
1778032800,81355.50
1778036400,81576.25
1778040000,81331.05
1778043600,81319.14
1778047200,81472.95
1778050800,81370.00
1778054400,81952.00
1778058000,81998.64
1778061600,82286.98
1778065200,82522.05
1778068800,82223.60
1778072400,81667.07
1778076000,81515.43
1778079600,81699.07
1778083200,81622.53
1778086800,81447.90
1778090400,81347.83
1778094000,81460.68
1778097600,81434.98
1778101200,81539.19
1778104800,81339.67
1778108400,81438.10
1778112000,81019.80
1778115600,81175.59
1778119200,81118.60
1778122800,80842.00
1778126400,80974.01
1778130000,81085.99
1778133600,81443.13
1778137200,81517.80
1778140800,81211.49
1778144400,80914.50
1778148000,80837.12
1778151600,80857.33
1778155200,81160.85
1778158800,80491.34
1778162400,80154.82
1778166000,79868.43
1778169600,79778.45
1778173200,80090.91
1778176800,80203.76
1778180400,80124.50
1778184000,79876.14
1778187600,79730.46
1778191200,79907.39
1778194800,80005.37
1778198400,79819.52
1778202000,79642.90
1778209200,79550.50
1778212800,79644.08
1778216400,79624.62
1778220000,79472.88
1778223600,79637.54
1778227200,79928.71
1778230800,79850.60
1778234400,80213.41
1778238000,80224.61
1778241600,80020.05
1778245200,79599.11
1778248800,80134.43
1778252400,80125.63
1778256000,79777.04
1778259600,80046.86
1778263200,80075.71
1778266800,80101.31
1778270400,80131.15
1778274000,80253.67
1778277600,80273.97
1778281200,80188.82
1778284800,80230.23
1778288400,80318.26
1778292000,80407.30
1778295600,80380.30
1778299200,80385.06
1778302800,80374.00
1778306400,80248.13
1778310000,80214.86
1778313600,80399.99
1778317200,80236.74
1778320800,80259.31
1778324400,80330.50
1778328000,80400.01
1778331600,80391.53
1778335200,80325.09
1778338800,80523.96
1778342400,80609.30
1778346000,80795.44
1778349600,80898.41
1778353200,80942.61
1778356800,80786.48
1778360400,80767.33
1778364000,80756.99
1778367600,80658.98
1778371200,80664.00
1778374800,80643.29
1778378400,80767.32
1778382000,80780.81
1778385600,80747.12
1778389200,80679.99
1778392800,80724.06
1778396400,80725.84
1778400000,80819.00
1778403600,80794.02
1778407200,80852.41
1778410800,80794.00
1778414400,80928.00
1778418000,80962.34
1778421600,80960.90
1778425200,81404.65
1778428800,81357.27
1778432400,81471.42
1778436000,81268.55
1778439600,81425.14
1778443200,80723.99
1778446800,80704.33
1778450400,82035.11
1778454000,82186.82
1778457600,81461.56
1778461200,81486.55
1778464800,81155.61
1778468400,80717.45
1778472000,80806.46
1778475600,80809.99
1778479200,80814.09
1778482800,80722.19
1778486400,80753.97
1778490000,80944.65
1778493600,80927.28
1778497200,81181.48
1778500800,81032.83
1778504400,81039.47
1778508000,80910.90
1778511600,81422.69
1778515200,81551.99
1778518800,81927.99
1778522400,81846.14
1778526000,81956.00
1778529600,81812.20
1778533200,81812.45
1778536800,81813.03
1778540400,81727.06
1778544000,81528.21
1778547600,81183.44
1778551200,81235.04
1778554800,81036.01
1778558400,81203.98
1778562000,81200.00
1778565600,80997.04
1778569200,80835.27
1778572800,80806.00
1778576400,80799.96
1778580000,80643.39
1778583600,80764.30
1778587200,80862.54
1778590800,80430.52
1778594400,80518.57
1778598000,80287.60
1778601600,79967.67
1778605200,80493.81
1778608800,80650.11
1778612400,80814.04
1778616000,80673.03
1778619600,80569.24
1778623200,80639.99
1778626800,80484.08
1778630400,80698.00
1778634000,80985.88
1778637600,81040.60
1778641200,81240.44
1778644800,81217.39
1778648400,80998.67
1778652000,80958.06
1778655600,80996.01
1778659200,81165.09
1778662800,81256.60
1778666400,80774.87
1778670000,80471.16
1778673600,80172.51
1778677200,79613.25
1778680800,79724.67
1778684400,78775.00
1778688000,79068.35
1778691600,79486.00
1778695200,79574.00
1778698800,79604.79
1778702400,79676.65
1778706000,79363.11
1778709600,79397.84
1778713200,79288.79
1778716800,79552.90
1778720400,79572.29
1778724000,79340.00
1778727600,79012.26
1778731200,79428.70
1778734800,79779.34
1778738400,79772.95
1778742000,79706.45
1778745600,79784.57
1778749200,79591.08
1778752800,79534.48
1778756400,79213.15
1778760000,79743.92
1778763600,79675.69
1778767200,80954.09
1778770800,81304.04
1778774400,81879.81
1778778000,81683.88
1778781600,81590.35
1778785200,81433.97
1778788800,81400.00
1778792400,81375.98
1778796000,81444.02
1778799600,81079.39
1778803200,81505.27
1778806800,81113.97
1778810400,81278.86
1778814000,81053.69
1778817600,80703.48
1778821200,80346.37
1778824800,80571.22
1778828400,80815.99
1778832000,80640.86
1778835600,80484.27
1778839200,80707.60
1778842800,80616.05
1778846400,80380.13
1778850000,78701.93
1778853600,79111.93
1778857200,79113.30
1778860800,79268.34
1778864400,79425.27
1778868000,79233.59
1778871600,79093.24
1778875200,79083.74
1778878800,78931.99
1778882400,79060.14
1778886000,79058.51
1778889600,79063.25
1778893200,79113.38
1778896800,79094.10
1778900400,79042.44
1778904000,78996.94
1778907600,78998.00
1778911200,78600.82
1778914800,78335.00
1778918400,78382.01
1778922000,78042.80
1778925600,77931.49
1778929200,78047.68
1778932800,77973.22
1778936400,77972.62
1778940000,78091.58
1778943600,78200.11
1778947200,78177.84
1778950800,78168.12
1778954400,78196.94
1778958000,78234.41
1778961600,78205.19
1778965200,78230.75
1778968800,78148.23
1778972400,78105.45
1778976000,77906.13
1778979600,77708.16
1778983200,77868.01
1778986800,77993.24
1778990400,78124.00
1778994000,78098.31
1778997600,78077.57
1779001200,78152.13
1779004800,78058.18
1779008400,78216.96
1779012000,78431.36
1779015600,78382.00
1779019200,78332.38
1779022800,78175.09
1779026400,78014.74
1779030000,78012.90
1779033600,78001.99
1779037200,78056.21
1779040800,78230.68
1779044400,78393.96
1779048000,78226.40
1779051600,78364.12
1779055200,77953.89
1779058800,77407.59
1779062400,77166.13
1779066000,77068.03
1779069600,76787.41
1779073200,76881.65
1779076800,76988.11
1779080400,76872.81
1779084000,76865.48
1779087600,77021.47
1779091200,76972.09
1779094800,76884.85
1779098400,76717.26
1779102000,77238.51
1779105600,77607.78
1779109200,76883.46
1779112800,76343.89
1779116400,76343.01
1779120000,76345.39
1779123600,76638.67
1779127200,76186.84
1779130800,76858.83
1779134400,76847.97
1779138000,77048.54
1779141600,77020.39
1779145200,76944.26
1779148800,77078.33
1779152400,76601.89
1779156000,76554.20
1779159600,76721.99
1779163200,76855.29
1779166800,76841.83
1779170400,76965.75
1779174000,77168.92
1779177600,76982.07
1779181200,76746.86
1779184800,76969.47
1779188400,76641.30
1779192000,76861.53
1779195600,76797.99
1779199200,76315.97
1779202800,76444.52
1779206400,76819.55
1779210000,76778.01
1779213600,76728.29
1779217200,76759.79
1779220800,76953.19
1779224400,76911.37
1779228000,76640.47
1779231600,76765.99
1779235200,76705.95
1779238800,76735.32
1779242400,76611.13
1779246000,76637.61
1779249600,76695.99
1779253200,77133.34
1779256800,77337.26
1779260400,77196.11
1779264000,77372.46
1779267600,77399.04
1779271200,77433.64
1779274800,77301.62
1779278400,77549.30
1779282000,77128.01
1779285600,77371.63
1779289200,77381.87
1779292800,77251.30
1779296400,77495.46
1779300000,77330.06
1779303600,77600.06
1779307200,77650.03
1779310800,77422.67
1779314400,77424.20
1779318000,77475.98
1779321600,77889.99
1779325200,77786.88
1779328800,77880.57
1779332400,78001.65
1779336000,77960.29
1779339600,77736.62
1779343200,77536.77
1779346800,77808.44
1779350400,77848.27
1779354000,77549.96
1779357600,77108.01
1779361200,77111.09
1779364800,77197.99
1779368400,77035.84
1779372000,76891.34
1779375600,77174.62
1779379200,77109.09
1779382800,77796.94
1779386400,77320.00
1779390000,77607.99
1779393600,77633.98
1779397200,77598.94
1779400800,77550.18
1779404400,77542.66
1779408000,77304.21
1779411600,77539.30
1779415200,77598.39
1779418800,77695.87
1779422400,77577.83
1779426000,77408.38
1779429600,77340.22
1779433200,77320.63
1779436800,77177.86
1779440400,77213.99
1779444000,77224.67
1779447600,77342.06
1779451200,77446.33
1779454800,77196.13
1779458400,76674.90
1779462000,76698.25
1779465600,76863.00
1779469200,76654.75
1779472800,76443.76
1779476400,75748.63
1779480000,75895.20
1779483600,75880.29
1779487200,75639.98
1779490800,75439.97
1779494400,75263.22
1779498000,75402.12
1779501600,75479.54
1779505200,75545.71
1779508800,75455.12
1779512400,75397.64
1779516000,75312.32
1779519600,74516.73
1779523200,74594.50
1779526800,74575.97
1779530400,74626.61
1779534000,74710.31
1779537600,74674.88
1779541200,75122.95
1779544800,75440.84
1779548400,75428.88
1779552000,75347.43
1779555600,75399.46
1779559200,75757.62
1779562800,75872.16
1779566400,77183.77
1779570000,76707.98
1779573600,76479.99
1779577200,76650.00
1779580800,76736.99
1779584400,76790.99
1779588000,76719.06
1779591600,76633.05
1779595200,76682.76
1779598800,76714.49
1779602400,76890.27
1779606000,76710.29
1779609600,76735.49
1779613200,76931.99
1779616800,77095.89
1779620400,77219.28
1779624000,77013.64
1779627600,76703.96
1779631200,76361.04
1779634800,76278.72
1779638400,76575.70
1779642000,76591.25
1779645600,76565.21
1779649200,76677.77
1779652800,76569.26
1779656400,76045.49
1779660000,76710.00
1779663600,76968.41
1779667200,77057.14
1779670800,76850.98
1779674400,77010.00
1779678000,76933.10
1779681600,77292.41
1779685200,77316.27
1779688800,77330.98
1779692400,77310.81
1779696000,77366.79
1779699600,77525.04
1779703200,77460.05
1779706800,77284.13
1779710400,77282.00
1779714000,77257.53
1779717600,77636.01
1779721200,77549.98
1779724800,77663.16
1779728400,77490.01
1779732000,77481.10
1779735600,77384.00
1779739200,77199.04
1779742800,77297.25
1779746400,77043.96
1779750000,77249.08
1779753600,76709.23
1779757200,76667.46
1779760800,76581.13
1779764400,76571.73
1779768000,76660.84
1779771600,76829.99
1779775200,76817.55
1779778800,76633.67
1779782400,76637.97
1779786000,76586.07
1779789600,77347.77
1779793200,77097.98
1779796800,77047.91
1779800400,77123.23
1779804000,76804.56
1779807600,76396.74
1779811200,76443.98
1779814800,75816.74
1779818400,75705.85
1779822000,75916.49
1779825600,75999.17
1779829200,75787.66
1779832800,75631.08
1779836400,75821.26
1779840000,75967.30
1779843600,75763.21
1779847200,75751.67
1779850800,75544.01
1779854400,75445.74
1779858000,75574.06
1779861600,75713.98
1779865200,75838.44
1779868800,75758.75
1779872400,75785.98
1779876000,75785.23
1779879600,75632.98
1779883200,75549.00
1779886800,74915.74
1779890400,74885.94
1779894000,75187.95
1779897600,75163.73
1779901200,74713.81
1779904800,74884.01
1779908400,74907.96
1779912000,75141.03
1779915600,74350.96
1779919200,74307.04
1779922800,74321.99
1779926400,74439.99
1779930000,74207.85
1779933600,74156.96
1779937200,73130.02
1779940800,73035.98
1779944400,72856.55
1779948000,73057.95
1779951600,73359.05
1779955200,73193.91
1779958800,73412.25
1779962400,73272.29
1779966000,73375.62
1779969600,73394.97
1779973200,72880.04
1779976800,72883.82
1779980400,72791.40
1779984000,73319.98
1779987600,73430.60
1779991200,73536.01
1779994800,73297.43
1779998400,73477.34
1780002000,73710.83
1780005600,73361.70
1780009200,73512.55
1780012800,73621.99
1780016400,73481.82
1780020000,73116.69
1780023600,73187.99
1780027200,73392.46
1780030800,73595.29
1780034400,73685.96
1780038000,73410.93
1780041600,73548.00
1780045200,73636.00
1780048800,73521.01
1780052400,73369.79
1780056000,73179.25
1780059600,73012.49
1780063200,72967.33
1780066800,73694.51
1780070400,73939.88
1780074000,73852.00
1780077600,73260.93
1780081200,73401.01
1780084800,73568.11
1780088400,73307.20
1780092000,73376.71
1780095600,73366.92
1780099200,73394.47
1780102800,73560.73
1780106400,73688.99
1780110000,73426.56
1780113600,73292.95
1780117200,73504.38
1780120800,73497.02
1780124400,73450.02
1780128000,73410.06
1780131600,73512.01
1780135200,73549.50
1780138800,73495.40
1780142400,73588.13
1780146000,73716.00
1780149600,73822.02
1780153200,73814.00
1780156800,73823.82
1780160400,73910.78
1780164000,73929.53
1780167600,73904.00
1780171200,73871.19
1780174800,73843.99
1780178400,73767.48
1780182000,73753.89
1780185600,73915.00
1780189200,73941.00
1780192800,73982.01
1780196400,74032.06
1780200000,74065.00
1780203600,73949.12
1780207200,73949.14
1780210800,73752.83
1780214400,73835.14
1780218000,73733.38
1780221600,73791.02
1780225200,73831.22
1780228800,73806.40
1780232400,73762.82
1780236000,73494.65
1780239600,73542.76
1780243200,73426.01
1780246800,73592.09
1780250400,73490.00
1780254000,73442.49
1780257600,73635.53
1780261200,73786.12
1780264800,73836.61
1780268400,73575.17
1780272000,73780.03
1780275600,73188.00
1780279200,73695.47
1780282800,73661.74
1780286400,73419.49
1780290000,73249.74
1780293600,73035.99
1780297200,72701.97
1780300800,72800.76
1780304400,72786.08
1780308000,72652.01
1780311600,72377.96
1780315200,72131.79
1780318800,71585.65
1780322400,71424.54
1780326000,70988.24
1780329600,71445.92
1780333200,71545.15
1780336800,71397.99
1780340400,71490.02
1780344000,71355.14
1780347600,70943.04
1780351200,71305.87
1780354800,71307.19
1780358400,71185.79
1780362000,70538.01
1780365600,70723.99
1780369200,70839.51
1780372800,70700.80
1780376400,70159.03
1780380000,69999.49
1780383600,70011.06
1780387200,69710.92
1780390800,69319.40
1780394400,69546.62
1780398000,69349.99
1780401600,68924.94
1780405200,68648.82
1780408800,67865.31
1780412400,67169.30
1780416000,67298.01
1780419600,67354.08
1780423200,67215.75
1780426800,67182.71
1780430400,67481.77
1780434000,67458.61
1780437600,66272.70
1780441200,66656.55
1780444800,66839.50
1780448400,66817.09
1780452000,66522.00
1780455600,65748.82
1780459200,66377.98
1780462800,67226.00
1780466400,66879.08
1780470000,67125.64
1780473600,66927.65
1780477200,66973.91
1780480800,67190.23
1780484400,66966.00
1780488000,66984.64
1780491600,66786.01
1780495200,66746.00
1780498800,65969.53
1780502400,65961.27
1780506000,65859.81
1780509600,65939.52
1780513200,65356.01
1780516800,64916.33
1780520400,65660.00
1780524000,64805.00
1780527600,64039.99
1780531200,63250.44
1780534800,62084.04
1780538400,63137.74
1780542000,64283.37
1780545600,64334.56
1780549200,63895.35
1780552800,63958.21
1780556400,63540.75
1780560000,63540.35
1780563600,63180.00
1780567200,62343.18
1780570800,62472.68
1780574400,63696.98
1780578000,64122.66
1780581600,63885.81
1780585200,63815.76
1780588800,63480.44
1780592400,63446.65
1780596000,63727.20
1780599600,63535.75
1780603200,63577.21
1780606800,63211.69
1780610400,63692.15
1780614000,63805.68
1780617600,63364.52
1780621200,63290.43
1780624800,62544.28
1780628400,62658.01
1780632000,63520.01
1780635600,62267.80
1780639200,61881.80
1780642800,63054.86
1780646400,62401.13
1780650000,62804.68
1780653600,62485.04
1780657200,61898.07
1780660800,61910.90
1780664400,60700.35
1780668000,60814.00
1780671600,60403.02
1780675200,61339.32
1780678800,60751.96
1780682400,59337.78
1780686000,60265.02
1780689600,61627.01
1780693200,61656.00
1780696800,61555.80
1780700400,61026.20
1780704000,61243.21
1780707600,61025.82
1780711200,60922.46
1780714800,60665.99
1780718400,60072.00
1780722000,60912.26
1780725600,60750.15
1780729200,60970.77
1780732800,61221.43
1780736400,60946.61
1780740000,60578.28
1780743600,60775.55
1780747200,60988.52
1780750800,60771.45
1780754400,60763.95
1780758000,60748.12
1780761600,60750.32
1780765200,60552.71
1780768800,60604.12
1780772400,60570.09
1780776000,60681.31
1780779600,60725.15
1780783200,60521.68
1780786800,60850.36
1780790400,60760.09
1780794000,61441.93
1780797600,61473.18
1780801200,61673.76
1780804800,61855.51
1780808400,61715.21
1780812000,62076.26
1780815600,62374.23
1780819200,62822.01
1780822800,62504.26
1780826400,62345.37
1780830000,62603.12
1780833600,61870.71
1780837200,61676.64
1780840800,61873.99
1780844400,62067.89
1780848000,62054.06
1780851600,62130.49
1780855200,61998.26
1780858800,61292.98
1780862400,61839.17
1780866000,61745.98
1780869600,62831.61
1780873200,63308.26
1780876800,63607.86
1780880400,63182.45
1780884000,63095.00
1780887600,63088.05
1780891200,62697.03
1780894800,62728.32
1780898400,62947.89
1780902000,63237.23
1780905600,63078.96
1780909200,63448.33
1780912800,63108.69
1780916400,63419.54
1780920000,63774.21
1780923600,63709.97
1780927200,63919.03
1780930800,63738.06
1780934400,63493.88
1780938000,63520.50
1780941600,63442.01
1780945200,63339.27
1780948800,63466.73
1780952400,63707.62
1780956000,63419.06
1780959600,63062.97
1780963200,62539.90
1780966800,62737.46
1780970400,62848.03
1780974000,62840.00
1780977600,63205.68
1780981200,63306.98
1780984800,63263.98
1780988400,63154.03
1780992000,62808.19
1780995600,62681.91
1780999200,62764.09
1781002800,62673.32
1781006400,62599.92
1781010000,62235.05
1781013600,61503.35
1781017200,61081.12
1781020800,61338.02
1781024400,61637.72
1781028000,61731.50
1781031600,62049.10
1781035200,62109.64
1781038800,61708.85
1781042400,61682.05
1781046000,61685.80
1781049600,61877.93
1781053200,61677.98
1781056800,61254.03
1781060400,61503.97
1781064000,61248.17
1781067600,61306.28
1781071200,61418.18
1781074800,61641.08
1781078400,61224.77
1781082000,61283.43
1781085600,61330.92
1781089200,60977.47
1781092800,61517.67
1781096400,62078.02
1781100000,62146.05
1781103600,62579.91
1781107200,62156.72
1781110800,61905.99
1781114400,61818.11
1781118000,61868.27
1781121600,61737.81
1781125200,61289.78
1781128800,61322.87
1781132400,61450.92
1781136000,61762.03
1781139600,62143.94
1781143200,62066.99
1781146800,62605.85
1781150400,62649.95
1781154000,62536.10
1781157600,62686.01
1781161200,62639.86
1781164800,62871.83
1781168400,62847.10
1781172000,63070.74
1781175600,63043.98
1781179200,62936.00
1781182800,63031.54
1781186400,62661.84
1781190000,62680.49
1781193600,62490.05
1781197200,63571.36
1781200800,63384.12
1781204400,63547.64
1781208000,63332.00
1781211600,63464.02
1781215200,63434.31
1781218800,63556.71
1781222400,63574.68
1781226000,63350.46
1781229600,63534.84
1781233200,63430.49
1781236800,63613.92
1781240400,63269.44
1781244000,62898.71
1781247600,63014.78
1781251200,63391.68
1781254800,63678.78
1781258400,63618.17
1781262000,63685.16
1781265600,63382.86
1781269200,63154.98
1781272800,63956.66
1781276400,63532.98
1781280000,63940.65
1781283600,63823.20
1781287200,63645.54
1781290800,63553.98
1781294400,63408.00
1781298000,63435.61
1781301600,63472.34
1781305200,63528.96
1781308800,63552.39
1781312400,63776.00
1781316000,63605.26
1781319600,63494.14
1781323200,63472.43
1781326800,63551.17
1781330400,63694.86
1781334000,63806.37
1781337600,63764.92
1781341200,63704.32
1781344800,63798.67
1781348400,63923.41
1781352000,64091.97
1781355600,64061.62
1781359200,64178.89
1781362800,64258.02
1781366400,63985.03
1781370000,63938.89
1781373600,64124.21
1781377200,64260.01
1781380800,64251.98
1781384400,64438.01
1781388000,64426.66
1781391600,64429.99
1781395200,64524.31
1781398800,64545.99
1781402400,64456.28
1781406000,64513.58
1781409600,64310.11
1781413200,64352.78
1781416800,64258.25
1781420400,64396.52
1781424000,64422.06
1781427600,64577.99
1781431200,64485.43
1781434800,64506.06
1781438400,64294.22
1781442000,64285.06
1781445600,63944.34
1781449200,63986.18
1781452800,63912.51
1781456400,63696.57
1781460000,63772.83
1781463600,63768.27
1781467200,63971.99
1781470800,65281.88
1781474400,65377.72
1781478000,65707.50
1781481600,65590.00
1781485200,65484.44
1781488800,65431.44
1781492400,65871.35
1781496000,65604.96
1781499600,65825.05
1781503200,65770.83
1781506800,65630.96
1781510400,65614.81
1781514000,65550.45
1781517600,65876.87
1781521200,66190.00
1781524800,66527.33
1781528400,66396.64
1781532000,66549.81
1781535600,67242.30
1781539200,67118.65
1781542800,66820.86
1781546400,66735.95
1781550000,66553.83
1781553600,66474.54
1781557200,66331.28
1781560800,66156.04
1781564400,66276.80
1781568000,66215.90
1781571600,66304.17
1781575200,65704.98
1781578800,66111.75
1781582400,65800.00
1781586000,66020.15
1781589600,66406.25
1781593200,66334.18
1781596800,66848.86
1781600400,66463.95
1781604000,66456.90
1781607600,66431.11
1781611200,66367.98
1781614800,65997.99
1781618400,65601.17
1781622000,65817.30
1781625600,65698.37
1781629200,65915.70
1781632800,65781.87
1781636400,65621.61
1781640000,65792.70
1781643600,65703.71
1781647200,65710.11
1781650800,65616.64
1781654400,65644.67
1781658000,65872.29
1781661600,65847.99
1781665200,65794.05
1781668800,65824.01
1781672400,65768.11
1781676000,65550.84
1781679600,65470.99
1781683200,64861.98
1781686800,64849.92
1781690400,64738.48
1781694000,64749.51
1781697600,64979.56
1781701200,65240.19
1781704800,65040.90
1781708400,65696.97
1781712000,65807.19
1781715600,66031.78
1781719200,65467.22
1781722800,64243.69
1781726400,64370.66
1781730000,64196.47
1781733600,64233.99
1781737200,64446.04
1781740800,64406.41
1781744400,64488.05
1781748000,64620.02
1781751600,64215.05
1781755200,63817.62
1781758800,63927.74
1781762400,64011.38
1781766000,64438.53
1781769600,64336.01
1781773200,64144.89
1781776800,64014.49
1781780400,63901.93
1781784000,64309.22
1781787600,63906.39
1781791200,63741.12
1781794800,62285.81
1781798400,62591.16
1781802000,62512.66
1781805600,62621.51
1781809200,62858.05
1781812800,63012.28
1781816400,62889.73
1781820000,62815.69
1781823600,62879.01
1781827200,62938.05
1781830800,62951.97
1781834400,62929.99
1781838000,62702.07
1781841600,62390.39
1781845200,62675.81
1781848800,62829.32
1781852400,62561.22
1781856000,62529.42
1781859600,62317.12
1781863200,62466.32
1781866800,62570.51
1781870400,62764.72
1781874000,63150.00
1781877600,63145.39
1781881200,63147.98
1781884800,62909.99
1781888400,63135.46
1781892000,63049.54
1781895600,62964.10
1781899200,63188.75
1781902800,63015.10
1781906400,63256.95
1781910000,63475.66
1781913600,63467.56
1781917200,63529.75
1781920800,63279.63
1781924400,63424.52
1781928000,63520.02
1781931600,63613.05
1781935200,63679.78
1781938800,63589.36
1781942400,63358.49
1781946000,63667.07
1781949600,63609.60
1781953200,63617.41
1781956800,63594.45
1781960400,63342.00
1781964000,63881.93
1781967600,64086.06
1781971200,63968.00
1781974800,63774.81
1781978400,63734.82
1781982000,63867.36
1781985600,63858.67
1781989200,63937.01
1781992800,64196.99
1781996400,64222.99
1782000000,64207.99
1782003600,64162.00
1782007200,64160.10
1782010800,64344.09
1782014400,64199.05
1782018000,64178.01
1782021600,64219.96
1782025200,64117.06
1782028800,63935.35
1782032400,64126.00
1782036000,64285.16
1782039600,64085.00
1782043200,64107.67
1782046800,64068.70
1782050400,64061.29
1782054000,64143.98
1782057600,64065.58
1782061200,64065.30
1782064800,64128.35
1782068400,64119.97
1782072000,63763.00
1782075600,63723.99
1782079200,63724.92
1782082800,63224.87
1782086400,63811.80
1782090000,64532.70
1782093600,64181.74
1782097200,63888.75
1782100800,64012.15
1782104400,64164.81
1782108000,63910.02
1782111600,64131.40
1782115200,64089.59
1782118800,64070.41
1782122400,64066.37
1782126000,64583.24
1782129600,65077.58
1782133200,65502.77
1782136800,64898.87
1782140400,64765.42
1782144000,64641.08
1782147600,64529.20
1782151200,64261.56
1782154800,64427.82
1782158400,64359.19
1782162000,64246.41
1782165600,63889.99
1782169200,63950.61
1782172800,64080.59
1782176400,64078.72
1782180000,64122.72
1782183600,63987.82
1782187200,63537.16
1782190800,63321.01
1782194400,62861.99
1782198000,62805.50
1782201600,62307.11
1782205200,62298.00
1782208800,62237.25
1782212400,62432.79
1782216000,62180.50
1782219600,62396.01
1782223200,62419.28
1782226800,62401.99
1782230400,62463.65
1782234000,62271.41
1782237600,62155.91
1782241200,62323.40
1782244800,62387.39
1782248400,62515.06
1782252000,62509.96
1782255600,62644.86
1782259200,62933.09
1782262800,62849.38
1782266400,62546.33
1782270000,62649.70
1782273600,62661.75
1782277200,62801.99
1782280800,62691.83
1782284400,62561.40
1782288000,62707.50
1782291600,62594.41
1782295200,62354.93
1782298800,62835.29
1782302400,62523.86
1782306000,61227.64
1782309600,61017.98
1782313200,60202.00
1782316800,59761.93
1782320400,59317.09
1782324000,59501.59
1782327600,59874.74
1782331200,60866.21
1782334800,61019.34
1782338400,60778.43
1782342000,60983.14
1782345600,60666.69
1782349200,60828.62
1782352800,60697.65
1782356400,60782.24
1782360000,61255.18
1782363600,61498.16
1782367200,61624.91
1782370800,61816.79
1782374400,61613.83
1782378000,61634.49
1782381600,61180.40
1782385200,61179.08
1782388800,61134.45
1782392400,58052.00
1782396000,59373.18
1782399600,59459.93
1782403200,59208.04
1782406800,59579.53
1782410400,59394.96
1782414000,59188.09
1782417600,59351.77
1782421200,60113.97
1782424800,59748.74
1782428400,59703.66
1782432000,59572.10
1782435600,59340.06
1782439200,58470.47
1782442800,59941.10
1782446400,59830.92
1782450000,59860.02
1782453600,60230.42
1782457200,60435.71
1782460800,60147.35
1782464400,59643.79
1782468000,59226.29
1782471600,59328.03
1782475200,59094.30
1782478800,60092.02
1782482400,59499.95
1782486000,60226.92
1782489600,59950.08
1782493200,59929.00
1782496800,59565.98
1782500400,59647.86
1782504000,59616.19
1782507600,59826.01
1782511200,59957.99
1782514800,60004.19
1782518400,59970.43
1782522000,59854.17
1782525600,60190.20
1782529200,60205.50
1782532800,60149.98
1782536400,60143.99
1782540000,60274.14
1782543600,60451.65
1782547200,60353.69
1782550800,60321.01
1782554400,60317.99
1782558000,60264.75
1782561600,60324.42
1782565200,60483.20
1782568800,60510.22
1782572400,60741.01
1782576000,60710.39
1782579600,60424.08
1782583200,60458.01
1782586800,60077.65
1782590400,60199.37
1782594000,60099.88
1782597600,60135.01
1782601200,59934.96
1782604800,60058.09
1782608400,60127.26
1782612000,60051.24
1782615600,60105.90
1782619200,60046.14
1782622800,59892.01
1782626400,59908.69
1782630000,60130.78
1782633600,60281.99
1782637200,60169.78
1782640800,60076.82
1782644400,60251.97
1782648000,60205.82
1782651600,59976.96
1782655200,59939.29
1782658800,59799.19
1782662400,59600.01
1782666000,59493.11
1782669600,59520.06
1782673200,59391.27
1782676800,59559.05
1782680400,59347.67
1782684000,58976.61
1782687600,59470.33
1782691200,59579.01
1782694800,59333.41
1782698400,59649.98
1782702000,59942.83
1782705600,59729.95
1782709200,60002.56
1782712800,59983.30
1782716400,59932.61
1782720000,59740.37
1782723600,59968.21
1782727200,59996.69
1782730800,59879.92
1782734400,59857.66
1782738000,59455.56
1782741600,59344.73
1782745200,59704.77
1782748800,59784.60
1782752400,60315.43
1782756000,60198.91
1782759600,60331.67
1782763200,60197.69
1782766800,60390.92
1782770400,60261.96
1782774000,60125.86
1782777600,59744.67
1782781200,59846.84
1782784800,59842.58
1782788400,59515.14
1782792000,59385.28
1782795600,59548.00
1782799200,59494.00
1782802800,59427.02
1782806400,59209.31
1782810000,59276.01
1782813600,59229.22
1782817200,59076.82
1782820800,58299.46
1782824400,58630.00
1782828000,58364.00
1782831600,58261.71
1782835200,58391.34
1782838800,58322.24
1782842400,58582.35
1782846000,58714.89
1782849600,58630.88
1782853200,58553.85
1782856800,58513.92
1782860400,58523.93
1782864000,58489.14
1782867600,58676.10
1782871200,58989.98
1782874800,59101.49
1782878400,59237.64
1782882000,59060.90
1782885600,58666.65
1782889200,58686.91
1782892800,58894.00
1782896400,58865.86
1782900000,58577.41
1782903600,58536.74
1782907200,58443.44
1782910800,59440.50
1782914400,59468.58
1782918000,60085.10
1782921600,59856.95
1782925200,60129.43
1782928800,60104.77
1782932400,59941.38
1782936000,60068.63
1782939600,60752.33
1782943200,60416.88
1782946800,59961.45
1782950400,59684.97
1782954000,60112.24
1782957600,60353.88
1782961200,60985.78
1782964800,60707.99
1782968400,60425.99
1782972000,60190.00
1782975600,60057.42
1782979200,60436.00
1782982800,61096.64
1782986400,61179.09
1782990000,61287.38
1782993600,61476.80
1782997200,61872.44
1783000800,61633.96
1783004400,61540.00
1783008000,61621.98
1783011600,61604.61
1783015200,61700.18
1783018800,61431.52
1783022400,61509.01
1783026000,61517.07
1783029600,61397.76
1783033200,61484.02
1783036800,61221.06
1783040400,61504.52
1783044000,61353.03
1783047600,61350.93
1783051200,61366.03
1783054800,61623.30
1783058400,61631.13
1783062000,61679.99
1783065600,61507.04
1783069200,61642.31
1783072800,61844.03
1783076400,61946.08
1783080000,61904.83
1783083600,62050.06
1783087200,62101.61
1783090800,61862.58
1783094400,62042.05
1783098000,62136.67
1783101600,62149.99
1783105200,62153.87
1783108800,62711.99
1783112400,62669.40
1783116000,62512.00
1783119600,62520.22
1783123200,62693.36
1783126800,62403.51
1783130400,62479.27
1783134000,62564.05
1783137600,62628.17
1783141200,62412.41
1783144800,62434.82
1783148400,62514.76
1783152000,62493.16
1783155600,62429.04
1783159200,62450.08
1783162800,62429.10
1783166400,62604.66
1783170000,62538.00
1783173600,62643.31
1783177200,62881.22
1783180800,62865.88
1783184400,63221.14
1783188000,63113.34
1783191600,63238.17
1783195200,63180.56
1783198800,63241.99
1783202400,63137.99
1783206000,63083.90
1783209600,62930.55
1783213200,62844.82
1783216800,62639.98
1783220400,62711.21
1783224000,62776.44
1783227600,62679.97
1783231200,62722.06
1783234800,62958.44
1783238400,62858.34
1783242000,62569.50
1783245600,62700.78
1783249200,62577.16
1783252800,62692.42
1783256400,62738.80
1783260000,62758.87
1783263600,62686.17
1783267200,62569.98
1783270800,62571.40
1783274400,62764.59
1783278000,62718.04
1783281600,62673.93
1783285200,63034.92
1783288800,63682.07
1783292400,63583.52
1783296000,63697.48
1783299600,63510.63
1783303200,63398.73
1783306800,63232.34
1783310400,63206.75
1783314000,63048.44
1783317600,62917.97
1783321200,63024.27
1783324800,62833.38
1783328400,62597.66
1783332000,62756.27
1783335600,62450.02
1783339200,61688.01
1783342800,61710.36
1783346400,61994.13
1783350000,63489.16
1783353600,63693.29
1783357200,63536.16
1783360800,63649.99
1783364400,63676.26
1783368000,63784.60
1783371600,64435.99
1783375200,64197.63
1783378800,64001.84
1783382400,64153.80
1783386000,63796.44
1783389600,63280.26
1783393200,63140.03
1783396800,63043.82
1783400400,63075.31
1783404000,63284.56
1783407600,63035.46
1783411200,63047.02
1783414800,63187.90
1783418400,63228.00
1783422000,63345.27
1783425600,63418.30
1783429200,62971.98
1783432800,63498.01
1783436400,63878.11
1783440000,63933.50
1783443600,64135.99
1783447200,63643.99
1783450800,63776.80
1783454400,63654.79
1783458000,63388.70
1783461600,63505.07
1783465200,63323.27
1783468800,63563.64
1783472400,62988.19
1783476000,62935.24
1783479600,62716.85
1783483200,62748.16
1783486800,62586.04
1783490400,62605.90
1783494000,62839.50
1783497600,61959.96
1783501200,62001.81
1783504800,62128.01
1783508400,62245.44
1783512000,61894.21
1783515600,61870.43
1783519200,61829.47
1783522800,61632.90
1783526400,62046.49
1783530000,62039.99
1783533600,62122.57
1783537200,62229.06
1783540800,62054.17
1783544400,62132.11
1783548000,62289.49
1783551600,62237.70
1783555200,62078.59
1783558800,61856.65
1783562400,61730.17
1783566000,61918.14
1783569600,62400.88
1783573200,62537.39
1783576800,62902.00
1783580400,62947.26
1783584000,62839.99
1783587600,62894.12
1783591200,62722.52
1783594800,62718.97
1783598400,62552.05
1783602000,62960.00
1783605600,62955.42
1783609200,62810.11
1783612800,62635.97
1783616400,63088.24
1783620000,63166.29
1783623600,63193.84
1783627200,63257.50
1783630800,63223.69
1783634400,63169.76
1783638000,63175.25
1783641600,63062.22
1783645200,63699.99
1783648800,63911.25
1783652400,63893.54
1783656000,64004.03
1783659600,64076.22
1783663200,63815.01
1783666800,63948.00
1783670400,64201.53
1783674000,64341.83
1783677600,64355.32
1783681200,64378.16
1783684800,64245.01
1783688400,64438.03
1783692000,63854.00
1783695600,63977.59
1783699200,64085.81
1783702800,63773.41
1783706400,63760.46
1783710000,63862.96
1783713600,63788.75
1783717200,63970.38
1783720800,64068.70
1783724400,64128.49
1783728000,64076.68
1783731600,63973.73
1783735200,64116.98
1783738800,64109.35
1783742400,64111.34
1783746000,64125.38
1783749600,64169.58
1783753200,64111.58
1783756800,64216.87
1783760400,64107.69
1783764000,64138.08
1783767600,64145.27
1783771200,64139.53
1783774800,64195.03
1783778400,64297.67
1783782000,64120.17
1783785600,64132.72
1783789200,64271.48
1783792800,64281.99
1783796400,64245.99
1783800000,64337.11
1783803600,64310.38
1783807200,64158.07
1783810800,63773.05
1783814400,63783.72
1783818000,64085.26
1783821600,64032.98
1783825200,64178.79
1783828800,63962.07
1783832400,63925.68
1783836000,63714.75
1783839600,63843.70
1783843200,63940.08
1783846800,63915.20
1783850400,63794.92
1783854000,63966.54
1783857600,63982.16
1783861200,63980.52
1783864800,64158.64
1783868400,64136.52
1783872000,64131.78
1783875600,64034.91
1783879200,64109.19
1783882800,64193.87
1783886400,64161.74
1783890000,63883.78
1783893600,63845.60
1783897200,63778.34
1783900800,64024.78
1783904400,63368.77
1783908000,63228.40
1783987200,62473.94
1783990800,62459.45
1783994400,62471.43
1783998000,62500.00
1784001600,62673.76
1784005200,62654.01
1784008800,62542.07
1784012400,62467.62
1784016000,62631.31
1784019600,62554.05
1784023200,62725.61
1784026800,62769.77
1784030400,63900.02
1784034000,63776.01
1784037600,64245.30
1784041200,64710.06
1784044800,64688.69
1784048400,64586.36
1784052000,64532.94
1784055600,64522.36
1784059200,64521.45
1784062800,64634.83
1784066400,64823.41
1784070000,64988.65
1784073600,64775.98
1784077200,64624.48
1784080800,64440.87
1784084400,64736.68
1784088000,64698.07
1784091600,64885.77
1784095200,64772.72
1784098800,64508.26
1784102400,64719.93
1784106000,64615.58
1784109600,64603.97
1784113200,64679.32
1784116800,65111.31
1784120400,65060.04
1784124000,65339.50
1784127600,65369.98
1784131200,65048.32
1784134800,65005.03
1784138400,64811.99
1784142000,64927.41
1784145600,64927.95
1784149200,64792.01
1784152800,64821.01
1784156400,64712.01
1784160000,64536.01
1784163600,64689.08
1784167200,64595.85
1784170800,64562.14
1784174400,64555.11
1784178000,64865.14
1784181600,64719.02
1784185200,64174.48
1784188800,64067.88
1784192400,64036.61
1784196000,64165.73
1784199600,64200.00
1784203200,63917.99
1784206800,64319.36
1784210400,64493.21
1784214000,64660.54
1784217600,64436.91
1784221200,64030.02
1784224800,64205.49
1784228400,64219.00
1784232000,64056.98
1784235600,64113.74
1784239200,63918.82
1784242800,63770.60
1784246400,63833.87
1784250000,63489.00
1784253600,63430.09
1784257200,63508.14
1784260800,63429.86
1784264400,62782.59
1784268000,62887.76
1784271600,62770.80
1784275200,62826.01
1784278800,62924.26
1784282400,63119.72
1784286000,63230.48
1784289600,63037.98
1784293200,63089.91
1784296800,63113.83
1784300400,63403.17
1784304000,63549.01
1784307600,64015.04
1784311200,64224.21
1784314800,64099.24
1784318400,64077.46
1784322000,64071.50
1784325600,63938.00
1784329200,63889.66
1784332800,63865.75
1784336400,63916.00
1784340000,63908.27
1784343600,63970.77
1784347200,63920.00
1784350800,63924.00
1784354400,63935.43
1784358000,63950.93
1784361600,63960.00
1784365200,63943.70
1784368800,63961.48
1784372400,64016.19
1784376000,64164.48
1784379600,64065.07
1784383200,64085.47
1784386800,64076.89
1784390400,64261.37
1784394000,64440.10
1784397600,64467.96
1784401200,64512.15
1784404800,64654.58
1784408400,64692.01
1784412000,64764.33
1784415600,64793.76
1784419200,64745.87
1784422800,64725.00
1784426400,64784.09
1784430000,64670.12
1784433600,64681.47
1784437200,64682.21
1784440800,64668.09
1784444400,64678.00
1784448000,64668.59
1784451600,64470.32
1784455200,64553.65
1784458800,64426.70
1784462400,64398.00
1784466000,64432.29
1784469600,64547.20
1784473200,64540.10
1784476800,64493.89
1784480400,64504.56
1784484000,64374.23
1784487600,64410.00
1784491200,64488.31
1784494800,64372.61
1784498400,64629.21
1784502000,64680.52
1784505600,64503.04
1784509200,64576.64
1784512800,64775.79
1784516400,64814.39
1784520000,64493.66
1784523600,64072.47
1784527200,63859.04
1784530800,64214.24
1784534400,63997.35
1784538000,64138.72
1784541600,64242.35
1784545200,64944.01
1784548800,64583.89
1784552400,64277.18
1784556000,64349.61
1784559600,65552.63
1784563200,65454.01
1784566800,65533.52
1784570400,65188.41
1784574000,65086.57
1784577600,65327.99
1784581200,65241.69
1784584800,65106.78
1784588400,65213.05
1784592000,65532.56
1784595600,65193.52
1784599200,65366.95
1784602800,65528.22
1784606400,65472.01
1784610000,65704.10
1784613600,65874.68
1784617200,66140.36
1784620800,66186.39
1784624400,66250.78
1784628000,66148.21
1784631600,66309.46
1784635200,66513.84
1784638800,66739.99
1784642400,66808.71
1784646000,66648.40
1784649600,66513.42
1784653200,66170.42
1784656800,66282.00
1784660400,66418.00
1784664000,66370.01
1784667600,66346.91
1784671200,66268.01
1784674800,66516.18
1784678400,66586.69
1784682000,66389.18
1784685600,66268.01
1784689200,66160.44
1784692800,66336.76
1784696400,65937.32
1784700000,65891.27
1784703600,65795.27
1784707200,65941.45
1784710800,65884.28
1784714400,66006.69
1784718000,65972.50
1784721600,65587.76
1784725200,65913.98
1784728800,65764.90
1784732400,66015.01
1784736000,66208.73
1784739600,66001.32
1784743200,65858.29
1784746800,65894.50
1784750400,65892.42
1784754000,66044.16
1784757600,66014.37
1784761200,66086.11
1784764800,66033.59
1784768400,65799.01
1784772000,65777.22
1784775600,65624.52
1784779200,65570.54
1784782800,65660.20
1784786400,65758.11
1784790000,65394.81
1784793600,65619.23
1784797200,65607.07
1784800800,65708.56
1784804400,65525.23
1784808000,65123.02
1784811600,64836.00
1784815200,64864.85
1784818800,64898.62
1784822400,64689.60
1784826000,64611.92
1784829600,64807.58
1784833200,64786.75
1784836800,65095.28
1784840400,65120.19
1784844000,65140.05
1784847600,65051.23
1784851200,64925.98
1784854800,65030.00
1784858400,65066.98
1784862000,65408.00
1784865600,65240.97
1784869200,65268.42
1784872800,65426.94
1784876400,65453.99
1784880000,65259.02
1784883600,65064.29
1784887200,64903.09
1784890800,65027.65
1784894400,64715.98
1784898000,64063.07
1784901600,63990.91
1784905200,64031.10
1784908800,63889.84
1784912400,64117.05
1784916000,64210.90
1784919600,64158.34
1784923200,64102.60
1784926800,64088.09
1784930400,64100.52
1784934000,64083.32
1784937600,64009.01
1784941200,64005.01
1784944800,63980.57
1784948400,64021.41
1784952000,64117.19
1784955600,63959.49
1784959200,63952.21
1784962800,63951.75
1784966400,63808.55
1784970000,63939.37
1784973600,64000.08
1784977200,64005.74
1784980800,64055.98
1784984400,64103.89
1784988000,64149.07
1784991600,64117.69
1784995200,64151.31
1784998800,64203.29
1785002400,64353.79
1785006000,64328.72
1785009600,64275.05
1785013200,64288.01
1785016800,64352.27
1785020400,64293.93
1785024000,64450.00
1785027600,64402.82
1785031200,64460.90
1785034800,64490.46
1785038400,64465.09
1785042000,64352.93
1785045600,64375.72
1785049200,64309.42
1785052800,64423.01
1785056400,64481.64
1785060000,64454.17
1785063600,64450.48
1785067200,64405.02
1785070800,64466.46
1785074400,64658.99
1785078000,64710.28
1785081600,64672.70
1785085200,64644.05
1785088800,64686.19
1785092400,64641.10
1785096000,64595.26
1785099600,64791.12
1785103200,65347.96
1785106800,65336.31
1785110400,65069.99
1785114000,65141.44
1785117600,65115.38
1785121200,65227.73
1785124800,65229.53
1785128400,65403.99
1785132000,65358.00
1785135600,65165.10
1785139200,65104.49
1785142800,65203.00
1785146400,65277.99
1785150000,65040.32
1785153600,65024.18
1785157200,65150.72
1785160800,64611.75
1785164400,64475.17
1785168000,64828.30
1785171600,64951.08
1785175200,64801.30
1785178800,64919.31
1785182400,64903.49
1785186000,64760.65
1785189600,63746.24
1785193200,63693.57
1785196800,63423.46
1785200400,63170.48
1785204000,63115.56
1785207600,63279.32
1785211200,63282.80
1785214800,63385.51
1785218400,63564.29
1785222000,63435.80
1785225600,63353.50
1785229200,63322.28
1785232800,63401.11
1785236400,63393.65
1785240000,63475.12
1785243600,63026.07
1785247200,63336.06
1785250800,63857.59
1785254400,63973.39
1785258000,63619.46
1785261600,63654.06
1785265200,63816.88
1785268800,63834.48
1785272400,63892.88
1785276000,63704.95
1785279600,63848.79
1785283200,63883.00
1785286800,63619.08
1785290400,63883.05
1785294000,63659.95
1785297600,63878.16
1785301200,63976.87
1785304800,64352.60
1785308400,64477.69
1785312000,64342.35
1785315600,64611.28
1785319200,64395.34
1785322800,64437.00
1785326400,64201.91
1785330000,64585.76
1785333600,64016.07
1785337200,63867.93
1785340800,63717.06
1785344400,64183.02
1785348000,64430.52
1785351600,63526.83
1785355200,63439.99
1785358800,63778.14
1785362400,63853.99
1785366000,63897.57
1785369600,63586.23
1785373200,64187.65
1785376800,64103.35
1785380400,64071.42
1785384000,63933.28
1785387600,63947.72
1785391200,63915.31
1785394800,63918.31
1785398400,64211.88
1785402000,64479.00
1785405600,64472.29
1785409200,64707.18
1785412800,64839.60
1785416400,64960.76
1785420000,64612.05
1785423600,64661.64
1785427200,64752.76
1785430800,64809.66
1785434400,64634.02
1785438000,64727.53
1785441600,64711.33
1785445200,64670.68
1785448800,64788.79
1785452400,64721.89
1785456000,64677.12
1785459600,64493.68
1785463200,64230.03
1785466800,64296.76
1785470400,64239.47
1785474000,64290.14
1785477600,64171.07
1785481200,63872.11
1785484800,63754.53
1785488400,63646.70
1785492000,63850.42
1785495600,63738.75
1785499200,63677.86
1785502800,63201.86
1785506400,62601.45
1785510000,62625.76
1785513600,62800.64
1785517200,63179.17
1785520800,63026.47
1785524400,62892.00
1785528000,62892.40
1785531600,62894.82
1785535200,62884.95
1785538800,62825.82
1785542400,62875.74
1785546000,62903.04
1785549600,62999.80
1785553200,62938.54
1785556800,63035.71
1785560400,62965.77
1785564000,63018.71
1785567600,62988.59
1785571200,63060.89
1785574800,62993.29
1785578400,62997.69
1785582000,63016.47
1785585600,63041.63
1785589200,63000.34
1785592800,63066.18
1785596400,62938.82
1785600000,62879.14
1785603600,62652.58
1785607200,62523.79
1785610800,62471.53
1785614400,62604.91
1785618000,62761.35
1785621600,62765.36
1785625200,62764.21
1785628800,62775.00
1785632400,62921.05
1785636000,63381.99
1785639600,63392.87
1785643200,63519.61
1785646800,63394.92
1785650400,63409.73
1785654000,63448.26
1785657600,63130.04
1785661200,63206.23
1785664800,63136.65
1785668400,62964.22
1785672000,63062.09
1785675600,63053.99
1785679200,63002.31
1785682800,63041.43
1785686400,63119.28
1785690000,63227.94
1785693600,63307.60
1785697200,63380.18
1785700800,63424.09
1785704400,63501.19
1785708000,63351.05
1785711600,63493.35
1785715200,63244.40
1785718800,63130.88
1785722400,63065.52
1785726000,62787.97
1785729600,62707.75
1785733200,62743.54
1785736800,62541.84
1785740400,62524.60
1785744000,62457.59
1785747600,62749.36
1785751200,62656.00
1785754800,62481.29
1785758400,62622.74
1785762000,63267.20
1785765600,63899.03
1785769200,63624.26
1785772800,63708.48
1785776400,63852.75
1785780000,63808.06
1785783600,63802.78
1785787200,63736.75
1785790800,63540.41
1785794400,63553.43
1785798000,63466.52
1785801600,63302.05
1785805200,63782.30
1785808800,63758.99
1785812400,63730.56
1785816000,63975.45
1785819600,63768.85
1785823200,63607.16
1785826800,63617.41
1785830400,63514.77
1785834000,63534.58
1785837600,63694.15
1785841200,63853.32
1785844800,63840.64
1785848400,63619.85
1785852000,64069.25
1785855600,64068.74
1785859200,63899.72
1785862800,63919.72
1785866400,64261.41
1785870000,64181.00
1785873600,64299.08
1785877200,64148.51
1785880800,64221.82
1785884400,64050.51
1785888000,63934.53
1785891600,64284.79
1785895200,64315.95
1785898800,64128.00
1785902400,64113.97
1785906000,64275.22
1785909600,64199.31
1785913200,64106.74
1785916800,64060.96
1785920400,64097.27
1785924000,64004.27
1785927600,64018.29
1785931200,64277.04
1785934800,64361.24
1785938400,64426.84
1785942000,64328.25
1785945600,64606.02
1785949200,64695.35
1785952800,64741.11
1785956400,64794.39
1785960000,64777.55
1785963600,64665.30
1785967200,64573.54
1785970800,64597.86
1785974400,64582.30
1785978000,64520.62
1785981600,64516.68
1785985200,64470.00
1785988800,64666.30
1785992400,64846.80
1785996000,64798.09
1785999600,64743.10
1786003200,64873.61
1786006800,64615.94
1786010400,64550.00
1786014000,64551.31
1786017600,64346.01
1786021200,64357.29
1786024800,64709.55
1786028400,64570.92
1786032000,64690.13
1786035600,64557.15
1786039200,64360.09
1786042800,64402.97
1786046400,64381.40
1786050000,64388.37
1786053600,64296.38
1786057200,64267.30
1786060800,64261.78
1786064400,64364.26
1786068000,64337.97
1786071600,64234.48
1786075200,64191.67
1786078800,64276.05
1786082400,64254.40
1786086000,64264.19
1786089600,64552.90
1786093200,64794.06
1786096800,64849.11
1786100400,64975.63
1786104000,65250.56
1786107600,64960.89
1786111200,64906.86
1786114800,64852.91
1786118400,64758.07
1786122000,64713.89
1786125600,64667.82
1786129200,64914.79
1786132800,64935.72
1786136400,64895.73
1786140000,64852.17
1786143600,64891.61
1786147200,64878.22
1786150800,64868.86
1786154400,64888.12
1786158000,64989.86
1786161600,64974.22
1786165200,64961.00
1786168800,64968.73
1786172400,64928.80
1786176000,64957.72
1786179600,64955.29
1786183200,64966.68
1786186800,64922.84
1786190400,64960.89
1786194000,64973.61
1786197600,65082.74
1786201200,65029.67
1786204800,65043.85
1786208400,65073.14
1786212000,64992.84
1786215600,65025.41
1786219200,65032.18
1786222800,64968.03
1786226400,64892.51
1786230000,64908.72
1786233600,64921.60
1786237200,64807.79
1786240800,64770.07
1786244400,64734.96
1786248000,64735.33
1786251600,64754.32
1786255200,64792.90
1786258800,64770.87
1786262400,64770.07
1786266000,64832.31
1786269600,64905.46
1786273200,64898.63
1786276800,64906.59
1786280400,65178.68
1786284000,65214.29
1786287600,65174.99
1786291200,65181.97
1786294800,65142.00
1786298400,65147.12
1786302000,65130.74
1786305600,65095.57
1786309200,65143.70
1786312800,65023.08
1786316400,64848.69
1786320000,64921.65
1786323600,65146.85
1786327200,65044.93
1786330800,64921.08
1786334400,64955.99
1786338000,65085.60
1786341600,65248.08
1786345200,65149.84
1786348800,65190.84
1786352400,64907.66
1786356000,64956.26
1786359600,65069.46
1786363200,64797.87
1786366800,64494.73
1786370400,64562.89
1786374000,64235.85
1786377600,63833.92
1786381200,63884.98
1786384800,63815.91
1786388400,63973.54
1786392000,64096.86
1786395600,63910.42
1786399200,63959.72
1786402800,63911.87
1786406400,63971.20
1786410000,63987.01
1786413600,63978.06
1786417200,64074.72
1786420800,63961.18
1786424400,63926.89
1786428000,63897.93
1786431600,63999.16
1786435200,64073.86
1786438800,64244.21
1786442400,64171.17
1786446000,64327.18
1786449600,64266.52
1786453200,64139.99
1786456800,63713.96
1786460400,63539.78
1786464000,63440.59
1786467600,63537.12
1786471200,63305.79
1786474800,63468.75
1786478400,63682.16
1786482000,63615.58
1786485600,63604.67
1786489200,63531.75
1786492800,63685.04
1786496400,63760.90
1786500000,63677.99
1786503600,63762.02
1786507200,63713.62
1786510800,63783.22
1786514400,63650.69
1786518000,63767.03
1786521600,63731.26
1786525200,64052.34
1786528800,64079.99
1786532400,64175.90
1786536000,64066.44
1786539600,63780.56
1786543200,63295.19
1786546800,63368.15
1786550400,63424.57
1786554000,63398.82
1786557600,63309.61
1786561200,63345.72
1786564800,63535.48
1786568400,63403.20
1786572000,63362.34
1786575600,63411.72
1786579200,63489.84
1786582800,63385.52
1786586400,63480.33
1786590000,63580.27
1786593600,63624.45
1786597200,63805.61
1786600800,63875.76
1786604400,63803.12
1786608000,63706.28
1786611600,63718.12
1786615200,63582.41
1786618800,63414.90
1786622400,63621.64
1786626000,63653.03
1786629600,63795.84
1786633200,63358.12
1786636800,63081.99
1786640400,63070.02
1786644000,63235.84
1786647600,63332.24
1786651200,63349.18
1786654800,63409.18
1786658400,63463.35
1786662000,63425.35
1786665600,63480.93
1786669200,63510.28
1786672800,63403.84
1786676400,63246.69
1786680000,63307.14
1786683600,63314.50
1786687200,62909.76
1786690800,62848.68
1786694400,62870.48
1786698000,62723.91
1786701600,62746.13
1786705200,62793.30
1786708800,62661.85
1786712400,62584.32
1786716000,62547.98
1786719600,62913.05
1786723200,63071.09
1786726800,62951.69
1786730400,62855.91
1786734000,62895.82
1786737600,62835.15
1786741200,62860.90
1786744800,62814.54
1786748400,62975.19
1786752000,62950.72
1786755600,62972.28
1786759200,63071.39
1786762800,62987.95
1786766400,63052.01
1786770000,63016.10
1786773600,63045.54
1786777200,63005.66
1786780800,62869.06
1786784400,62957.64
1786788000,62976.03
1786791600,62949.21
1786795200,62985.92
1786798800,62985.92
1786802400,62966.42
1786806000,63022.95
1786809600,63024.05
1786813200,63000.34
1786816800,62989.13
1786820400,63051.39
1786824000,63036.50
1786827600,63085.92
1786831200,63061.68
1786834800,63018.76
1786838400,63012.93
1786842000,63013.90
1786845600,63054.45
1786849200,63059.43
1786852800,63016.93
1786856400,62997.82
1786860000,62993.72
1786863600,62991.23
1786867200,63001.91
1786870800,62917.51
1786874400,62940.20
1786878000,62945.33
1786881600,62948.00
1786885200,62993.64
1786888800,63034.54
1786892400,63070.03
1786896000,63186.92
1786899600,63087.41
1786903200,63074.29
1786906800,63040.17
1786910400,63000.73
1786914000,62862.81
1786917600,62843.44
1786921200,62836.66
1786924800,62840.55
1786928400,63042.54
1786932000,63336.00
1786935600,63367.81
1786939200,63479.99
1786942800,63456.60
1786946400,63603.34
1786950000,63461.46
1786953600,63307.85
1786957200,63246.20
1786960800,63627.28
1786964400,63563.00
1786968000,63478.25
1786971600,63601.38
1786975200,63828.95
1786978800,64141.27
1786982400,64060.36
1786986000,64276.81
1786989600,64380.58
1786993200,64266.44
1786996800,64341.77
1787000400,64335.03
1787004000,64240.22
1787007600,64480.00
1787011200,64327.45
1787014800,64148.45
1787018400,64043.40
1787022000,64119.49
1787025600,64149.69
1787029200,64169.46
1787032800,64266.41
1787036400,64139.78
1787040000,64228.64
1787043600,64110.01
1787047200,64134.54
1787050800,64289.48
1787054400,64161.68
1787058000,64158.17
1787061600,64668.14
1787065200,64811.69
1787068800,64798.26
1787072400,64629.56
1787076000,64737.17
1787079600,64603.93
1787083200,64538.48
1787086800,64559.33
1787090400,64596.41
1787094000,64681.33
1787097600,64445.43
1787101200,64358.47
1787104800,64295.84
1787108400,64269.36
1787112000,64255.10
1787115600,64185.23
1787119200,64289.82
1787122800,64236.76
1787126400,64357.12
1787130000,64371.57
1787133600,64397.56
1787137200,64459.10
1787140800,64831.37
1787144400,64966.72
1787148000,65890.00
1787151600,68540.94
1787155200,68458.61
1787158800,68168.30
1787162400,68389.12
1787166000,68406.14
1787169600,69046.46
1787173200,69700.00
1787176800,69219.55
1787180400,69300.76
1787184000,69384.86
1787187600,69678.65
1787191200,69258.56
1787194800,69139.99
1787198400,69442.52
1787202000,69356.00
1787205600,69813.99
1787209200,69783.61
1787212800,71527.94
1787216400,71740.89
1787220000,71943.58
1787223600,71875.27
1787227200,71894.51
1787230800,71639.27
1787234400,71780.29
1787238000,72439.67
1787241600,72808.56
1787245200,72715.33
1787248800,72410.92
1787252400,72627.92
1787256000,72660.23
1787259600,72725.63
1787263200,72663.91
1787266800,72998.32
1787270400,73686.93
1787274000,75101.88
1787277600,74412.85
1787281200,74478.95
1787284800,74999.99
1787288400,75438.09
1787292000,75615.79
1787295600,76288.12
1787299200,79250.01
1787302800,77888.18
1787306400,77812.82
1787310000,76709.63
1787313600,77188.77
1787317200,77251.87
1787320800,77369.32
1787324400,77191.80
1787328000,77451.34
1787331600,77370.28
1787335200,77110.52
1787338800,77003.92
1787342400,77497.97
1787346000,78495.40
1787349600,78432.77
1787353200,78325.55
1787356800,77934.06
1787360400,77821.05
1787364000,78462.80
1787367600,78402.62
1787371200,78475.71
1787374800,77361.08
1787378400,77477.25
1787382000,77286.24
1787385600,77195.48
1787389200,77049.39
1787392800,76961.55
1787396400,77114.35
1787400000,77300.01
1787403600,77277.30
1787407200,76995.59
1787410800,76970.55
1787414400,77272.07
1787418000,77269.49
1787421600,77266.62
1787425200,77417.01
1787428800,77324.91
1787432400,76847.38
1787436000,76989.46
1787439600,77054.43
1787443200,77295.06
1787446800,77184.54
1787450400,77064.68
1787454000,76916.99
1787457600,76599.44
1787461200,76058.07
1787464800,76090.82
1787468400,75986.99
1787472000,76464.94
1787475600,76540.00
1787479200,76776.94
1787482800,77288.16
1787486400,77201.59
1787490000,77477.24
1787493600,77179.28
1787497200,77141.09
1787500800,77405.67
1787504400,77171.65
1787508000,77325.00
1787511600,77328.30
1787515200,77393.19
1787518800,77832.50
1787522400,77600.66
1787526000,77725.59
1787529600,77668.24
1787533200,76906.99
1787536800,77466.83
1787540400,76933.46
1787544000,76893.22
1787547600,77159.59
1787551200,77463.72
1787554800,77281.16
1787558400,77025.55
1787562000,77540.88
1787565600,77608.86
1787569200,78431.37
1787572800,79136.37
1787576400,78562.40
1787580000,79484.32
1787583600,79071.01
1787587200,79035.05
1787590800,78744.89
1787594400,78931.05
1787598000,78750.01
1787601600,78913.77
1787605200,78970.31
1787608800,78734.62
1787612400,78979.08
1787616000,79728.62
1787619600,79821.89
1787623200,80634.40
1787626800,80468.97
1787630400,80348.07
1787634000,80693.41
1787637600,80533.77
1787641200,79680.80
1787644800,79905.81
1787648400,79177.83
1787652000,79293.19
1787655600,79118.26
1787659200,78971.29
1787662800,78619.86
1787666400,79224.66
1787670000,79506.23
1787673600,79153.31
1787677200,79234.10
1787680800,79120.80
1787684400,78925.03
1787688000,78184.05
1787691600,78536.81
1787695200,78876.87
1787698800,78526.79
1787702400,78633.31
1787706000,78815.54
1787709600,79098.25
1787713200,79075.52
1787716800,78823.85
1787720400,79074.75
1787724000,78934.01
1787727600,78915.98
1787731200,78690.98
1787734800,78434.75
1787738400,78706.68
1787742000,78467.42
1787745600,78299.51
1787749200,78445.13
1787752800,77785.98
1787756400,78013.36
1787760000,77984.06
1787763600,78441.45
1787767200,78471.39
1787770800,78468.10
1787774400,78448.55
1787778000,78718.61
1787781600,78695.59
1787785200,79026.17
1787788800,78695.11
1787792400,78893.49
1787796000,78725.01
1787799600,78820.82
1787803200,78765.27
1787806800,78876.53
1787810400,78820.00
1787814000,79074.08
1787817600,79755.26
1787821200,79988.74
1787824800,79619.49
1787828400,79476.34
1787832000,79276.06
1787835600,79533.00
1787839200,80221.31
1787842800,80320.57
1787846400,80384.79
1787850000,80445.13
1787853600,80174.53
1787857200,79932.53
1787860800,80111.05
1787864400,80202.16
1787868000,80322.05
1787871600,80269.39
1787875200,80597.59
1787878800,80509.11
1787882400,79937.49
1787886000,79824.70
1787889600,79649.23
1787893200,79691.54
1787896800,79909.08
1787900400,79677.00
1787904000,79520.05
1787907600,79292.99
1787911200,79560.62
1787914800,79606.03
1787918400,79417.59
1787922000,79460.36
1787925600,79560.96
1787929200,78325.26
1787932800,77792.64
1787936400,77901.24
1787940000,77541.61
1787943600,77543.82
1787947200,77399.99
1787950800,77365.49
1787954400,77749.35
1787958000,77839.01
1787961600,77734.49
1787965200,77792.04
1787968800,77667.09
1787972400,77504.25
1787976000,77640.43
1787979600,77635.42
1787983200,77459.98
1787986800,77640.35
1787990400,77641.79
1787994000,77642.41
1787997600,77628.46
1788001200,77575.42
1788004800,77584.63
1788008400,77692.76
1788012000,78001.57
1788015600,77855.58
1788019200,78019.48
1788022800,78096.41
1788026400,78150.64
1788030000,78193.61
1788033600,78119.67
1788037200,78164.23
1788040800,78221.18
1788044400,78233.93
1788048000,78175.94
1788051600,78076.90
1788055200,78097.65
1788058800,78135.10
1788062400,78116.14
1788066000,78138.59
1788069600,78275.09
1788073200,78103.02
1788076800,78065.20
1788080400,77995.81
1788084000,78144.94
1788087600,78163.42
1788091200,78746.82
1788094800,78844.48
1788098400,78778.40
1788102000,78825.53
1788105600,79320.22
1788109200,79011.74
1788112800,79028.05
1788116400,78856.11
1788120000,78582.30
1788123600,78646.77
1788127200,78424.40
1788130800,77678.62
1788134400,77921.52
1788138000,77626.25
1788141600,77457.35
1788145200,77744.83
1788148800,77603.90
1788152400,78012.15
1788156000,78070.60
1788159600,78178.98
1788163200,78459.80
1788166800,78493.31
1788170400,78675.62
1788174000,78286.97
1788177600,77903.89
1788181200,77818.71
1788184800,78548.51
1788188400,78561.63
1788192000,78616.64
1788195600,78890.15
1788199200,79003.95
1788202800,78871.51
1788206400,78842.69
1788210000,78945.76
1788213600,78568.33
1788217200,78561.23
1788220800,78628.03
1788224400,78377.17
1788228000,78422.46
1788231600,78653.93
1788235200,78704.49
1788238800,79159.08
1788242400,78709.29
1788246000,78609.93
1788249600,77858.36
1788253200,77886.01
1788256800,77989.08
1788260400,78061.72
1788264000,77968.98
1788267600,78038.91
1788271200,78133.71
1788274800,77881.42
1788278400,77565.44
1788282000,77229.79
1788285600,77125.59
1788289200,77269.54
1788292800,77404.85
1788296400,77166.59
1788300000,77224.98
1788303600,77398.62
1788307200,77171.56
1788310800,76965.74
1788314400,77277.16
1788318000,77512.45
1788321600,77516.75
1788325200,77605.40
1788328800,77573.69
1788332400,77436.23
1788336000,76797.64
1788339600,76711.07
1788343200,76636.77
1788346800,76778.49
1788350400,76567.94
1788354000,77112.64
1788357600,77025.33
1788361200,77253.04
1788364800,77139.94
1788368400,77351.46
1788372000,77348.28
1788375600,77310.00
1788379200,77378.11
1788382800,77264.88
1788386400,77003.60
1788390000,77307.36
1788393600,77029.10
1788397200,77321.27
1788400800,77783.09
1788404400,77673.96
1788408000,77740.70
1788411600,77781.09
1788415200,77797.99
1788418800,77621.71
1788422400,77803.13
1788426000,77572.94
1788429600,77708.61
1788433200,77910.27
1788436800,78621.29
1788440400,78815.74
1788444000,80550.01
1788447600,81358.21
1788451200,80973.95
1788454800,81052.49
1788458400,81268.42
1788462000,81760.18
1788465600,81482.85
1788469200,81626.63
1788472800,81155.57
1788476400,81270.83
1788480000,80977.31
1788483600,80975.30
1788487200,80830.48
1788490800,80850.50
1788494400,81071.89
1788498000,80983.20
1788501600,80791.36
1788505200,80650.84
1788508800,81140.05
1788512400,81045.22
1788516000,81179.10
1788519600,81220.54
1788523200,79444.78
1788526800,79362.28
1788530400,78908.50
1788534000,79422.96
1788537600,79747.97
1788541200,79469.85
1788544800,79617.92
1788548400,79814.50
1788552000,79718.63
1788555600,79654.12
1788559200,79654.10
1788562800,79675.11
1788566400,79596.24
1788570000,79551.01
1788573600,79584.50
1788577200,79596.26
1788580800,79511.01
1788584400,79590.33
1788588000,79660.93
1788591600,79726.81
1788595200,79653.30
1788598800,79634.99
1788602400,79621.14
1788606000,79621.92
1788609600,79710.73
1788613200,79624.52
1788616800,79723.20
1788620400,79802.01
1788624000,80042.96
1788627600,80069.71
1788631200,80000.02
1788634800,79753.22
1788638400,79740.08
1788642000,79911.99
1788645600,79790.37
1788649200,79840.60
1788652800,79872.23
1788656400,79954.31
1788660000,79907.01
1788663600,80031.87
1788667200,79867.76
1788670800,79989.69
1788674400,79771.83
1788678000,79810.06
1788681600,79844.48
1788685200,79890.48
1788688800,80000.62
1788692400,79922.99
1788696000,79920.46
1788699600,79831.38
1788703200,79538.49
1788706800,79707.65
1788710400,79679.22
1788714000,79741.19
1788717600,79941.88
1788721200,79825.48
1788724800,79892.26
1788728400,79945.16
1788732000,80048.74
1788735600,80339.13
1788739200,80145.01
1788742800,79917.78
1788746400,79862.50
1788750000,79580.52
1788753600,79708.49
1788757200,79740.20
1788760800,79645.51
1788764400,79379.94
1788768000,79417.85
1788771600,79301.31
1788775200,79350.65
1788778800,79409.13
1788782400,79597.75
1788786000,79344.85
1788789600,79184.13
1788793200,78801.39
1788796800,79010.98
1788800400,79170.00
1788804000,79195.02
1788807600,79352.21
1788811200,79220.54
1788814800,79139.49
1788818400,78929.93
1788822000,79091.97
1788825600,79293.38
1788829200,79410.60
1788832800,78914.55
1788836400,78875.22
1788840000,78649.87
1788843600,78556.79
1788847200,78299.28
1788850800,78451.08
1788854400,78380.62
1788858000,78732.88
1788861600,78540.37
1788865200,78401.88
1788868800,78414.22
1788872400,77933.05
1788876000,78537.73
1788879600,78899.99
1788883200,78730.82
1788886800,78493.18
1788890400,78423.59
1788894000,78437.10
1788897600,78482.45
1788901200,78485.85
1788904800,78545.41
1788908400,78446.88
1788912000,78765.50
1788915600,78879.70
1788919200,78717.17
1788922800,78619.71
1788926400,79159.11
1788930000,78921.79
1788933600,79150.25
1788937200,79258.80
1788940800,79695.39
1788944400,78940.00
1788948000,78901.76
1788951600,79294.26
1788955200,79580.00
1788958800,79119.23
1788962400,78941.83
1788966000,78576.41
1788969600,78783.18
1788973200,78754.88
1788976800,78399.34
1788980400,78211.26
1788984000,78303.57
1788987600,78124.76
1788991200,77897.60
1788994800,78291.16
1788998400,78151.72
1789002000,78070.41
1789005600,78326.10
1789009200,78297.15
1789012800,78368.72
1789016400,78500.05
1789020000,78394.43
1789023600,78079.51
1789027200,78085.45
1789030800,77967.56
1789034400,77832.27
1789038000,77810.36
1789041600,76867.24
1789045200,77145.03
1789048800,77390.80
1789052400,77218.74
1789056000,77160.25
1789059600,77294.26
1789063200,77218.60
1789066800,77119.57
1789070400,77239.01
1789074000,77112.18
1789077600,76807.11
1789081200,76531.96
1789084800,76875.52
1789088400,76949.10
1789092000,76813.67
1789095600,76863.66
1789099200,77086.00
1789102800,77225.29
1789106400,77268.86
1789110000,77199.53
1789113600,77337.07
1789117200,77013.96
1789120800,76970.40
1789124400,77014.88
1789128000,78001.95
1789131600,79238.18
1789135200,78783.22
1789138800,77694.35
1789142400,77904.12
1789146000,77505.18
1789149600,77033.98
1789153200,77256.62
1789156800,77329.36
1789160400,77106.23
1789164000,77121.61
1789167600,77208.64
1789171200,77271.11
1789174800,77250.02
1789178400,77278.13
1789182000,77259.23
1789185600,77206.75
1789189200,77200.00
1789192800,77279.05
1789196400,77257.00
1789200000,77340.73
1789203600,77336.02
1789207200,77311.71
1789210800,77339.80
1789214400,77319.45
1789218000,77351.60
1789221600,77438.65
1789225200,77363.97
1789228800,77337.97
1789232400,77191.42
1789236000,77126.28
1789239600,77105.43
1789243200,77152.68
1789246800,77240.79
1789250400,77219.86
1789254000,77266.42
1789257600,77252.96
1789261200,77299.53
1789264800,77268.02
1789268400,77176.07
1789272000,77187.43
1789275600,77291.43
1789279200,77099.74
1789282800,77100.18
1789286400,76778.02
1789290000,76766.09
1789293600,76623.93
1789297200,76759.13
1789300800,76730.14
1789304400,76818.08
1789308000,77177.82
1789311600,77105.27
1789315200,77256.65
1789318800,77298.59
1789322400,77312.34
1789326000,77253.72
1789329600,77313.47
1789333200,77280.58
1789336800,76676.04
1789340400,76799.85
1789344000,76767.40
1789347600,77076.83
1789351200,77569.13
1789354800,77566.50
1789358400,77646.45
1789362000,77574.55
1789365600,77557.56
1789369200,77855.50
1789372800,77705.03
1789376400,78101.09
1789380000,77867.45
1789383600,77736.42
1789387200,77659.24
1789390800,78159.06
1789394400,78502.71
1789398000,78552.44
1789401600,78752.83
1789405200,78941.80
1789408800,79219.79
1789412400,78973.12
1789416000,79089.38
1789419600,78742.70
1789423200,78541.29
1789426800,78192.45
1789430400,77938.06
1789434000,77893.87
1789437600,77886.79
1789441200,77636.41
1789444800,77547.75
1789448400,77609.07
1789452000,77261.83
1789455600,76879.48
1789459200,76955.06
1789462800,76946.72
1789466400,77014.59
1789470000,76895.19
1789473600,76924.93
1789477200,76568.06
1789480800,75853.89
1789484400,76467.99
1789488000,76338.85
1789491600,76907.85
1789495200,75945.39
1789498800,76124.69
1789502400,75871.40
1789506000,75414.73
1789509600,75611.00
1789513200,75584.18
1789516800,75712.21
1789520400,75434.59
1789524000,75824.85
1789527600,75755.42
1789531200,75796.34
1789534800,75900.46
1789538400,75969.00
1789542000,75693.53
1789545600,75670.39
1789549200,75924.05
1789552800,75885.51
1789556400,76182.14
1789560000,75902.30
1789563600,75582.09
1789567200,75618.98
1789570800,75729.31
1789574400,75701.61
1789578000,75734.09
1789581600,75538.70
1789585200,76010.21
1789588800,76102.97
1789592400,75907.46
1789596000,75620.08
1789599600,76143.96
1789603200,76273.32
1789606800,76295.31
1789610400,76303.74
1789614000,76364.56
1789617600,76463.11
1789621200,76250.98
1789624800,76402.92
1789628434,76412.29
